#VRML V2.0 utf8
# 3D model generated by easyeda2kicad.py (https://github.com/uPesy/easyeda2kicad.py)

Shape{
    appearance Appearance {
        material  Material 	{
            diffuseColor 0.6666666666666666 0.6666666666666666 0.6666666666666666
            specularColor 0.4666666666666667 0.4666666666666667 0.4666666666666667
            ambientIntensity 0.6667
            transparency 0.0
            shininess 0.5
        }
    }
    geometry IndexedFaceSet {
        ccw TRUE
        solid FALSE
        coord DEF co Coordinate {
            point [
                1.0629 -0.0082 0.0, 1.0629 -1.063 0.0, 0.02 -1.063 0.0, 0.0048 -0.0431 0.0, 0.009 -0.0417 0.0, 0.0197 -0.0466 0.0, -0.019 -0.0288 0.0, -0.0174 -0.0334 0.0, -0.0196 -0.0614 0.0, 0.0197 -0.0523 0.0, 0.02 -0.0082 0.0, -0.0196 -0.0231 0.0, -1.063 -0.9252 0.0, -0.0196 -0.012 0.0, -1.063 -0.0082 0.0, 0.0197 -0.0821 0.0, 0.0197 -0.0763 0.0, 0.0125 -0.0395 0.0, 0.0156 -0.0362 0.0, 0.018 -0.0321 0.0, 0.0087 -0.0723 0.0, 0.0087 -0.0561 0.0, -0.0145 -0.0377 0.0, -0.0145 -0.0377 0.0, -0.0114 -0.0405 0.0, -0.008 -0.0423 0.0, -0.0041 -0.0434 0.0, -0.0004 -0.0437 0.0, 0.0193 -0.0276 0.0, 0.0197 -0.0227 0.0, 0.0197 -0.012 0.0, -0.0158 0.0337 0.0, -0.0154 0.0376 0.0, 0.0138 0.0252 0.0, -0.0133 0.0245 0.0, 0.0197 0.0168 0.0, -0.0196 0.0168 0.0, -0.0153 -0.0034 0.0, -0.0153 0.0115 0.0, -0.0023 0.0115 0.0, -0.0023 -0.0024 0.0, 0.002 -0.0024 0.0, 0.0164 0.0472 0.0, 0.0133 0.0501 0.0, 0.0197 0.0571 0.0, -0.0152 0.0289 0.0, 0.0134 0.0245 0.0, -0.0196 -0.0034 0.0, -1.063 1.063 0.0, 0.02 1.063 0.0, 0.0197 0.0773 0.0, -0.0196 0.0773 0.0, -0.0196 0.072 0.0, -0.0093 0.0517 0.0, -0.0129 0.0494 0.0, -0.0164 0.0458 0.0, -0.0185 0.0421 0.0, 0.0154 0.0571 0.0, 0.0095 0.0522 0.0, 0.0154 0.072 0.0, -0.0198 0.0377 0.0, -0.0201 0.0338 0.0, -0.0198 0.029 0.0, -0.0185 0.0245 0.0, 0.02 0.0376 0.0, 0.0197 0.0402 0.0, 0.0184 0.044 0.0, -0.0143 0.0405 0.0, -0.0125 0.0433 0.0, -0.0098 0.0456 0.0, 0.0005 0.0485 0.0, 0.0047 0.0481 0.0, 0.0081 0.047 0.0, 0.0155 0.0383 0.0, 0.0159 0.0346 0.0, 0.0144 0.0411 0.0, 0.0128 0.0436 0.0, 0.0109 0.0454 0.0, 0.0153 0.0294 0.0, 0.0194 0.0287 0.0, 0.02 0.0327 0.0, -0.0068 0.0473 0.0, -0.0026 0.0483 0.0, 0.002 0.0115 0.0, 0.0154 0.0115 0.0, 0.0154 -0.0043 0.0, 0.0197 -0.0043 0.0, 0.0177 0.0245 0.0, 0.0054 0.0534 0.0, 0.0008 0.0538 0.0, -0.0048 0.0532 0.0, 0.0202 0.0353 0.0, 1.0629 1.063 0.0, 0.0202 0.0343 0.0, -0.9252 -1.063 0.0, -0.0196 -0.0667 0.0
            ]
        }
        coordIndex [
            0,1,2,-1,3,4,5,-1,6,7,8,-1,9,5,10,-1,11,12,13,-1,13,12,14,-1,13,14,10,-1,15,16,10,-1,4,17,5,-1,5,17,18,-1,5,18,19,-1,10,16,9,-1,9,16,20,-1,9,20,21,-1,7,22,8,-1,8,22,23,-1,8,23,24,-1,24,25,8,-1,8,25,26,-1,8,26,5,-1,5,26,27,-1,5,27,3,-1,19,28,5,-1,5,28,29,-1,5,29,10,-1,10,29,30,-1,10,30,13,-1,31,32,33,-1,34,35,36,-1,37,38,39,-1,40,41,10,-1,42,43,44,-1,31,33,45,-1,45,33,46,-1,45,46,34,-1,39,40,37,-1,37,40,10,-1,37,10,47,-1,47,10,14,-1,47,14,36,-1,36,14,48,-1,49,50,48,-1,48,50,51,-1,48,51,52,-1,53,54,52,-1,52,54,55,-1,52,55,56,-1,44,43,57,-1,57,43,58,-1,57,58,59,-1,56,60,52,-1,52,60,61,-1,52,61,48,-1,48,61,62,-1,48,62,36,-1,36,62,63,-1,36,63,34,-1,64,65,44,-1,44,65,66,-1,44,66,42,-1,32,67,33,-1,33,67,68,-1,33,68,69,-1,70,71,33,-1,33,71,72,-1,73,74,75,-1,75,74,76,-1,72,77,33,-1,33,77,76,-1,33,76,78,-1,78,76,74,-1,79,80,35,-1,35,80,10,-1,69,81,33,-1,33,81,82,-1,33,82,70,-1,83,84,41,-1,41,84,85,-1,41,85,10,-1,10,85,86,-1,10,86,35,-1,34,46,35,-1,35,46,87,-1,35,87,79,-1,58,88,59,-1,59,88,89,-1,59,89,52,-1,52,89,90,-1,52,90,53,-1,44,50,64,-1,64,50,49,-1,64,49,91,-1,91,49,92,-1,91,92,93,-1,93,92,0,-1,93,0,80,-1,80,0,10,-1,10,0,2,-1,10,2,15,-1,15,2,94,-1,15,94,95,-1,95,94,12,-1,95,12,8,-1,8,12,11,-1,8,11,6,-1,
        ]
    }
}
Shape{
    appearance Appearance {
        material  Material 	{
            diffuseColor 0.20784313725490197 0.20784313725490197 0.20784313725490197
            specularColor 0.01568627450980392 0.01568627450980392 0.01568627450980392
            ambientIntensity 0.298
            transparency 0.0
            shininess 0.5
        }
    }
    geometry IndexedFaceSet {
        ccw TRUE
        solid FALSE
        coord DEF co Coordinate {
            point [
                -1.1418 -1.6535 0.0197, -1.1418 -1.7716 0.0197, -1.2205 -1.7716 0.0197, -1.2701 1.6155 0.0197, -1.2599 1.6142 0.0197, -1.063 1.063 0.0197, 0.7772 1.6155 0.0197, 0.7874 1.6142 0.0197, 1.0629 1.063 0.0197, 1.4173 -1.6142 0.0197, 1.4071 -1.6155 0.0197, 1.0629 -1.063 0.0197, -0.4725 -1.6142 0.0197, -0.4827 -1.6155 0.0197, -0.9252 -1.063 0.0197, 0.602 1.6257 0.0197, 0.6102 1.6195 0.0197, 0.4921 1.6195 0.0197, -1.6156 -0.6401 0.0197, -1.6142 -0.6299 0.0197, -1.063 -0.9252 0.0197, -1.6156 -1.4275 0.0197, -1.6142 -1.4173 0.0197, -1.4276 -1.6155 0.0197, 1.4275 -1.6155 0.0197, 0.9448 -1.6142 0.0197, 0.9346 -1.6155 0.0197, 0.3251 1.6155 0.0197, 0.3346 1.6195 0.0197, 0.6496 1.6195 0.0197, 0.6401 1.6155 0.0197, 0.6299 1.6142 0.0197, -1.6156 -0.0102 0.0197, -1.6142 0.0 0.0197, -1.4174 -1.6142 0.0197, 1.0921 -1.6155 0.0197, 1.1023 -1.6142 0.0197, 1.1125 -1.6155 0.0197, 1.6433 1.4554 0.0197, 1.7716 1.7717 0.0197, 1.6535 1.4567 0.0197, 1.7716 1.4567 0.0197, 1.6194 0.8071 0.0197, 1.6155 0.7976 0.0197, 1.6155 0.0102 0.0197, 1.6141 0.0 0.0197, 1.6194 -0.8071 0.0197, 1.6257 -0.8152 0.0197, 1.6155 -0.9347 0.0197, 1.6141 -0.9449 0.0197, 1.6155 -0.9551 0.0197, -1.4554 1.6434 0.0197, -1.7717 1.7717 0.0197, -1.4567 1.6536 0.0197, -1.4567 1.7717 0.0197, -1.4515 1.6339 0.0197, -1.4452 1.6257 0.0197, -1.4371 1.6195 0.0197, -1.4276 1.6155 0.0197, 0.2952 1.6195 0.0197, 0.3047 1.6155 0.0197, 0.3149 1.6142 0.0197, -1.6434 -1.1404 0.0197, -1.7717 -1.2205 0.0197, -1.6536 -1.1417 0.0197, -1.7717 -1.1417 0.0197, -1.4567 -1.6535 0.0197, -1.4567 -1.7716 0.0197, -1.6434 -1.4553 0.0197, 1.4553 -1.6433 0.0197, 1.7716 -1.7716 0.0197, 1.4566 -1.6535 0.0197, 1.4566 -1.7716 0.0197, 1.27 -1.6155 0.0197, 1.2598 -1.6142 0.0197, 1.2496 -1.6155 0.0197, 0.807 -1.6194 0.0197, 0.7975 -1.6155 0.0197, 0.1574 -1.6142 0.0197, 0.1472 -1.6155 0.0197, 1.6194 1.437 0.0197, 1.6257 1.4452 0.0197, 1.6338 1.4514 0.0197, 1.6155 -0.7976 0.0197, -1.4174 1.6142 0.0197, -1.4072 1.6155 0.0197, -1.3977 1.6195 0.0197, -1.2877 1.6257 0.0197, -1.2796 1.6195 0.0197, -1.2497 1.6155 0.0197, -1.2402 1.6195 0.0197, -1.2321 1.6257 0.0197, -0.4922 1.6195 0.0197, -0.4827 1.6155 0.0197, 0.1853 1.6257 0.0197, 0.1915 1.6339 0.0197, 0.1377 1.6195 0.0197, 0.1472 1.6155 0.0197, 0.0196 1.6195 0.0197, 0.1574 1.6142 0.0197, 0.0101 1.6155 0.0197, 0.5002 1.6257 0.0197, 0.5065 1.6339 0.0197, 0.5918 1.6434 0.0197, 0.7595 1.6257 0.0197, 0.6577 1.6257 0.0197, 0.664 1.6339 0.0197, 0.6679 1.6434 0.0197, 0.7533 1.6339 0.0197, 0.8152 1.6257 0.0197, 0.8214 1.6339 0.0197, 0.9251 1.6195 0.0197, 0.955 1.6155 0.0197, 0.9645 1.6195 0.0197, 1.0921 1.6155 0.0197, 1.1023 1.6142 0.0197, 1.1125 1.6155 0.0197, 1.122 1.6195 0.0197, -1.6195 -1.122 0.0197, -1.6258 -1.1302 0.0197, -1.6339 -1.1364 0.0197, -1.2205 -1.6535 0.0197, -1.2219 -1.6433 0.0197, -1.2258 -1.6338 0.0197, -1.2599 -1.6142 0.0197, -1.2701 -1.6155 0.0197, -0.6402 -1.6155 0.0197, -0.63 -1.6142 0.0197, -0.6198 -1.6155 0.0197, -0.9551 -1.6155 0.0197, -0.9449 -1.6142 0.0197, -0.9347 -1.6155 0.0197, 1.6155 1.4275 0.0197, 1.6141 1.4173 0.0197, 1.6155 1.4071 0.0197, 1.6141 0.7874 0.0197, 1.6155 0.7772 0.0197, 1.6141 0.6299 0.0197, 1.6194 0.7677 0.0197, 1.6155 0.6401 0.0197, 1.6155 -0.4826 0.0197, 1.6194 -0.4921 0.0197, -1.1024 1.6142 0.0197, -1.0922 1.6155 0.0197, -0.9728 1.6257 0.0197, -0.9646 1.6195 0.0197, -0.9551 1.6155 0.0197, -0.9449 1.6142 0.0197, -0.1772 1.6195 0.0197, -0.1677 1.6155 0.0197, -0.1575 1.6142 0.0197, -0.1473 1.6155 0.0197, 0.1194 1.6434 0.0197, 0.1233 1.6339 0.0197, 0.034 1.6339 0.0197, 0.5958 1.6339 0.0197, 0.7677 1.6195 0.0197, 0.7975 1.6155 0.0197, 0.807 1.6195 0.0197, 1.4566 1.7717 0.0197, 1.4566 1.6536 0.0197, 1.4553 1.6434 0.0197, -1.6156 -1.1125 0.0197, -1.6142 -1.1024 0.0197, -1.6156 -1.0922 0.0197, -1.6258 -0.8152 0.0197, -1.6195 -0.8071 0.0197, -1.6156 -0.7976 0.0197, -1.6142 -0.7874 0.0197, -1.2321 -1.6257 0.0197, -1.2402 -1.6194 0.0197, -1.2497 -1.6155 0.0197, -1.6536 -1.2205 0.0197, -1.6442 -1.2216 0.0197, -1.6145 -1.2551 0.0197, -1.6168 -1.2459 0.0197, 0.9727 -1.6257 0.0197, 0.9645 -1.6194 0.0197, 0.955 -1.6155 0.0197, 0.917 -1.6257 0.0197, 0.9107 -1.6338 0.0197, 0.8254 -1.6433 0.0197, 0.8152 -1.6257 0.0197, 0.6299 -1.6142 0.0197, 0.6197 -1.6155 0.0197, 0.1771 -1.6194 0.0197, 0.1676 -1.6155 0.0197, 0.2808 -1.6338 0.0197, -0.7773 -1.6155 0.0197, -0.7875 -1.6142 0.0197, -0.7976 -1.6155 0.0197, -1.0746 -1.6257 0.0197, -1.0827 -1.6194 0.0197, -1.1126 -1.6155 0.0197, -1.1221 -1.6194 0.0197, 1.6338 0.664 0.0197, 1.6257 0.6578 0.0197, 1.6194 0.6496 0.0197, 1.6155 -0.0102 0.0197, 1.6194 -0.0197 0.0197, 1.6257 -0.4446 0.0197, 1.6144 -0.3197 0.0197, 1.6338 -0.4383 0.0197, 1.6167 -0.3289 0.0197, 1.6433 -0.4344 0.0197, 1.6211 -0.3373 0.0197, 1.6274 -0.3444 0.0197, 1.6257 -0.7596 0.0197, 1.6144 -0.6347 0.0197, 1.6338 -0.7533 0.0197, 1.6167 -0.6439 0.0197, 1.6433 -0.7494 0.0197, 1.6211 -0.6523 0.0197, 1.6274 -0.6594 0.0197, 1.6155 -0.1677 0.0197, 1.6194 -0.1772 0.0197, 1.6257 -1.232 0.0197, 1.6194 -1.2401 0.0197, 1.6155 -1.2496 0.0197, 1.6141 -1.2598 0.0197, 1.6155 -1.27 0.0197, -1.3895 1.6257 0.0197, -1.3833 1.6339 0.0197, -1.294 1.6339 0.0197, -1.2979 1.6434 0.0197, -1.1365 1.6339 0.0197, -1.1303 1.6257 0.0197, -1.2219 1.6434 0.0197, -1.1221 1.6195 0.0197, -1.2258 1.6339 0.0197, -1.1126 1.6155 0.0197, -0.3347 1.6195 0.0197, -0.4528 1.6195 0.0197, -0.4447 1.6257 0.0197, -0.0279 1.6257 0.0197, -0.0197 1.6195 0.0197, -0.1378 1.6195 0.0197, -0.0102 1.6155 0.0197, -0.0001 1.6142 0.0197, 0.0278 1.6257 0.0197, 0.1296 1.6257 0.0197, 0.3427 1.6257 0.0197, 0.4383 1.6339 0.0197, 0.349 1.6339 0.0197, 0.3529 1.6434 0.0197, 0.4446 1.6257 0.0197, 0.4527 1.6195 0.0197, 0.4622 1.6155 0.0197, 0.4724 1.6142 0.0197, 0.9448 1.6142 0.0197, 1.1302 1.6257 0.0197, 1.2401 1.6195 0.0197, 1.3894 1.6257 0.0197, 1.3976 1.6195 0.0197, 1.4275 1.6155 0.0197, 1.437 1.6195 0.0197, 1.4451 1.6257 0.0197, 1.4514 1.6339 0.0197, -1.6339 -0.7533 0.0197, -1.6434 -0.7494 0.0197, -1.6339 -0.664 0.0197, -1.6258 -0.6578 0.0197, -1.6195 -0.6496 0.0197, -1.3793 -1.6433 0.0197, -1.3833 -1.6338 0.0197, -1.6536 -1.4567 0.0197, -1.7717 -1.7716 0.0197, -1.7717 -1.4567 0.0197, -1.6145 -1.2646 0.0197, -1.6212 -1.2375 0.0197, -1.6275 -1.2304 0.0197, -1.6353 -1.225 0.0197, -1.6536 -1.3779 0.0197, -1.7717 -1.3779 0.0197, -1.7717 -1.2992 0.0197, -1.6339 -1.3832 0.0197, -1.6168 -1.2738 0.0197, -1.6434 -1.3793 0.0197, -1.6212 -1.2822 0.0197, -1.6275 -1.2893 0.0197, 1.4514 -1.6338 0.0197, 1.4451 -1.6257 0.0197, 1.437 -1.6194 0.0197, 1.3976 -1.6194 0.0197, 1.2978 -1.6433 0.0197, 1.3894 -1.6257 0.0197, 1.3832 -1.6338 0.0197, 1.3779 -1.6535 0.0197, 1.3779 -1.7716 0.0197, 1.2992 -1.7716 0.0197, 1.2939 -1.6338 0.0197, 1.2876 -1.6257 0.0197, 1.2795 -1.6194 0.0197, 0.9829 -1.6433 0.0197, 1.0745 -1.6257 0.0197, 1.0682 -1.6338 0.0197, 1.0629 -1.6535 0.0197, 1.0629 -1.7716 0.0197, 0.9842 -1.7716 0.0197, 0.9789 -1.6338 0.0197, 1.0826 -1.6194 0.0197, 0.2871 -1.6257 0.0197, -0.6103 -1.6194 0.0197, -0.6021 -1.6257 0.0197, -1.0644 -1.6433 0.0197, -0.9728 -1.6257 0.0197, -0.979 -1.6338 0.0197, -0.9843 -1.6535 0.0197, -0.9843 -1.7716 0.0197, -1.063 -1.7716 0.0197, -1.0683 -1.6338 0.0197, -0.9646 -1.6194 0.0197, -1.0922 -1.6155 0.0197, -1.1024 -1.6142 0.0197, 1.6194 1.1221 0.0197, 1.6155 1.1126 0.0197, 1.6141 1.1024 0.0197, 1.6155 1.0922 0.0197, 1.6257 0.7596 0.0197, 1.6338 0.7533 0.0197, 1.6433 0.7494 0.0197, 1.6433 -0.9068 0.0197, 1.6338 -0.9108 0.0197, 1.6257 -0.917 0.0197, 1.6194 -0.9252 0.0197, 1.6144 -1.4126 0.0197, 1.6144 -1.4221 0.0197, -0.9108 1.6339 0.0197, -0.9069 1.6434 0.0197, -0.8153 1.6257 0.0197, -0.7976 1.6155 0.0197, -0.8071 1.6195 0.0197, -0.7534 1.6339 0.0197, -0.6497 1.6195 0.0197, -0.7596 1.6257 0.0197, -0.7678 1.6195 0.0197, 0.1676 1.6155 0.0197, 0.1771 1.6195 0.0197, 0.2769 1.6434 0.0197, 0.2808 1.6339 0.0197, 0.2871 1.6257 0.0197, 0.5118 1.6536 0.0197, 0.5118 1.7717 0.0197, 0.5905 1.7717 0.0197, 0.6197 1.6155 0.0197, 0.4826 1.6155 0.0197, 0.9346 1.6155 0.0197, 1.0745 1.6257 0.0197, 1.0826 1.6195 0.0197, 1.4071 1.6155 0.0197, 1.4173 1.6142 0.0197, -1.6156 -0.7772 0.0197, -1.6195 -0.7677 0.0197, -1.6258 -0.7596 0.0197, -1.6258 -0.3428 0.0197, -1.6195 -0.3346 0.0197, -1.6156 -0.3251 0.0197, -1.6142 -0.315 0.0197, -1.6195 0.1378 0.0197, -1.6195 0.0197 0.0197, -1.6258 0.0278 0.0197, -1.6156 0.0102 0.0197, -1.6156 0.1473 0.0197, -1.6195 0.8071 0.0197, -1.6258 0.8153 0.0197, -1.2796 -1.6194 0.0197, -1.2877 -1.6257 0.0197, -1.294 -1.6338 0.0197, -1.2993 -1.6535 0.0197, -1.2993 -1.7716 0.0197, -1.378 -1.7716 0.0197, -1.3895 -1.6257 0.0197, -1.3977 -1.6194 0.0197, -1.4072 -1.6155 0.0197, -1.6536 -1.2992 0.0197, -1.6442 -1.2981 0.0197, -1.6353 -1.2947 0.0197, 1.3792 -1.6433 0.0197, 1.2992 -1.6535 0.0197, 1.2401 -1.6194 0.0197, 1.1403 -1.6433 0.0197, 1.232 -1.6257 0.0197, 1.2257 -1.6338 0.0197, 1.0643 -1.6433 0.0197, 0.9842 -1.6535 0.0197, 0.3251 -1.6155 0.0197, 0.3149 -1.6142 0.0197, -0.315 -1.6142 0.0197, -0.3252 -1.6155 0.0197, -0.5919 -1.6433 0.0197, -0.5003 -1.6257 0.0197, -0.5066 -1.6338 0.0197, -0.4922 -1.6194 0.0197, -0.5959 -1.6338 0.0197, -0.983 -1.6433 0.0197, -1.063 -1.6535 0.0197, -1.1303 -1.6257 0.0197, -1.1365 -1.6338 0.0197, -1.1404 -1.6433 0.0197, 1.6535 1.063 0.0197, 1.7716 1.063 0.0197, 1.7716 0.9843 0.0197, 1.6257 0.3428 0.0197, 1.6194 0.3347 0.0197, 1.6155 0.3252 0.0197, 1.6257 -0.0278 0.0197, 1.6433 -0.1194 0.0197, 1.6338 -0.1234 0.0197, 1.7716 -0.3543 0.0197, 1.7716 -0.4331 0.0197, 1.6535 -0.3543 0.0197, 1.6535 -0.4331 0.0197, 1.6441 -0.3532 0.0197, 1.6352 -0.3498 0.0197, 1.7716 -0.6693 0.0197, 1.7716 -0.748 0.0197, 1.6535 -0.6693 0.0197, 1.6535 -0.748 0.0197, 1.6441 -0.6681 0.0197, 1.6352 -0.6648 0.0197, 1.7716 -0.8268 0.0197, 1.7716 -0.9055 0.0197, 1.6535 -0.8268 0.0197, 1.6535 -0.9055 0.0197, 1.6433 -0.8254 0.0197, 1.6338 -0.8215 0.0197, 1.6433 -1.2218 0.0197, 1.6211 -1.1247 0.0197, 1.6274 -1.1318 0.0197, 1.6535 -1.2992 0.0197, 1.7716 -1.2992 0.0197, 1.7716 -1.3779 0.0197, -1.378 1.6536 0.0197, -1.378 1.7717 0.0197, -1.2993 1.7717 0.0197, -1.2205 1.7717 0.0197, -1.1418 1.7717 0.0197, -1.2205 1.6536 0.0197, -1.1418 1.6536 0.0197, -1.1404 1.6434 0.0197, -1.0827 1.6195 0.0197, -1.0746 1.6257 0.0197, -1.0683 1.6339 0.0197, -0.979 1.6339 0.0197, -0.983 1.6434 0.0197, -0.4725 1.6142 0.0197, -0.4623 1.6155 0.0197, -0.1916 1.6339 0.0197, -0.2953 1.6195 0.0197, -0.1956 1.6434 0.0197, -0.2872 1.6257 0.0197, -0.2809 1.6339 0.0197, -0.4384 1.6339 0.0197, -0.4345 1.6434 0.0197, -0.3428 1.6257 0.0197, -0.3491 1.6339 0.0197, 0.5104 1.6434 0.0197, 0.5905 1.6536 0.0197, 0.6692 1.7717 0.0197, 0.748 1.7717 0.0197, 0.6692 1.6536 0.0197, 0.748 1.6536 0.0197, 0.7493 1.6434 0.0197, 1.1364 1.6339 0.0197, 1.1403 1.6434 0.0197, 1.232 1.6257 0.0197, 1.2257 1.6339 0.0197, 1.2496 1.6155 0.0197, 1.2598 1.6142 0.0197, -1.6536 -1.063 0.0197, -1.7717 -1.063 0.0197, -1.7717 -0.9842 0.0197, -1.6145 -0.4772 0.0197, -1.6339 -0.5958 0.0197, -1.6168 -0.4864 0.0197, -1.6434 -0.5919 0.0197, -1.6212 -0.4948 0.0197, -1.6275 -0.5019 0.0197, -1.6339 -0.0341 0.0197, -1.6258 -0.0278 0.0197, -1.6195 -0.0197 0.0197, -1.6156 0.7976 0.0197, -1.6156 0.9347 0.0197, -1.6142 0.9449 0.0197, -1.6156 0.9551 0.0197, -1.2979 -1.6433 0.0197, -1.378 -1.6535 0.0197, -1.6156 -1.4071 0.0197, -1.6195 -1.3976 0.0197, -1.6258 -1.3895 0.0197, 1.2204 -1.6535 0.0197, 1.2204 -1.7716 0.0197, 1.1417 -1.7716 0.0197, 1.1364 -1.6338 0.0197, 1.1302 -1.6257 0.0197, 1.122 -1.6194 0.0197, 0.9055 -1.6535 0.0197, 0.9055 -1.7716 0.0197, 0.8267 -1.7716 0.0197, 0.8214 -1.6338 0.0197, 0.9251 -1.6194 0.0197, 0.7874 -1.6142 0.0197, 0.7772 -1.6155 0.0197, 0.3047 -1.6155 0.0197, 0.2952 -1.6194 0.0197, -0.0279 -1.6257 0.0197, -0.0197 -1.6194 0.0197, -0.0102 -1.6155 0.0197, -0.6497 -1.6194 0.0197, -0.7494 -1.6433 0.0197, -0.6578 -1.6257 0.0197, -0.6641 -1.6338 0.0197, -0.7534 -1.6338 0.0197, -0.7596 -1.6257 0.0197, -0.7678 -1.6194 0.0197, 1.6144 0.9496 0.0197, 1.6144 0.9401 0.0197, 1.6535 0.9843 0.0197, 1.6441 0.9831 0.0197, 1.6433 1.0643 0.0197, 1.6352 0.9798 0.0197, 1.6274 0.9744 0.0197, 1.6144 0.4772 0.0197, 1.6338 0.5958 0.0197, 1.6167 0.4864 0.0197, 1.6433 0.5919 0.0197, 1.6211 0.4948 0.0197, 1.6274 0.5019 0.0197, 1.6338 0.0341 0.0197, 1.6257 0.0278 0.0197, 1.6194 0.0197 0.0197, 1.6274 0.187 0.0197, 1.6211 0.1799 0.0197, 1.6433 0.2769 0.0197, 1.6167 0.1715 0.0197, 1.6338 0.2809 0.0197, 1.6144 0.1622 0.0197, 1.6257 0.2871 0.0197, 1.6257 -0.1296 0.0197, 1.6194 -0.1378 0.0197, 1.6155 -0.1473 0.0197, 1.6141 -0.1575 0.0197, 1.6257 -0.1853 0.0197, 1.6338 -0.1916 0.0197, 1.6433 -0.1955 0.0197, 1.6257 -0.5003 0.0197, 1.6338 -0.5065 0.0197, 1.6433 -0.5105 0.0197, 1.6167 -1.1163 0.0197, 1.6338 -1.2257 0.0197, 1.6144 -1.1071 0.0197, 1.6535 -0.9842 0.0197, 1.7716 -0.9842 0.0197, 1.7716 -1.063 0.0197, 1.6274 -1.3878 0.0197, 1.6211 -1.3949 0.0197, 1.6433 -1.2979 0.0197, 1.6167 -1.4034 0.0197, 1.6338 -1.2939 0.0197, 1.6257 -1.2877 0.0197, 1.6194 -1.2795 0.0197, 1.6352 -1.4522 0.0197, 1.6441 -1.4555 0.0197, 1.6535 -1.4567 0.0197, 1.7716 -1.4567 0.0197, 1.6535 -1.3779 0.0197, 1.6441 -1.3791 0.0197, 1.6352 -1.3825 0.0197, -1.3793 1.6434 0.0197, -1.2993 1.6536 0.0197, -0.9347 1.6155 0.0197, -0.9252 1.6195 0.0197, -0.9171 1.6257 0.0197, -0.7875 1.6142 0.0197, -0.7773 1.6155 0.0197, -0.5066 1.6339 0.0197, -0.6103 1.6195 0.0197, -0.5105 1.6434 0.0197, -0.6021 1.6257 0.0197, -0.5959 1.6339 0.0197, -0.1854 1.6257 0.0197, -0.3048 1.6155 0.0197, -0.315 1.6142 0.0197, -0.3252 1.6155 0.0197, 0.1968 1.6536 0.0197, 0.1968 1.7717 0.0197, 0.2755 1.7717 0.0197, 0.0393 1.6536 0.0197, 0.0393 1.7717 0.0197, 0.1181 1.7717 0.0197, 0.8267 1.6536 0.0197, 0.8267 1.7717 0.0197, 0.9055 1.7717 0.0197, 0.9727 1.6257 0.0197, 0.9789 1.6339 0.0197, 1.0682 1.6339 0.0197, 1.0643 1.6434 0.0197, 1.27 1.6155 0.0197, 1.2795 1.6195 0.0197, -1.6339 -0.8215 0.0197, -1.6145 -0.9401 0.0197, -1.6168 -0.9309 0.0197, -1.6536 -0.9842 0.0197, -1.6442 -0.9831 0.0197, -1.6434 -1.0643 0.0197, -1.6353 -0.9797 0.0197, -1.6275 -0.9743 0.0197, -1.6339 0.0341 0.0197, -1.6434 0.038 0.0197, -1.6258 0.1297 0.0197, -1.6339 0.1234 0.0197, -1.6258 0.7596 0.0197, -1.6145 0.6347 0.0197, -1.6339 0.7533 0.0197, -1.6168 0.6439 0.0197, -1.6434 0.7494 0.0197, -1.6212 0.6523 0.0197, -1.6275 0.6594 0.0197, -1.6142 0.1575 0.0197, -1.6156 0.1677 0.0197, -1.6195 0.1772 0.0197, -1.7717 1.4567 0.0197, -1.6536 1.4567 0.0197, -1.6434 1.4554 0.0197, -1.6195 -1.437 0.0197, -1.4371 -1.6194 0.0197, -1.6258 -1.4452 0.0197, -1.4452 -1.6257 0.0197, -1.6339 -1.4514 0.0197, -1.4515 -1.6338 0.0197, -1.4554 -1.6433 0.0197, 1.2218 -1.6433 0.0197, 1.1417 -1.6535 0.0197, 0.9068 -1.6433 0.0197, 0.8267 -1.6535 0.0197, 0.4446 -1.6257 0.0197, 0.4383 -1.6338 0.0197, 0.1955 -1.6433 0.0197, 0.1915 -1.6338 0.0197, 0.1853 -1.6257 0.0197, 0.0278 -1.6257 0.0197, 0.1377 -1.6194 0.0197, 0.1296 -1.6257 0.0197, 0.1233 -1.6338 0.0197, 0.034 -1.6338 0.0197, 0.038 -1.6433 0.0197, 0.0196 -1.6194 0.0197, 0.0101 -1.6155 0.0197, -0.0001 -1.6142 0.0197, -0.4345 -1.6433 0.0197, -0.4384 -1.6338 0.0197, -0.3491 -1.6338 0.0197, -0.6693 -1.6535 0.0197, -0.6693 -1.7716 0.0197, -0.7481 -1.7716 0.0197, -0.8071 -1.6194 0.0197, -0.9069 -1.6433 0.0197, -0.8153 -1.6257 0.0197, -0.8215 -1.6338 0.0197, -0.8268 -1.6535 0.0197, -0.8268 -1.7716 0.0197, -0.9056 -1.7716 0.0197, 1.6257 1.1302 0.0197, 1.6144 1.2551 0.0197, 1.6338 1.1365 0.0197, 1.6167 1.2459 0.0197, 1.6433 1.1404 0.0197, 1.6211 1.2375 0.0197, 1.6274 1.2304 0.0197, 1.6194 1.3976 0.0197, 1.6257 1.3895 0.0197, 1.6338 1.3832 0.0197, 1.6535 1.378 0.0197, 1.7716 1.378 0.0197, 1.7716 1.2992 0.0197, 1.6257 0.8153 0.0197, 1.6338 0.8215 0.0197, 1.6167 0.9309 0.0197, 1.6433 0.8254 0.0197, 1.6211 0.9225 0.0197, 1.6274 0.9154 0.0197, 1.6274 -0.2855 0.0197, 1.6211 -0.2926 0.0197, 1.6167 -0.301 0.0197, 1.6144 -0.3102 0.0197, 1.6194 -0.4527 0.0197, 1.6155 -0.4622 0.0197, 1.6141 -0.4724 0.0197, 1.6535 -0.1968 0.0197, 1.7716 -0.1968 0.0197, 1.7716 -0.2756 0.0197, 1.6274 -0.6004 0.0197, 1.6211 -0.6075 0.0197, 1.6167 -0.616 0.0197, 1.6144 -0.6252 0.0197, 1.6194 -0.7677 0.0197, 1.6155 -0.7772 0.0197, 1.6141 -0.7874 0.0197, 1.6535 -0.5118 0.0197, 1.7716 -0.5118 0.0197, 1.7716 -0.5905 0.0197, 1.7716 -1.1417 0.0197, 1.7716 -1.2205 0.0197, 1.6535 -1.1417 0.0197, 1.6535 -1.2205 0.0197, 1.6441 -1.1406 0.0197, 1.6352 -1.1372 0.0197, 1.6535 -1.063 0.0197, 1.6441 -1.0641 0.0197, 1.6433 -0.9829 0.0197, 1.6352 -1.0675 0.0197, 1.6274 -1.0729 0.0197, 1.6167 -1.4313 0.0197, 1.6211 -1.4397 0.0197, 1.6274 -1.4468 0.0197, -1.063 1.6536 0.0197, -1.063 1.7717 0.0197, -0.9843 1.7717 0.0197, -0.9056 1.6536 0.0197, -0.9056 1.7717 0.0197, -0.8268 1.7717 0.0197, -0.5003 1.6257 0.0197, -0.6198 1.6155 0.0197, -0.63 1.6142 0.0197, -0.6402 1.6155 0.0197, -0.2756 1.6536 0.0197, -0.2756 1.7717 0.0197, -0.1969 1.7717 0.0197, 0.1955 1.6434 0.0197, 0.2755 1.6536 0.0197, 0.038 1.6434 0.0197, 0.1181 1.6536 0.0197, 0.3543 1.7717 0.0197, 0.433 1.7717 0.0197, 0.3543 1.6536 0.0197, 0.433 1.6536 0.0197, 0.4344 1.6434 0.0197, 0.9055 1.6536 0.0197, 0.9068 1.6434 0.0197, 0.8254 1.6434 0.0197, 0.9107 1.6339 0.0197, 0.917 1.6257 0.0197, 1.2876 1.6257 0.0197, 1.2939 1.6339 0.0197, 1.3832 1.6339 0.0197, 1.3792 1.6434 0.0197, -1.6434 -0.8254 0.0197, -1.6212 -0.9225 0.0197, -1.6275 -0.9154 0.0197, -1.6195 -1.0827 0.0197, -1.6258 -1.0745 0.0197, -1.6339 -1.0683 0.0197, -1.7717 -0.748 0.0197, -1.7717 -0.6693 0.0197, -1.6536 -0.748 0.0197, -1.6536 -0.6693 0.0197, -1.6434 -0.6679 0.0197, -1.6145 -0.1622 0.0197, -1.6339 -0.2809 0.0197, -1.6168 -0.1714 0.0197, -1.6434 -0.2769 0.0197, -1.6212 -0.1798 0.0197, -1.6275 -0.1869 0.0197, -1.7717 0.0394 0.0197, -1.7717 0.1181 0.0197, -1.6536 0.0394 0.0197, -1.6536 0.1181 0.0197, -1.6434 0.1195 0.0197, -1.6156 0.4826 0.0197, -1.6195 0.4921 0.0197, -1.6434 0.9069 0.0197, -1.6339 0.8215 0.0197, -1.6195 1.3976 0.0197, -1.6156 1.4071 0.0197, -1.6142 1.4173 0.0197, -1.6156 1.4275 0.0197, -1.6195 1.437 0.0197, -1.6258 1.4452 0.0197, -1.6339 1.4514 0.0197, 0.6679 -1.6433 0.0197, 0.7595 -1.6257 0.0197, 0.7533 -1.6338 0.0197, 0.664 -1.6338 0.0197, 0.6577 -1.6257 0.0197, 0.6496 -1.6194 0.0197, 0.7677 -1.6194 0.0197, 0.6401 -1.6155 0.0197, 0.5002 -1.6257 0.0197, 0.4921 -1.6194 0.0197, 0.4826 -1.6155 0.0197, 0.3529 -1.6433 0.0197, 0.349 -1.6338 0.0197, -0.1234 -1.6338 0.0197, -0.1297 -1.6257 0.0197, -0.3347 -1.6194 0.0197, -0.3428 -1.6257 0.0197, -0.5119 -1.6535 0.0197, -0.5119 -1.7716 0.0197, -0.5906 -1.7716 0.0197, -0.668 -1.6433 0.0197, -0.7481 -1.6535 0.0197, -0.8255 -1.6433 0.0197, -0.9056 -1.6535 0.0197, -0.9108 -1.6338 0.0197, -0.9171 -1.6257 0.0197, -0.9252 -1.6194 0.0197, 1.7716 1.2205 0.0197, 1.7716 1.1417 0.0197, 1.6535 1.2205 0.0197, 1.6535 1.1417 0.0197, 1.6441 1.2216 0.0197, 1.6352 1.225 0.0197, 1.6535 1.2992 0.0197, 1.6441 1.2981 0.0197, 1.6433 1.3793 0.0197, 1.6352 1.2947 0.0197, 1.6274 1.2893 0.0197, 1.7716 0.9055 0.0197, 1.7716 0.8268 0.0197, 1.6535 0.9055 0.0197, 1.6535 0.8268 0.0197, 1.6441 0.9067 0.0197, 1.6352 0.91 0.0197, 1.6211 0.9673 0.0197, 1.6167 0.9589 0.0197, 1.6338 1.0683 0.0197, 1.6257 1.0745 0.0197, 1.6194 1.0827 0.0197, 1.7716 0.748 0.0197, 1.7716 0.6693 0.0197, 1.6535 0.748 0.0197, 1.6535 0.6693 0.0197, 1.6433 0.668 0.0197, 1.6535 0.2756 0.0197, 1.7716 0.2756 0.0197, 1.7716 0.1969 0.0197, 1.7716 -0.0394 0.0197, 1.7716 -0.1181 0.0197, 1.6535 -0.0394 0.0197, 1.6535 -0.1181 0.0197, 1.6433 -0.038 0.0197, 1.6338 -0.0341 0.0197, 1.6535 -0.2756 0.0197, 1.6441 -0.2767 0.0197, 1.6352 -0.2801 0.0197, 1.6535 -0.5905 0.0197, 1.6441 -0.5917 0.0197, 1.6352 -0.5951 0.0197, 1.6194 -0.9646 0.0197, 1.6257 -0.9727 0.0197, 1.6338 -0.979 0.0197, -1.0644 1.6434 0.0197, -0.9843 1.6536 0.0197, -0.8268 1.6536 0.0197, -0.8255 1.6434 0.0197, -0.8215 1.6339 0.0197, -0.5906 1.6536 0.0197, -0.5906 1.7717 0.0197, -0.5119 1.7717 0.0197, -0.7481 1.6536 0.0197, -0.7481 1.7717 0.0197, -0.6693 1.7717 0.0197, -0.277 1.6434 0.0197, -0.1969 1.6536 0.0197, -0.4331 1.7717 0.0197, -0.3544 1.7717 0.0197, -0.4331 1.6536 0.0197, -0.3544 1.6536 0.0197, -0.353 1.6434 0.0197, -0.1182 1.6536 0.0197, -0.1182 1.7717 0.0197, -0.0394 1.7717 0.0197, 0.9842 1.6536 0.0197, 0.9842 1.7717 0.0197, 1.0629 1.7717 0.0197, 1.1417 1.7717 0.0197, 1.2204 1.7717 0.0197, 1.1417 1.6536 0.0197, 1.2204 1.6536 0.0197, 1.2218 1.6434 0.0197, -1.7717 -0.4331 0.0197, -1.7717 -0.3543 0.0197, -1.6536 -0.4331 0.0197, -1.6536 -0.3543 0.0197, -1.6442 -0.4342 0.0197, -1.6434 -0.353 0.0197, -1.6353 -0.4376 0.0197, -1.6275 -0.443 0.0197, -1.6145 -0.4677 0.0197, -1.6168 -0.4585 0.0197, -1.6536 -0.5905 0.0197, -1.7717 -0.5905 0.0197, -1.7717 -0.5118 0.0197, -1.6168 -0.1435 0.0197, -1.6212 -0.1351 0.0197, -1.6434 -0.038 0.0197, -1.6275 -0.128 0.0197, -1.7717 -0.1181 0.0197, -1.7717 -0.0394 0.0197, -1.6536 -0.1181 0.0197, -1.6536 -0.0394 0.0197, -1.6442 -0.1192 0.0197, -1.6353 -0.1226 0.0197, -1.7717 0.6693 0.0197, -1.7717 0.748 0.0197, -1.6536 0.6693 0.0197, -1.6536 0.748 0.0197, -1.6442 0.6682 0.0197, -1.6353 0.6648 0.0197, -1.6536 0.8268 0.0197, -1.7717 0.8268 0.0197, -1.7717 0.9055 0.0197, -1.6339 0.9108 0.0197, -1.6258 0.9171 0.0197, -1.6195 0.9252 0.0197, 0.5104 -1.6433 0.0197, 0.602 -1.6257 0.0197, 0.5958 -1.6338 0.0197, 0.6102 -1.6194 0.0197, 0.5065 -1.6338 0.0197, 0.4724 -1.6142 0.0197, 0.4622 -1.6155 0.0197, 0.4527 -1.6194 0.0197, 0.2755 -1.6535 0.0197, 0.2755 -1.7716 0.0197, 0.1968 -1.7716 0.0197, 0.1181 -1.6535 0.0197, 0.1181 -1.7716 0.0197, 0.0393 -1.7716 0.0197, -0.1378 -1.6194 0.0197, -0.1473 -1.6155 0.0197, -0.1575 -1.6142 0.0197, -0.1677 -1.6155 0.0197, -0.1772 -1.6194 0.0197, -0.2872 -1.6257 0.0197, -0.2953 -1.6194 0.0197, -0.3048 -1.6155 0.0197, -0.4447 -1.6257 0.0197, -0.4528 -1.6194 0.0197, -0.4623 -1.6155 0.0197, -0.5105 -1.6433 0.0197, -0.5906 -1.6535 0.0197, 1.6144 1.2646 0.0197, 1.6167 1.2738 0.0197, 1.6211 1.2822 0.0197, 1.7716 0.4331 0.0197, 1.7716 0.3543 0.0197, 1.6535 0.4331 0.0197, 1.6535 0.3543 0.0197, 1.6441 0.4342 0.0197, 1.6433 0.353 0.0197, 1.6352 0.4376 0.0197, 1.6274 0.443 0.0197, 1.6144 0.4677 0.0197, 1.6167 0.4585 0.0197, 1.6535 0.5906 0.0197, 1.7716 0.5906 0.0197, 1.7716 0.5118 0.0197, 1.6167 0.1435 0.0197, 1.6211 0.1351 0.0197, 1.6433 0.038 0.0197, 1.6274 0.128 0.0197, 1.7716 0.1181 0.0197, 1.7716 0.0394 0.0197, 1.6535 0.1181 0.0197, 1.6535 0.0394 0.0197, 1.6441 0.1193 0.0197, 1.6352 0.1226 0.0197, 1.6535 0.1969 0.0197, 1.6441 0.1957 0.0197, 1.6352 0.1924 0.0197, 1.6144 -1.0976 0.0197, 1.6167 -1.0884 0.0197, 1.6211 -1.08 0.0197, -0.5919 1.6434 0.0197, -0.5119 1.6536 0.0197, -0.6693 1.6536 0.0197, -0.668 1.6434 0.0197, -0.7494 1.6434 0.0197, -0.6641 1.6339 0.0197, -0.6578 1.6257 0.0197, -0.1297 1.6257 0.0197, -0.1234 1.6339 0.0197, -0.0341 1.6339 0.0197, -0.1195 1.6434 0.0197, -0.0381 1.6434 0.0197, -0.0394 1.6536 0.0197, 0.9829 1.6434 0.0197, 1.0629 1.6536 0.0197, 1.2992 1.6536 0.0197, 1.2992 1.7717 0.0197, 1.3779 1.7717 0.0197, -1.7717 -0.9055 0.0197, -1.7717 -0.8268 0.0197, -1.6536 -0.9055 0.0197, -1.6536 -0.8268 0.0197, -1.6442 -0.9066 0.0197, -1.6353 -0.91 0.0197, -1.6145 -0.9496 0.0197, -1.6168 -0.9588 0.0197, -1.6212 -0.9672 0.0197, -1.6156 -0.6197 0.0197, -1.6195 -0.6102 0.0197, -1.6258 -0.6021 0.0197, -1.6339 -0.349 0.0197, -1.6212 -0.4501 0.0197, -1.6536 -0.5118 0.0197, -1.6442 -0.5107 0.0197, -1.6353 -0.5073 0.0197, -1.6536 -0.2756 0.0197, -1.7717 -0.2756 0.0197, -1.7717 -0.1968 0.0197, -1.6258 0.4446 0.0197, -1.6145 0.3197 0.0197, -1.6339 0.4384 0.0197, -1.6168 0.3289 0.0197, -1.6434 0.4344 0.0197, -1.6212 0.3373 0.0197, -1.6275 0.3444 0.0197, -1.7717 0.3543 0.0197, -1.7717 0.4331 0.0197, -1.6536 0.3543 0.0197, -1.6536 0.4331 0.0197, -1.6442 0.3532 0.0197, -1.6353 0.3498 0.0197, -1.6434 0.8254 0.0197, -1.6536 0.9055 0.0197, -1.6434 1.2218 0.0197, -1.6212 1.1247 0.0197, -1.6275 1.1318 0.0197, -1.6168 1.1163 0.0197, -1.6339 1.2258 0.0197, -1.6145 1.1071 0.0197, -1.6258 1.232 0.0197, -1.6195 1.2402 0.0197, -1.6156 1.2497 0.0197, -1.6142 1.2599 0.0197, 0.3427 -1.6257 0.0197, 0.3346 -1.6194 0.0197, 0.2769 -1.6433 0.0197, 0.1968 -1.6535 0.0197, 0.1194 -1.6433 0.0197, 0.0393 -1.6535 0.0197, -0.1854 -1.6257 0.0197, -0.1916 -1.6338 0.0197, -0.2809 -1.6338 0.0197, -0.277 -1.6433 0.0197, 1.6155 0.6197 0.0197, 1.6194 0.6102 0.0197, 1.6257 0.6021 0.0197, 1.6338 0.3491 0.0197, 1.6211 0.4501 0.0197, 1.6535 0.5118 0.0197, 1.6441 0.5107 0.0197, 1.6352 0.5073 0.0197, 1.2978 1.6434 0.0197, 1.3779 1.6536 0.0197, -1.6156 -0.3048 0.0197, -1.6195 -0.2953 0.0197, -1.6258 -0.2871 0.0197, -1.6145 -0.1527 0.0197, -1.6536 -0.1968 0.0197, -1.6442 -0.1957 0.0197, -1.6353 -0.1923 0.0197, -1.6258 0.1853 0.0197, -1.6339 0.1916 0.0197, -1.6434 0.1955 0.0197, -1.6536 0.1969 0.0197, -1.7717 0.1969 0.0197, -1.7717 0.2756 0.0197, -1.6536 0.9843 0.0197, -1.7717 0.9843 0.0197, -1.7717 1.063 0.0197, -1.6258 1.2877 0.0197, -1.6195 1.2795 0.0197, -1.6156 1.27 0.0197, -1.6339 1.2939 0.0197, -1.6434 1.2979 0.0197, -1.6258 1.3895 0.0197, -1.6339 1.3832 0.0197, 0.748 -1.6535 0.0197, 0.748 -1.7716 0.0197, 0.6692 -1.7716 0.0197, -0.0394 -1.6535 0.0197, -0.0394 -1.7716 0.0197, -0.1182 -1.7716 0.0197, -0.3544 -1.6535 0.0197, -0.3544 -1.7716 0.0197, -0.4331 -1.7716 0.0197, 1.6141 0.315 0.0197, 1.6155 0.3048 0.0197, 1.6194 0.2953 0.0197, 1.6144 0.1527 0.0197, -1.6275 0.2855 0.0197, -1.6212 0.2926 0.0197, -1.6168 0.301 0.0197, -1.6145 0.3102 0.0197, -1.6195 0.4528 0.0197, -1.6156 0.4623 0.0197, -1.6142 0.4725 0.0197, -1.6536 0.2756 0.0197, -1.6442 0.2767 0.0197, -1.6353 0.2801 0.0197, -1.6258 0.5003 0.0197, -1.6339 0.5065 0.0197, -1.6434 0.5105 0.0197, -1.7717 1.1417 0.0197, -1.7717 1.2205 0.0197, -1.6536 1.1417 0.0197, -1.6536 1.2205 0.0197, -1.6442 1.1406 0.0197, -1.6353 1.1372 0.0197, -1.6536 1.063 0.0197, -1.6442 1.0641 0.0197, -1.6434 0.9829 0.0197, -1.6353 1.0675 0.0197, -1.6275 1.0729 0.0197, 0.7493 -1.6433 0.0197, 0.6692 -1.6535 0.0197, 0.5905 -1.6535 0.0197, 0.5905 -1.7716 0.0197, 0.5118 -1.7716 0.0197, 0.433 -1.6535 0.0197, 0.433 -1.7716 0.0197, 0.3543 -1.7716 0.0197, -0.0341 -1.6338 0.0197, -0.0381 -1.6433 0.0197, -0.1195 -1.6433 0.0197, -0.1182 -1.6535 0.0197, -0.1969 -1.6535 0.0197, -0.1969 -1.7716 0.0197, -0.2756 -1.7716 0.0197, -0.353 -1.6433 0.0197, -0.4331 -1.6535 0.0197, -1.6275 0.6005 0.0197, -1.6212 0.6076 0.0197, -1.6168 0.616 0.0197, -1.6145 0.6252 0.0197, -1.6195 0.7677 0.0197, -1.6156 0.7772 0.0197, -1.6142 0.7874 0.0197, -1.6536 0.5118 0.0197, -1.7717 0.5118 0.0197, -1.7717 0.5906 0.0197, -1.6195 0.9646 0.0197, -1.6258 0.9727 0.0197, -1.6339 0.979 0.0197, 0.5918 -1.6433 0.0197, 0.5118 -1.6535 0.0197, 0.4344 -1.6433 0.0197, 0.3543 -1.6535 0.0197, -0.1956 -1.6433 0.0197, -0.2756 -1.6535 0.0197, -1.6536 0.5906 0.0197, -1.6442 0.5917 0.0197, -1.6353 0.5951 0.0197, -1.6145 1.0976 0.0197, -1.6168 1.0884 0.0197, -1.6212 1.08 0.0197, -1.7717 1.2992 0.0197, -1.7717 1.378 0.0197, -1.6536 1.2992 0.0197, -1.6536 1.378 0.0197, -1.6434 1.3793 0.0197, -1.4567 1.7717 0.0799, -1.7717 1.7717 0.3465, -1.378 1.7717 0.0799, 1.7716 1.7717 0.3465, -1.2993 1.7717 0.0799, -1.063 1.7717 0.0799, -1.1418 1.7717 0.0799, -1.2205 1.7717 0.0799, -0.9843 1.7717 0.0799, 1.4566 1.7717 0.0799, 1.3779 1.7717 0.0799, 1.2992 1.7717 0.0799, 1.2204 1.7717 0.0799, 1.1417 1.7717 0.0799, 1.0629 1.7717 0.0799, 0.9842 1.7717 0.0799, 0.9055 1.7717 0.0799, 0.8267 1.7717 0.0799, 0.748 1.7717 0.0799, 0.6692 1.7717 0.0799, 0.5905 1.7717 0.0799, 0.5118 1.7717 0.0799, 0.433 1.7717 0.0799, 0.3543 1.7717 0.0799, 0.2755 1.7717 0.0799, 0.1968 1.7717 0.0799, 0.1181 1.7717 0.0799, 0.0393 1.7717 0.0799, -0.0394 1.7717 0.0799, -0.1182 1.7717 0.0799, -0.1969 1.7717 0.0799, -0.2756 1.7717 0.0799, -0.3544 1.7717 0.0799, -0.4331 1.7717 0.0799, -0.5119 1.7717 0.0799, -0.5906 1.7717 0.0799, -0.6693 1.7717 0.0799, -0.7481 1.7717 0.0799, -0.8268 1.7717 0.0799, -0.9056 1.7717 0.0799, -1.7717 1.378 0.0799, -1.7717 1.2992 0.0799, -1.7717 0.4331 0.0799, -1.7717 1.4567 0.0799, -1.7717 -1.7716 0.3465, -1.7717 1.2205 0.0799, -1.7717 1.063 0.0799, -1.7717 -0.0394 0.0799, -1.7717 -0.1181 0.0799, -1.7717 -0.1968 0.0799, -1.7717 0.9843 0.0799, -1.7717 0.9055 0.0799, -1.7717 0.748 0.0799, -1.7717 1.1417 0.0799, -1.7717 0.6693 0.0799, -1.7717 0.5906 0.0799, -1.7717 0.8268 0.0799, -1.7717 -0.3543 0.0799, -1.7717 -0.2756 0.0799, -1.7717 -0.8268 0.0799, -1.7717 0.3543 0.0799, -1.7717 0.2756 0.0799, -1.7717 -0.9055 0.0799, -1.7717 -0.9842 0.0799, -1.7717 0.5118 0.0799, -1.7717 -0.5118 0.0799, -1.7717 0.1969 0.0799, -1.7717 0.1181 0.0799, -1.7717 -0.5905 0.0799, -1.7717 -0.6693 0.0799, -1.7717 0.0394 0.0799, -1.7717 -0.4331 0.0799, -1.7717 -1.1417 0.0799, -1.7717 -0.748 0.0799, -1.7717 -1.2205 0.0799, -1.7717 -1.2992 0.0799, -1.7717 -1.063 0.0799, -1.7717 -1.4567 0.0799, -1.7717 -1.3779 0.0799, -1.4567 -1.7716 0.0799, -1.378 -1.7716 0.0799, 1.7716 -1.7716 0.3465, -1.2205 -1.7716 0.0799, -0.9843 -1.7716 0.0799, -0.9056 -1.7716 0.0799, 1.2204 -1.7716 0.0799, 1.2992 -1.7716 0.0799, -1.063 -1.7716 0.0799, -0.6693 -1.7716 0.0799, -0.5906 -1.7716 0.0799, 1.1417 -1.7716 0.0799, -0.7481 -1.7716 0.0799, -1.1418 -1.7716 0.0799, -0.8268 -1.7716 0.0799, -0.3544 -1.7716 0.0799, -0.2756 -1.7716 0.0799, 1.4566 -1.7716 0.0799, 1.3779 -1.7716 0.0799, -0.4331 -1.7716 0.0799, -0.0394 -1.7716 0.0799, 0.0393 -1.7716 0.0799, -1.2993 -1.7716 0.0799, -0.5119 -1.7716 0.0799, -0.1182 -1.7716 0.0799, -0.1969 -1.7716 0.0799, 0.2755 -1.7716 0.0799, 0.3543 -1.7716 0.0799, 0.9055 -1.7716 0.0799, 0.9842 -1.7716 0.0799, 0.1968 -1.7716 0.0799, 0.8267 -1.7716 0.0799, 0.1181 -1.7716 0.0799, 0.5905 -1.7716 0.0799, 0.6692 -1.7716 0.0799, 1.0629 -1.7716 0.0799, 0.5118 -1.7716 0.0799, 0.433 -1.7716 0.0799, 0.748 -1.7716 0.0799, 1.7716 -0.0394 0.0799, 1.7716 0.0394 0.0799, 1.7716 1.2992 0.0799, 1.7716 1.378 0.0799, 1.7716 -1.4567 0.0799, 1.7716 -1.3779 0.0799, 1.7716 -0.1181 0.0799, 1.7716 -0.4331 0.0799, 1.7716 -1.2992 0.0799, 1.7716 -1.2205 0.0799, 1.7716 -0.3543 0.0799, 1.7716 -0.2756 0.0799, 1.7716 -1.1417 0.0799, 1.7716 -1.063 0.0799, 1.7716 -0.1968 0.0799, 1.7716 1.1417 0.0799, 1.7716 -0.9842 0.0799, 1.7716 -0.9055 0.0799, 1.7716 -0.8268 0.0799, 1.7716 -0.748 0.0799, 1.7716 0.1181 0.0799, 1.7716 0.1969 0.0799, 1.7716 1.4567 0.0799, 1.7716 1.2205 0.0799, 1.7716 -0.6693 0.0799, 1.7716 -0.5905 0.0799, 1.7716 0.2756 0.0799, 1.7716 0.3543 0.0799, 1.7716 -0.5118 0.0799, 1.7716 0.4331 0.0799, 1.7716 0.5118 0.0799, 1.7716 0.5906 0.0799, 1.7716 0.6693 0.0799, 1.7716 0.748 0.0799, 1.7716 0.8268 0.0799, 1.7716 0.9055 0.0799, 1.7716 0.9843 0.0799, 1.7716 1.063 0.0799, -1.4988 -1.5544 0.3465, -1.4961 -1.5748 0.3465, -1.4988 -1.5952 0.3465, -1.5067 -1.6142 0.3465, -1.6509 -1.5952 0.3465, -1.643 -1.6142 0.3465, -1.6305 -1.6305 0.3465, -1.5749 -1.6535 0.3465, -1.5545 -1.6509 0.3465, -1.5952 -1.6509 0.3465, -1.6142 -1.643 0.3465, -1.5749 -1.4961 0.3465, -1.5545 -1.4987 0.3465, -1.5192 -1.6305 0.3465, -1.5355 -1.643 0.3465, -1.5355 -1.5066 0.3465, -1.5192 -1.5191 0.3465, -1.5067 -1.5354 0.3465, -1.6305 -1.5191 0.3465, -1.6142 -1.5066 0.3465, -1.5952 -1.4987 0.3465, -1.6536 -1.5748 0.3465, -1.6509 -1.5544 0.3465, -1.643 -1.5354 0.3465
            ]
        }
        coordIndex [
            0,1,2,-1,3,4,5,-1,6,7,8,-1,9,10,11,-1,12,13,14,-1,15,16,17,-1,18,19,20,-1,21,22,23,-1,9,11,24,-1,25,26,11,-1,27,28,8,-1,29,8,30,-1,30,8,31,-1,32,33,20,-1,23,22,34,-1,35,11,36,-1,36,11,37,-1,38,39,40,-1,40,39,41,-1,8,42,43,-1,44,45,8,-1,46,47,11,-1,48,49,11,-1,11,49,50,-1,51,52,53,-1,53,52,54,-1,51,55,52,-1,52,55,56,-1,52,56,5,-1,5,56,57,-1,5,57,58,-1,5,59,60,-1,5,60,8,-1,8,60,61,-1,8,61,27,-1,62,63,64,-1,64,63,65,-1,66,67,68,-1,69,70,71,-1,71,70,72,-1,73,74,11,-1,11,74,75,-1,76,77,11,-1,78,79,14,-1,80,8,81,-1,81,8,39,-1,81,39,82,-1,82,39,38,-1,46,11,83,-1,58,84,5,-1,5,84,85,-1,5,85,86,-1,86,87,5,-1,5,87,88,-1,5,88,3,-1,4,89,5,-1,5,89,90,-1,5,90,91,-1,5,92,93,-1,94,95,59,-1,96,97,98,-1,98,97,99,-1,98,99,100,-1,101,102,103,-1,104,29,105,-1,105,106,104,-1,104,106,107,-1,104,107,108,-1,109,110,111,-1,112,113,8,-1,114,115,8,-1,8,115,116,-1,8,116,117,-1,118,20,119,-1,119,20,120,-1,2,121,14,-1,14,121,122,-1,14,122,123,-1,20,124,125,-1,126,14,127,-1,127,14,128,-1,129,14,130,-1,130,14,131,-1,80,132,8,-1,8,132,133,-1,8,133,134,-1,43,135,8,-1,8,135,136,-1,8,136,137,-1,137,136,138,-1,137,138,139,-1,11,140,141,-1,142,143,5,-1,144,145,5,-1,5,145,146,-1,5,146,147,-1,148,149,5,-1,5,149,150,-1,5,150,151,-1,152,153,154,-1,101,103,17,-1,17,103,155,-1,17,155,15,-1,29,104,8,-1,8,104,156,-1,8,156,6,-1,7,157,8,-1,8,157,158,-1,8,158,109,-1,159,39,160,-1,160,39,161,-1,118,162,20,-1,20,162,163,-1,20,163,164,-1,165,166,20,-1,20,166,167,-1,20,167,168,-1,20,33,5,-1,123,169,14,-1,14,169,170,-1,14,170,20,-1,20,170,171,-1,20,171,124,-1,62,120,63,-1,63,120,20,-1,63,20,172,-1,172,20,173,-1,174,175,125,-1,176,177,11,-1,11,177,178,-1,11,178,25,-1,179,180,181,-1,76,11,182,-1,183,184,11,-1,185,186,187,-1,188,189,14,-1,14,189,190,-1,14,191,192,-1,14,193,194,-1,195,196,138,-1,138,196,197,-1,138,197,139,-1,8,45,11,-1,11,45,198,-1,11,198,199,-1,200,201,202,-1,202,201,203,-1,202,203,204,-1,204,203,205,-1,204,205,206,-1,207,208,209,-1,209,208,210,-1,209,210,211,-1,211,210,212,-1,211,212,213,-1,11,214,215,-1,216,217,11,-1,217,218,11,-1,11,218,219,-1,11,219,220,-1,86,221,87,-1,87,221,222,-1,87,222,223,-1,223,222,224,-1,225,226,227,-1,227,226,228,-1,227,228,229,-1,229,228,91,-1,91,228,5,-1,5,228,230,-1,5,230,142,-1,231,232,233,-1,234,235,236,-1,236,235,237,-1,236,237,238,-1,98,239,96,-1,96,239,154,-1,96,154,240,-1,240,154,153,-1,28,241,242,-1,242,241,243,-1,242,243,244,-1,242,245,28,-1,28,245,246,-1,28,246,8,-1,8,246,247,-1,8,247,248,-1,112,8,249,-1,117,250,251,-1,252,253,8,-1,254,255,8,-1,8,255,256,-1,8,256,39,-1,39,256,257,-1,39,257,161,-1,258,259,260,-1,260,261,20,-1,20,261,262,-1,20,262,18,-1,125,263,264,-1,68,67,265,-1,265,67,266,-1,265,266,267,-1,174,125,268,-1,175,269,125,-1,125,269,270,-1,125,270,20,-1,20,270,271,-1,20,271,173,-1,272,273,274,-1,268,275,276,-1,276,275,277,-1,276,277,278,-1,278,277,279,-1,69,280,70,-1,70,280,281,-1,70,281,11,-1,11,281,282,-1,11,282,24,-1,10,283,284,-1,284,283,285,-1,284,285,286,-1,287,288,289,-1,284,290,10,-1,10,290,291,-1,10,291,11,-1,11,291,292,-1,11,292,73,-1,293,294,295,-1,296,297,298,-1,176,11,299,-1,299,11,35,-1,299,35,293,-1,293,35,300,-1,293,300,294,-1,187,186,301,-1,78,14,186,-1,128,14,302,-1,302,14,13,-1,302,13,303,-1,304,305,306,-1,307,308,309,-1,191,14,310,-1,310,14,129,-1,310,129,304,-1,304,129,311,-1,304,311,305,-1,192,312,14,-1,14,312,313,-1,14,313,193,-1,314,315,8,-1,8,315,316,-1,8,316,317,-1,138,318,195,-1,195,318,319,-1,195,319,320,-1,321,322,47,-1,47,322,323,-1,47,323,11,-1,11,323,324,-1,11,324,48,-1,325,326,11,-1,327,328,329,-1,330,5,331,-1,331,5,329,-1,332,333,334,-1,334,333,335,-1,100,5,238,-1,238,5,151,-1,238,151,236,-1,100,99,5,-1,5,99,336,-1,5,336,59,-1,59,336,337,-1,59,337,94,-1,338,339,95,-1,95,339,340,-1,95,340,59,-1,341,342,343,-1,31,8,344,-1,344,8,248,-1,344,248,16,-1,16,248,345,-1,16,345,17,-1,109,111,8,-1,8,111,346,-1,8,346,249,-1,113,347,8,-1,8,347,348,-1,8,348,114,-1,253,349,8,-1,8,349,350,-1,8,350,254,-1,168,351,20,-1,20,351,352,-1,20,352,260,-1,260,352,353,-1,260,353,258,-1,354,355,20,-1,20,355,356,-1,20,356,357,-1,358,359,360,-1,33,361,5,-1,5,361,359,-1,5,359,362,-1,362,359,358,-1,363,364,5,-1,125,365,263,-1,263,365,366,-1,263,366,367,-1,368,369,370,-1,264,371,125,-1,125,371,372,-1,125,372,22,-1,22,372,373,-1,22,373,34,-1,274,374,272,-1,272,374,375,-1,272,375,277,-1,277,375,376,-1,277,376,279,-1,286,377,284,-1,284,377,287,-1,284,287,378,-1,378,287,289,-1,75,379,380,-1,380,379,381,-1,380,381,382,-1,295,383,293,-1,293,383,296,-1,293,296,384,-1,384,296,298,-1,11,385,386,-1,14,387,388,-1,389,390,391,-1,13,392,303,-1,303,392,390,-1,303,390,393,-1,393,390,389,-1,306,394,304,-1,304,394,307,-1,304,307,395,-1,395,307,309,-1,194,396,14,-1,14,396,397,-1,14,397,2,-1,2,397,398,-1,2,398,0,-1,399,400,401,-1,402,403,8,-1,8,403,404,-1,405,406,407,-1,408,409,410,-1,410,409,411,-1,410,411,412,-1,412,411,204,-1,412,204,413,-1,413,204,206,-1,414,415,416,-1,416,415,417,-1,416,417,418,-1,418,417,211,-1,418,211,419,-1,419,211,213,-1,420,421,422,-1,422,421,423,-1,422,423,424,-1,424,423,321,-1,424,321,425,-1,425,321,47,-1,426,427,428,-1,429,430,431,-1,432,433,434,-1,435,436,437,-1,437,436,438,-1,437,438,227,-1,227,438,439,-1,227,439,225,-1,143,440,5,-1,5,440,441,-1,5,441,144,-1,144,441,442,-1,144,442,443,-1,443,442,444,-1,93,445,5,-1,5,445,446,-1,5,446,232,-1,447,448,449,-1,449,448,450,-1,449,450,451,-1,233,452,231,-1,231,452,453,-1,231,453,454,-1,454,453,455,-1,102,456,103,-1,103,456,341,-1,103,341,457,-1,457,341,343,-1,458,459,460,-1,460,459,461,-1,460,461,107,-1,107,461,462,-1,107,462,108,-1,250,463,251,-1,251,463,464,-1,251,464,465,-1,465,464,466,-1,117,251,8,-1,8,251,467,-1,8,467,468,-1,469,470,471,-1,472,473,474,-1,474,473,475,-1,474,475,476,-1,476,475,477,-1,478,479,20,-1,20,479,480,-1,20,480,32,-1,363,5,481,-1,482,483,5,-1,5,483,484,-1,367,485,263,-1,263,485,368,-1,263,368,486,-1,486,368,370,-1,22,487,125,-1,125,487,488,-1,125,488,268,-1,268,488,489,-1,268,489,275,-1,490,491,492,-1,380,493,75,-1,75,493,494,-1,75,494,11,-1,11,494,495,-1,11,495,37,-1,496,497,498,-1,182,11,499,-1,499,11,26,-1,499,26,181,-1,181,26,500,-1,181,500,179,-1,77,501,11,-1,11,501,502,-1,11,502,183,-1,11,386,14,-1,14,386,503,-1,14,503,186,-1,186,503,504,-1,186,504,301,-1,505,14,506,-1,506,14,507,-1,126,508,509,-1,509,508,510,-1,509,510,511,-1,509,512,126,-1,126,512,513,-1,126,513,14,-1,14,513,514,-1,14,514,188,-1,515,516,8,-1,401,517,399,-1,399,517,518,-1,399,518,519,-1,519,518,520,-1,519,520,521,-1,522,523,524,-1,524,523,525,-1,524,525,526,-1,526,525,527,-1,528,529,8,-1,8,529,530,-1,8,530,44,-1,531,532,533,-1,533,532,534,-1,533,534,535,-1,535,534,536,-1,535,536,537,-1,407,538,405,-1,405,538,539,-1,405,539,199,-1,199,539,540,-1,199,540,11,-1,11,540,541,-1,11,541,214,-1,215,542,11,-1,11,542,543,-1,11,543,544,-1,141,545,11,-1,11,545,546,-1,11,546,547,-1,427,426,548,-1,548,426,549,-1,548,549,550,-1,551,552,553,-1,554,555,556,-1,556,555,557,-1,556,557,558,-1,558,557,325,-1,558,325,559,-1,559,325,11,-1,559,11,560,-1,560,11,220,-1,561,562,70,-1,70,562,563,-1,70,563,564,-1,431,565,429,-1,429,565,566,-1,429,566,556,-1,556,566,567,-1,556,567,554,-1,222,568,224,-1,224,568,432,-1,224,432,569,-1,569,432,434,-1,147,570,5,-1,5,570,571,-1,5,571,329,-1,329,571,572,-1,329,572,327,-1,330,573,5,-1,5,573,574,-1,5,574,335,-1,575,576,577,-1,577,576,578,-1,577,578,579,-1,447,580,448,-1,448,580,148,-1,448,148,581,-1,581,148,5,-1,581,5,582,-1,582,5,232,-1,582,232,583,-1,583,232,231,-1,584,585,586,-1,587,588,589,-1,590,591,592,-1,113,593,347,-1,347,593,594,-1,347,594,595,-1,595,594,596,-1,468,597,8,-1,8,597,598,-1,8,598,252,-1,599,600,601,-1,471,602,469,-1,469,602,603,-1,469,603,604,-1,604,603,605,-1,604,605,606,-1,360,607,358,-1,358,607,608,-1,358,608,609,-1,609,608,610,-1,611,612,613,-1,613,612,614,-1,613,614,615,-1,615,614,616,-1,615,616,617,-1,362,618,5,-1,5,618,619,-1,5,619,620,-1,621,52,622,-1,622,52,623,-1,21,23,624,-1,624,23,625,-1,624,625,626,-1,626,625,627,-1,626,627,628,-1,628,627,629,-1,628,629,68,-1,68,629,630,-1,68,630,66,-1,382,631,380,-1,380,631,490,-1,380,490,632,-1,632,490,492,-1,180,633,181,-1,181,633,496,-1,181,496,634,-1,634,496,498,-1,635,636,385,-1,637,638,187,-1,187,638,639,-1,187,639,185,-1,640,79,641,-1,641,642,640,-1,640,642,643,-1,640,643,644,-1,644,643,645,-1,640,646,79,-1,79,646,647,-1,79,647,14,-1,14,647,648,-1,14,648,507,-1,649,650,651,-1,652,653,654,-1,190,655,656,-1,656,655,657,-1,656,657,658,-1,659,660,661,-1,662,663,664,-1,664,663,665,-1,664,665,666,-1,666,665,667,-1,666,667,668,-1,134,669,8,-1,8,669,670,-1,8,670,671,-1,672,673,674,-1,42,8,675,-1,675,8,516,-1,675,516,676,-1,676,516,677,-1,676,677,678,-1,678,677,679,-1,678,679,680,-1,681,682,544,-1,544,682,683,-1,544,683,11,-1,11,683,684,-1,11,684,201,-1,200,685,201,-1,201,685,686,-1,201,686,11,-1,11,686,687,-1,11,687,140,-1,688,689,690,-1,691,692,547,-1,547,692,693,-1,547,693,11,-1,11,693,694,-1,11,694,208,-1,207,695,208,-1,208,695,696,-1,208,696,11,-1,11,696,697,-1,11,697,83,-1,698,699,700,-1,701,702,703,-1,703,702,704,-1,703,704,705,-1,705,704,426,-1,705,426,706,-1,706,426,428,-1,553,707,551,-1,551,707,708,-1,551,708,709,-1,709,708,710,-1,709,710,711,-1,326,712,11,-1,11,712,713,-1,11,713,70,-1,70,713,714,-1,70,714,561,-1,715,716,717,-1,718,719,720,-1,575,721,576,-1,576,721,92,-1,576,92,722,-1,722,92,5,-1,722,5,723,-1,723,5,335,-1,723,335,724,-1,724,335,333,-1,725,726,727,-1,95,728,338,-1,338,728,584,-1,338,584,729,-1,729,584,586,-1,154,730,152,-1,152,730,587,-1,152,587,731,-1,731,587,589,-1,732,733,734,-1,734,733,735,-1,734,735,244,-1,244,735,736,-1,244,736,242,-1,592,737,590,-1,590,737,738,-1,590,738,739,-1,739,738,740,-1,739,740,110,-1,110,740,741,-1,110,741,111,-1,598,742,252,-1,252,742,743,-1,252,743,744,-1,744,743,745,-1,599,601,746,-1,746,601,747,-1,746,747,748,-1,164,749,20,-1,20,749,750,-1,20,750,751,-1,752,753,754,-1,754,753,755,-1,754,755,259,-1,259,755,756,-1,259,756,260,-1,757,758,759,-1,759,758,760,-1,759,760,761,-1,761,760,762,-1,763,764,765,-1,765,764,766,-1,765,766,608,-1,608,766,767,-1,608,767,610,-1,5,768,769,-1,770,364,771,-1,772,773,5,-1,5,773,774,-1,5,774,775,-1,775,776,5,-1,5,776,777,-1,5,777,52,-1,52,777,778,-1,52,778,623,-1,779,780,781,-1,779,782,780,-1,780,782,783,-1,780,783,784,-1,502,785,183,-1,183,785,780,-1,183,780,786,-1,786,780,784,-1,184,787,11,-1,11,787,788,-1,11,788,789,-1,790,791,636,-1,505,792,793,-1,388,794,14,-1,14,794,795,-1,14,795,651,-1,796,797,798,-1,511,799,509,-1,509,799,652,-1,509,652,800,-1,800,652,654,-1,658,801,656,-1,656,801,659,-1,656,659,802,-1,802,659,661,-1,656,803,190,-1,190,803,804,-1,190,804,14,-1,14,804,805,-1,14,805,131,-1,806,807,808,-1,808,807,809,-1,808,809,810,-1,810,809,666,-1,810,666,811,-1,811,666,668,-1,674,812,672,-1,672,812,813,-1,672,813,814,-1,814,813,815,-1,814,815,816,-1,817,818,819,-1,819,818,820,-1,819,820,821,-1,821,820,678,-1,821,678,822,-1,822,678,680,-1,521,823,519,-1,519,823,824,-1,519,824,825,-1,825,824,515,-1,825,515,826,-1,826,515,8,-1,826,8,827,-1,827,8,317,-1,828,829,830,-1,830,829,831,-1,830,831,320,-1,320,831,832,-1,320,832,195,-1,833,834,835,-1,836,837,838,-1,838,837,839,-1,838,839,840,-1,840,839,406,-1,840,406,841,-1,841,406,405,-1,690,842,688,-1,688,842,843,-1,688,843,544,-1,544,843,844,-1,544,844,681,-1,700,845,698,-1,698,845,846,-1,698,846,547,-1,547,846,847,-1,547,847,691,-1,50,848,11,-1,11,848,849,-1,11,849,850,-1,442,851,444,-1,444,851,715,-1,444,715,852,-1,852,715,717,-1,720,853,718,-1,718,853,854,-1,718,854,328,-1,328,854,855,-1,328,855,329,-1,856,857,858,-1,859,860,861,-1,451,862,449,-1,449,862,725,-1,449,725,863,-1,863,725,727,-1,864,865,866,-1,866,865,867,-1,866,867,453,-1,453,867,868,-1,453,868,455,-1,869,870,871,-1,872,873,874,-1,875,876,877,-1,877,876,878,-1,877,878,464,-1,464,878,879,-1,464,879,466,-1,880,881,882,-1,882,881,883,-1,882,883,884,-1,884,883,885,-1,884,885,886,-1,886,885,887,-1,472,888,20,-1,20,888,889,-1,890,891,892,-1,893,894,895,-1,895,894,896,-1,897,898,899,-1,899,898,900,-1,899,900,901,-1,901,900,895,-1,901,895,902,-1,902,895,896,-1,903,904,905,-1,905,904,906,-1,905,906,907,-1,907,906,615,-1,907,615,908,-1,908,615,617,-1,909,910,911,-1,770,912,364,-1,364,912,913,-1,364,913,5,-1,5,913,914,-1,5,914,482,-1,915,916,917,-1,184,918,787,-1,787,918,916,-1,787,916,919,-1,919,916,915,-1,789,920,11,-1,11,920,921,-1,11,921,385,-1,385,921,922,-1,385,922,635,-1,923,924,925,-1,926,927,928,-1,793,929,505,-1,505,929,930,-1,505,930,14,-1,14,930,931,-1,14,931,932,-1,933,934,932,-1,932,934,935,-1,932,935,14,-1,14,935,936,-1,14,936,387,-1,650,937,651,-1,651,937,938,-1,651,938,14,-1,14,938,939,-1,14,939,12,-1,391,940,389,-1,389,940,796,-1,389,796,941,-1,941,796,798,-1,662,314,663,-1,663,314,8,-1,663,8,942,-1,942,8,671,-1,942,671,943,-1,943,671,814,-1,943,814,944,-1,944,814,816,-1,945,946,947,-1,947,946,948,-1,947,948,949,-1,949,948,950,-1,949,950,951,-1,951,950,952,-1,522,953,8,-1,8,953,954,-1,955,956,957,-1,958,959,960,-1,960,959,961,-1,962,963,964,-1,964,963,965,-1,964,965,966,-1,966,965,960,-1,966,960,967,-1,967,960,961,-1,835,968,833,-1,833,968,969,-1,833,969,533,-1,533,969,970,-1,533,970,531,-1,549,216,550,-1,550,216,11,-1,550,11,971,-1,971,11,850,-1,971,850,972,-1,972,850,709,-1,972,709,973,-1,973,709,711,-1,579,974,577,-1,577,974,856,-1,577,856,975,-1,975,856,858,-1,861,976,859,-1,859,976,977,-1,859,977,978,-1,978,977,979,-1,978,979,332,-1,332,979,980,-1,332,980,333,-1,236,981,234,-1,234,981,982,-1,234,982,983,-1,983,982,984,-1,983,984,985,-1,985,984,869,-1,985,869,986,-1,986,869,871,-1,594,987,596,-1,596,987,872,-1,596,872,988,-1,988,872,874,-1,989,990,991,-1,992,993,994,-1,994,993,995,-1,994,995,996,-1,996,995,746,-1,996,746,997,-1,997,746,748,-1,599,165,600,-1,600,165,20,-1,600,20,998,-1,998,20,751,-1,998,751,999,-1,999,751,604,-1,999,604,1000,-1,1000,604,606,-1,19,1001,20,-1,20,1001,1002,-1,20,1002,472,-1,472,1002,1003,-1,472,1003,473,-1,354,20,1004,-1,1004,20,889,-1,1004,889,885,-1,885,889,1005,-1,885,1005,887,-1,892,1006,890,-1,890,1006,1007,-1,890,1007,475,-1,475,1007,1008,-1,475,1008,477,-1,1009,1010,1011,-1,1012,1013,1014,-1,1014,1013,1015,-1,1014,1015,1016,-1,1016,1015,1017,-1,1016,1017,1018,-1,1019,1020,1021,-1,1021,1020,1022,-1,1021,1022,1023,-1,1023,1022,1016,-1,1023,1016,1024,-1,1024,1016,1018,-1,771,1025,770,-1,770,1025,909,-1,770,909,1026,-1,1026,909,911,-1,1027,1028,1029,-1,1028,1027,1030,-1,1030,1027,1031,-1,1030,1031,1032,-1,1033,1034,5,-1,5,1034,1035,-1,5,1035,1036,-1,791,1037,636,-1,636,1037,1038,-1,636,1038,385,-1,187,1039,637,-1,637,1039,923,-1,637,923,1040,-1,1040,923,925,-1,643,1041,645,-1,645,1041,926,-1,645,926,1042,-1,1042,926,928,-1,933,1043,934,-1,934,1043,1044,-1,934,1044,1045,-1,1045,1044,1046,-1,137,1047,8,-1,8,1047,1048,-1,8,1048,522,-1,522,1048,1049,-1,522,1049,523,-1,402,8,1050,-1,1050,8,954,-1,1050,954,950,-1,950,954,1051,-1,950,1051,952,-1,957,1052,955,-1,955,1052,1053,-1,955,1053,525,-1,525,1053,1054,-1,525,1054,527,-1,743,1055,745,-1,745,1055,989,-1,745,989,1056,-1,1056,989,991,-1,357,1057,20,-1,20,1057,1058,-1,20,1058,757,-1,757,1058,1059,-1,757,1059,758,-1,757,1060,20,-1,20,1060,893,-1,20,893,478,-1,478,893,895,-1,1011,1061,1009,-1,1009,1061,1062,-1,1009,1062,760,-1,760,1062,1063,-1,760,1063,762,-1,620,1064,5,-1,5,1064,1065,-1,5,1065,1066,-1,1067,1068,1069,-1,1070,1071,1072,-1,1073,772,1074,-1,1074,772,5,-1,1074,5,1075,-1,1075,5,1036,-1,1073,1076,772,-1,772,1076,1077,-1,772,1077,1078,-1,1078,1077,1079,-1,1080,1081,1082,-1,1083,1084,1085,-1,1086,1087,1088,-1,404,1089,8,-1,8,1089,1090,-1,8,1090,536,-1,536,1090,1091,-1,536,1091,537,-1,536,1092,8,-1,8,1092,958,-1,8,958,528,-1,528,958,960,-1,1093,1094,1066,-1,1066,1094,1095,-1,1066,1095,5,-1,5,1095,1096,-1,5,1096,1013,-1,1012,1097,1013,-1,1013,1097,1098,-1,1013,1098,5,-1,5,1098,1099,-1,5,1099,768,-1,1069,1100,1067,-1,1067,1100,1101,-1,1067,1101,1066,-1,1066,1101,1102,-1,1066,1102,1093,-1,769,1103,5,-1,5,1103,1104,-1,5,1104,1105,-1,1106,1107,1108,-1,1108,1107,1109,-1,1108,1109,1110,-1,1110,1109,1027,-1,1110,1027,1111,-1,1111,1027,1029,-1,1072,1112,1070,-1,1070,1112,1113,-1,1070,1113,1114,-1,1114,1113,1115,-1,1114,1115,1116,-1,781,1117,779,-1,779,1117,1080,-1,779,1080,1118,-1,1118,1080,1082,-1,1119,1120,1121,-1,1122,1123,1124,-1,505,1125,792,-1,792,1125,1126,-1,792,1126,1127,-1,1127,1126,1083,-1,1127,1083,1128,-1,1128,1083,1085,-1,1129,1130,1131,-1,651,1132,649,-1,649,1132,1086,-1,649,1086,1133,-1,1133,1086,1088,-1,1134,1135,1105,-1,1105,1135,1136,-1,1105,1136,5,-1,5,1136,1137,-1,5,1137,612,-1,611,1138,612,-1,612,1138,1139,-1,612,1139,5,-1,5,1139,1140,-1,5,1140,481,-1,1141,1142,1143,-1,484,1144,5,-1,5,1144,1145,-1,5,1145,1146,-1,917,1147,915,-1,915,1147,1119,-1,915,1119,1148,-1,1148,1119,1121,-1,636,1149,790,-1,790,1149,1122,-1,790,1122,1150,-1,1150,1122,1124,-1,1044,1151,1046,-1,1046,1151,1129,-1,1046,1129,1152,-1,1152,1129,1131,-1,1143,1153,1141,-1,1141,1153,1154,-1,1141,1154,1105,-1,1105,1154,1155,-1,1105,1155,1134,-1,1031,1033,1032,-1,1032,1033,5,-1,1032,5,1156,-1,1156,5,1146,-1,1156,1146,1157,-1,1157,1146,1114,-1,1157,1114,1158,-1,1158,1114,1116,-1,1159,1160,1161,-1,1161,1160,1162,-1,1161,1162,1077,-1,1077,1162,1163,-1,1077,1163,1079,-1,54,52,1164,-1,1164,52,1165,-1,1164,1165,1166,-1,1166,1165,1167,-1,1168,434,433,-1,1167,1169,1170,-1,433,1166,1168,-1,1168,1166,1167,-1,1168,1167,1171,-1,1171,1167,1170,-1,1171,1170,435,-1,435,1170,436,-1,1172,717,716,-1,39,159,1167,-1,1167,159,1173,-1,1167,1173,1174,-1,991,990,1174,-1,1174,990,1175,-1,1174,1175,1167,-1,1167,1175,1176,-1,876,875,1176,-1,1176,875,1177,-1,1176,1177,1167,-1,1167,1177,1178,-1,874,873,1178,-1,1178,873,1179,-1,1178,1179,1167,-1,1167,1179,1180,-1,592,591,1180,-1,1180,591,1181,-1,1180,1181,1167,-1,1167,1181,1182,-1,459,458,1182,-1,1182,458,1183,-1,1182,1183,1167,-1,1167,1183,1184,-1,343,342,1184,-1,1184,342,1185,-1,1184,1185,1167,-1,1167,1185,1186,-1,733,732,1186,-1,1186,732,1187,-1,1186,1187,1167,-1,1167,1187,1188,-1,586,585,1188,-1,1188,585,1189,-1,1188,1189,1167,-1,1167,1189,1190,-1,589,588,1190,-1,1190,588,1191,-1,1190,1191,1167,-1,1167,1191,1192,-1,871,870,1192,-1,1192,870,1193,-1,1192,1193,1167,-1,1167,1193,1194,-1,727,726,1194,-1,1194,726,1195,-1,1194,1195,1167,-1,1167,1195,1196,-1,865,864,1196,-1,1196,864,1197,-1,1196,1197,1167,-1,1167,1197,1198,-1,858,857,1198,-1,1198,857,1199,-1,1198,1199,1167,-1,1167,1199,1200,-1,861,860,1200,-1,1200,860,1201,-1,1200,1201,1167,-1,1167,1201,1202,-1,720,719,1202,-1,1202,719,1203,-1,1202,1203,1167,-1,1167,1203,1172,-1,1167,1172,1169,-1,1169,1172,716,-1,1165,52,621,-1,1160,1159,1204,-1,1204,1159,1205,-1,1206,1020,1019,-1,621,1207,1165,-1,1165,1207,1204,-1,1165,1204,1208,-1,1208,1204,1205,-1,1208,1205,1209,-1,1210,1072,1071,-1,1211,898,897,-1,1212,1213,1208,-1,1214,1215,1208,-1,1216,904,903,-1,1071,1214,1210,-1,1210,1214,1208,-1,1210,1208,1217,-1,1217,1208,1209,-1,1217,1209,1106,-1,1106,1209,1107,-1,1218,1219,1208,-1,903,1218,1216,-1,1216,1218,1208,-1,1216,1208,1220,-1,1220,1208,1215,-1,1220,1215,910,-1,910,1215,911,-1,1221,1208,1222,-1,1222,1208,1213,-1,1222,1213,1010,-1,1010,1213,1011,-1,1223,993,992,-1,1224,1225,1208,-1,1226,1227,1208,-1,1019,1224,1206,-1,1206,1224,1208,-1,1206,1208,1228,-1,1228,1208,1219,-1,1228,1219,1142,-1,1142,1219,1143,-1,1229,892,891,-1,1069,1068,1225,-1,1225,1068,1230,-1,1225,1230,1208,-1,1208,1230,1231,-1,1232,1233,1208,-1,897,1212,1211,-1,1211,1212,1208,-1,1211,1208,1234,-1,1234,1208,1231,-1,1234,1231,763,-1,763,1231,764,-1,891,1232,1229,-1,1229,1232,1208,-1,1229,1208,1235,-1,1235,1208,1221,-1,1235,1221,880,-1,880,1221,881,-1,1236,65,63,-1,992,1226,1223,-1,1223,1226,1208,-1,1223,1208,1237,-1,1237,1208,1233,-1,1237,1233,752,-1,752,1233,753,-1,1238,1239,1208,-1,63,1238,1236,-1,1236,1238,1208,-1,1236,1208,1240,-1,1240,1208,1227,-1,1240,1227,470,-1,470,1227,471,-1,267,266,1241,-1,1241,266,1208,-1,1241,1208,1242,-1,1242,1208,1239,-1,1242,1239,273,-1,273,1239,274,-1,1208,266,67,-1,67,1243,1208,-1,1208,1243,1244,-1,1208,1244,1245,-1,1246,2,1,-1,1247,1248,1245,-1,1249,1250,1245,-1,1251,309,308,-1,1252,1253,1245,-1,1254,492,491,-1,1255,654,653,-1,308,1247,1251,-1,1251,1247,1245,-1,1251,1245,1256,-1,653,1252,1255,-1,1255,1252,1245,-1,1255,1245,1257,-1,1257,1245,1248,-1,1257,1248,660,-1,660,1248,661,-1,1258,1259,1245,-1,72,70,1260,-1,1260,70,1245,-1,1260,1245,1261,-1,1261,1245,1250,-1,1261,1250,288,-1,288,1250,289,-1,1262,1088,1087,-1,1263,1264,1245,-1,370,369,1244,-1,1244,369,1265,-1,1244,1265,1245,-1,1245,1265,1246,-1,1245,1246,1256,-1,1256,1246,1,-1,1087,1258,1262,-1,1262,1258,1245,-1,1262,1245,1266,-1,1266,1245,1253,-1,1266,1253,797,-1,797,1253,798,-1,1267,1085,1084,-1,1084,1263,1267,-1,1267,1263,1245,-1,1267,1245,1268,-1,1268,1245,1259,-1,1268,1259,1130,-1,1130,1259,1131,-1,1269,1270,1245,-1,1271,1272,1245,-1,1273,925,924,-1,1274,498,497,-1,924,1269,1273,-1,1273,1269,1245,-1,1273,1245,1275,-1,1275,1245,1264,-1,1275,1264,927,-1,927,1264,928,-1,1276,1277,1245,-1,491,1249,1254,-1,1254,1249,1245,-1,1254,1245,1278,-1,1278,1245,1272,-1,1278,1272,297,-1,297,1272,298,-1,1279,1121,1120,-1,1120,1276,1279,-1,1279,1276,1245,-1,1279,1245,1280,-1,1280,1245,1270,-1,1280,1270,1123,-1,1123,1270,1124,-1,497,1271,1274,-1,1274,1271,1245,-1,1274,1245,1281,-1,1281,1245,1277,-1,1281,1277,1081,-1,1081,1277,1082,-1,1245,1282,1283,-1,674,673,1284,-1,1284,673,1285,-1,70,564,1245,-1,1245,564,1286,-1,1245,1286,1287,-1,1288,837,836,-1,1289,409,408,-1,431,430,1287,-1,1287,430,1290,-1,1287,1290,1245,-1,1245,1290,1291,-1,1245,1292,1293,-1,702,701,1291,-1,1291,701,1294,-1,1291,1294,1245,-1,1245,1294,1295,-1,690,689,1293,-1,1293,689,1296,-1,1293,1296,1245,-1,1245,1296,1288,-1,1245,1288,1282,-1,1282,1288,836,-1,1297,807,806,-1,553,552,1295,-1,1295,552,1298,-1,1295,1298,1245,-1,1245,1298,1299,-1,421,420,1299,-1,1299,420,1300,-1,1299,1300,1245,-1,1245,1300,1301,-1,963,962,1283,-1,1283,962,1302,-1,1283,1302,1245,-1,1245,1302,1303,-1,41,39,1304,-1,1304,39,1167,-1,1304,1167,1285,-1,1285,1167,1245,-1,1285,1245,1284,-1,1284,1245,1305,-1,415,414,1301,-1,1301,414,1306,-1,1301,1306,1245,-1,1245,1306,1307,-1,835,834,1303,-1,1303,834,1308,-1,1303,1308,1245,-1,1245,1308,1309,-1,700,699,1307,-1,1307,699,1310,-1,1307,1310,1245,-1,1245,1310,1289,-1,1245,1289,1292,-1,1292,1289,408,-1,946,945,1309,-1,1309,945,1311,-1,1309,1311,1245,-1,1245,1311,1312,-1,957,956,1312,-1,1312,956,1313,-1,1312,1313,1245,-1,1245,1313,1314,-1,829,828,1314,-1,1314,828,1315,-1,1314,1315,1245,-1,1245,1315,1316,-1,818,817,1316,-1,1316,817,1317,-1,1316,1317,1245,-1,1245,1317,1318,-1,401,400,1318,-1,1318,400,1319,-1,1318,1319,1245,-1,1245,1319,1297,-1,1245,1297,1305,-1,1305,1297,806,-1,1320,1321,1245,-1,1245,1321,1322,-1,1245,1322,1323,-1,1324,1208,1325,-1,1325,1208,1326,-1,1327,1208,1328,-1,1328,1208,1245,-1,1327,1329,1208,-1,1208,1329,1330,-1,1208,1330,1326,-1,1331,1332,1165,-1,1323,1333,1245,-1,1245,1333,1334,-1,1245,1334,1328,-1,1165,1332,1167,-1,1332,1335,1167,-1,1167,1335,1336,-1,1167,1336,1245,-1,1245,1336,1337,-1,1245,1337,1320,-1,1338,1339,1165,-1,1165,1339,1340,-1,1165,1340,1331,-1,1324,1341,1208,-1,1208,1341,1342,-1,1208,1342,1165,-1,1165,1342,1343,-1,1165,1343,1338,-1,
        ]
    }
}
Shape{
    appearance Appearance {
        material  Material 	{
            diffuseColor 0.6666666666666666 0.6666666666666666 0.6666666666666666
            specularColor 0.4666666666666667 0.4666666666666667 0.4666666666666667
            ambientIntensity 0.6667
            transparency 0.0
            shininess 0.5
        }
    }
    geometry IndexedFaceSet {
        ccw TRUE
        solid FALSE
        coord DEF co Coordinate {
            point [
                -1.7717 1.4567 0.0799, -1.7721 1.4567 0.0799, -1.7717 1.378 0.0799, -1.7721 1.378 0.0799, -1.7717 1.4567 0.0197, -1.6536 1.4567 0.0197, -1.6536 1.4567 0.0, -1.7721 1.4567 0.0, -1.7717 1.378 0.0197, -1.7721 1.378 0.0, -1.6536 1.378 0.0197, -1.6536 1.378 0.0, -1.6434 1.3793 0.0, -1.6434 1.3793 0.0197, -1.6339 1.3832 0.0, -1.6339 1.3832 0.0197, -1.6258 1.3895 0.0, -1.6258 1.3895 0.0197, -1.6195 1.3976 0.0, -1.6195 1.3976 0.0197, -1.6156 1.4071 0.0, -1.6156 1.4071 0.0197, -1.6142 1.4173 0.0, -1.6142 1.4173 0.0197, -1.6156 1.4275 0.0, -1.6156 1.4275 0.0197, -1.6195 1.437 0.0, -1.6195 1.437 0.0197, -1.6258 1.4452 0.0, -1.6258 1.4452 0.0197, -1.6339 1.4514 0.0, -1.6339 1.4514 0.0197, -1.6434 1.4554 0.0, -1.6434 1.4554 0.0197, -1.7717 1.2992 0.0799, -1.7721 1.2992 0.0799, -1.7717 1.2205 0.0799, -1.7721 1.2205 0.0799, -1.7717 1.2992 0.0197, -1.6536 1.2992 0.0197, -1.6536 1.2992 0.0, -1.7721 1.2992 0.0, -1.7717 1.2205 0.0197, -1.7721 1.2205 0.0, -1.6536 1.2205 0.0197, -1.6536 1.2205 0.0, -1.6434 1.2218 0.0, -1.6434 1.2218 0.0197, -1.6339 1.2258 0.0, -1.6339 1.2258 0.0197, -1.6258 1.232 0.0, -1.6258 1.232 0.0197, -1.6195 1.2402 0.0, -1.6195 1.2402 0.0197, -1.6156 1.2497 0.0, -1.6156 1.2497 0.0197, -1.6142 1.2599 0.0, -1.6142 1.2599 0.0197, -1.6156 1.27 0.0, -1.6156 1.27 0.0197, -1.6195 1.2795 0.0, -1.6195 1.2795 0.0197, -1.6258 1.2877 0.0, -1.6258 1.2877 0.0197, -1.6339 1.2939 0.0, -1.6339 1.2939 0.0197, -1.6434 1.2979 0.0, -1.6434 1.2979 0.0197, -1.7717 1.1417 0.0799, -1.7721 1.1417 0.0799, -1.7717 1.063 0.0799, -1.7721 1.063 0.0799, -1.7717 1.1417 0.0197, -1.6536 1.1417 0.0197, -1.6536 1.1417 0.0, -1.7721 1.1417 0.0, -1.7717 1.063 0.0197, -1.7721 1.063 0.0, -1.6536 1.063 0.0197, -1.6536 1.063 0.0, -1.6442 1.0641 0.0, -1.6442 1.0641 0.0197, -1.6353 1.0675 0.0, -1.6353 1.0675 0.0197, -1.6275 1.0729 0.0, -1.6275 1.0729 0.0197, -1.6212 1.08 0.0, -1.6212 1.08 0.0197, -1.6168 1.0884 0.0, -1.6168 1.0884 0.0197, -1.6145 1.0976 0.0, -1.6145 1.0976 0.0197, -1.6145 1.1071 0.0, -1.6145 1.1071 0.0197, -1.6168 1.1163 0.0, -1.6168 1.1163 0.0197, -1.6212 1.1247 0.0, -1.6212 1.1247 0.0197, -1.6275 1.1318 0.0, -1.6275 1.1318 0.0197, -1.6353 1.1372 0.0, -1.6353 1.1372 0.0197, -1.6442 1.1406 0.0, -1.6442 1.1406 0.0197, -1.7717 0.9843 0.0799, -1.7721 0.9843 0.0799, -1.7717 0.9055 0.0799, -1.7721 0.9055 0.0799, -1.7717 0.9843 0.0197, -1.6536 0.9843 0.0197, -1.6536 0.9843 0.0, -1.7721 0.9843 0.0, -1.7717 0.9055 0.0197, -1.7721 0.9055 0.0, -1.6536 0.9055 0.0197, -1.6536 0.9055 0.0, -1.6434 0.9069 0.0, -1.6434 0.9069 0.0197, -1.6339 0.9108 0.0, -1.6339 0.9108 0.0197, -1.6258 0.9171 0.0, -1.6258 0.9171 0.0197, -1.6195 0.9252 0.0, -1.6195 0.9252 0.0197, -1.6156 0.9347 0.0, -1.6156 0.9347 0.0197, -1.6142 0.9449 0.0, -1.6142 0.9449 0.0197, -1.6156 0.9551 0.0, -1.6156 0.9551 0.0197, -1.6195 0.9646 0.0, -1.6195 0.9646 0.0197, -1.6258 0.9727 0.0, -1.6258 0.9727 0.0197, -1.6339 0.979 0.0, -1.6339 0.979 0.0197, -1.6434 0.9829 0.0, -1.6434 0.9829 0.0197, -1.7717 0.8268 0.0799, -1.7721 0.8268 0.0799, -1.7717 0.748 0.0799, -1.7721 0.748 0.0799, -1.7717 0.8268 0.0197, -1.6536 0.8268 0.0197, -1.6536 0.8268 0.0, -1.7721 0.8268 0.0, -1.7717 0.748 0.0197, -1.7721 0.748 0.0, -1.6536 0.748 0.0197, -1.6536 0.748 0.0, -1.6434 0.7494 0.0, -1.6434 0.7494 0.0197, -1.6339 0.7533 0.0, -1.6339 0.7533 0.0197, -1.6258 0.7596 0.0, -1.6258 0.7596 0.0197, -1.6195 0.7677 0.0, -1.6195 0.7677 0.0197, -1.6156 0.7772 0.0, -1.6156 0.7772 0.0197, -1.6142 0.7874 0.0, -1.6142 0.7874 0.0197, -1.6156 0.7976 0.0, -1.6156 0.7976 0.0197, -1.6195 0.8071 0.0, -1.6195 0.8071 0.0197, -1.6258 0.8153 0.0, -1.6258 0.8153 0.0197, -1.6339 0.8215 0.0, -1.6339 0.8215 0.0197, -1.6434 0.8254 0.0, -1.6434 0.8254 0.0197, -1.7717 0.6693 0.0799, -1.7721 0.6693 0.0799, -1.7717 0.5906 0.0799, -1.7721 0.5906 0.0799, -1.7717 0.6693 0.0197, -1.6536 0.6693 0.0197, -1.6536 0.6693 0.0, -1.7721 0.6693 0.0, -1.7717 0.5906 0.0197, -1.7721 0.5906 0.0, -1.6536 0.5906 0.0197, -1.6536 0.5906 0.0, -1.6442 0.5917 0.0, -1.6442 0.5917 0.0197, -1.6353 0.5951 0.0, -1.6353 0.5951 0.0197, -1.6275 0.6005 0.0, -1.6275 0.6005 0.0197, -1.6212 0.6076 0.0, -1.6212 0.6076 0.0197, -1.6168 0.616 0.0, -1.6168 0.616 0.0197, -1.6145 0.6252 0.0, -1.6145 0.6252 0.0197, -1.6145 0.6347 0.0, -1.6145 0.6347 0.0197, -1.6168 0.6439 0.0, -1.6168 0.6439 0.0197, -1.6212 0.6523 0.0, -1.6212 0.6523 0.0197, -1.6275 0.6594 0.0, -1.6275 0.6594 0.0197, -1.6353 0.6648 0.0, -1.6353 0.6648 0.0197, -1.6442 0.6682 0.0, -1.6442 0.6682 0.0197, -1.7717 0.5118 0.0799, -1.7721 0.5118 0.0799, -1.7717 0.4331 0.0799, -1.7721 0.4331 0.0799, -1.7717 0.5118 0.0197, -1.6536 0.5118 0.0197, -1.6536 0.5118 0.0, -1.7721 0.5118 0.0, -1.7717 0.4331 0.0197, -1.7721 0.4331 0.0, -1.6536 0.4331 0.0197, -1.6536 0.4331 0.0, -1.6434 0.4344 0.0, -1.6434 0.4344 0.0197, -1.6339 0.4384 0.0, -1.6339 0.4384 0.0197, -1.6258 0.4446 0.0, -1.6258 0.4446 0.0197, -1.6195 0.4528 0.0, -1.6195 0.4528 0.0197, -1.6156 0.4623 0.0, -1.6156 0.4623 0.0197, -1.6142 0.4725 0.0, -1.6142 0.4725 0.0197, -1.6156 0.4826 0.0, -1.6156 0.4826 0.0197, -1.6195 0.4921 0.0, -1.6195 0.4921 0.0197, -1.6258 0.5003 0.0, -1.6258 0.5003 0.0197, -1.6339 0.5065 0.0, -1.6339 0.5065 0.0197, -1.6434 0.5105 0.0, -1.6434 0.5105 0.0197, -1.7717 0.3543 0.0799, -1.7721 0.3543 0.0799, -1.7717 0.2756 0.0799, -1.7721 0.2756 0.0799, -1.7717 0.3543 0.0197, -1.6536 0.3543 0.0197, -1.6536 0.3543 0.0, -1.7721 0.3543 0.0, -1.7717 0.2756 0.0197, -1.7721 0.2756 0.0, -1.6536 0.2756 0.0197, -1.6536 0.2756 0.0, -1.6442 0.2767 0.0, -1.6442 0.2767 0.0197, -1.6353 0.2801 0.0, -1.6353 0.2801 0.0197, -1.6275 0.2855 0.0, -1.6275 0.2855 0.0197, -1.6212 0.2926 0.0, -1.6212 0.2926 0.0197, -1.6168 0.301 0.0, -1.6168 0.301 0.0197, -1.6145 0.3102 0.0, -1.6145 0.3102 0.0197, -1.6145 0.3197 0.0, -1.6145 0.3197 0.0197, -1.6168 0.3289 0.0, -1.6168 0.3289 0.0197, -1.6212 0.3373 0.0, -1.6212 0.3373 0.0197, -1.6275 0.3444 0.0, -1.6275 0.3444 0.0197, -1.6353 0.3498 0.0, -1.6353 0.3498 0.0197, -1.6442 0.3532 0.0, -1.6442 0.3532 0.0197, -1.7717 0.1969 0.0799, -1.7721 0.1969 0.0799, -1.7717 0.1181 0.0799, -1.7721 0.1181 0.0799, -1.7717 0.1969 0.0197, -1.6536 0.1969 0.0197, -1.6536 0.1969 0.0, -1.7721 0.1969 0.0, -1.7717 0.1181 0.0197, -1.7721 0.1181 0.0, -1.6536 0.1181 0.0197, -1.6536 0.1181 0.0, -1.6434 0.1195 0.0, -1.6434 0.1195 0.0197, -1.6339 0.1234 0.0, -1.6339 0.1234 0.0197, -1.6258 0.1297 0.0, -1.6258 0.1297 0.0197, -1.6195 0.1378 0.0, -1.6195 0.1378 0.0197, -1.6156 0.1473 0.0, -1.6156 0.1473 0.0197, -1.6142 0.1575 0.0, -1.6142 0.1575 0.0197, -1.6156 0.1677 0.0, -1.6156 0.1677 0.0197, -1.6195 0.1772 0.0, -1.6195 0.1772 0.0197, -1.6258 0.1853 0.0, -1.6258 0.1853 0.0197, -1.6339 0.1916 0.0, -1.6339 0.1916 0.0197, -1.6434 0.1955 0.0, -1.6434 0.1955 0.0197, -1.7717 0.0394 0.0799, -1.7721 0.0394 0.0799, -1.7717 -0.0394 0.0799, -1.7721 -0.0394 0.0799, -1.7717 0.0394 0.0197, -1.6536 0.0394 0.0197, -1.6536 0.0394 0.0, -1.7721 0.0394 0.0, -1.7717 -0.0394 0.0197, -1.7721 -0.0394 0.0, -1.6536 -0.0394 0.0197, -1.6536 -0.0394 0.0, -1.6434 -0.038 0.0, -1.6434 -0.038 0.0197, -1.6339 -0.0341 0.0, -1.6339 -0.0341 0.0197, -1.6258 -0.0278 0.0, -1.6258 -0.0278 0.0197, -1.6195 -0.0197 0.0, -1.6195 -0.0197 0.0197, -1.6156 -0.0102 0.0, -1.6156 -0.0102 0.0197, -1.6142 0.0 0.0, -1.6142 0.0 0.0197, -1.6156 0.0102 0.0, -1.6156 0.0102 0.0197, -1.6195 0.0197 0.0, -1.6195 0.0197 0.0197, -1.6258 0.0278 0.0, -1.6258 0.0278 0.0197, -1.6339 0.0341 0.0, -1.6339 0.0341 0.0197, -1.6434 0.038 0.0, -1.6434 0.038 0.0197, -1.7717 -0.1181 0.0799, -1.7721 -0.1181 0.0799, -1.7717 -0.1968 0.0799, -1.7721 -0.1968 0.0799, -1.7717 -0.1181 0.0197, -1.6536 -0.1181 0.0197, -1.6536 -0.1181 0.0, -1.7721 -0.1181 0.0, -1.7717 -0.1968 0.0197, -1.7721 -0.1968 0.0, -1.6536 -0.1968 0.0197, -1.6536 -0.1968 0.0, -1.6442 -0.1957 0.0, -1.6442 -0.1957 0.0197, -1.6353 -0.1923 0.0, -1.6353 -0.1923 0.0197, -1.6275 -0.1869 0.0, -1.6275 -0.1869 0.0197, -1.6212 -0.1798 0.0, -1.6212 -0.1798 0.0197, -1.6168 -0.1714 0.0, -1.6168 -0.1714 0.0197, -1.6145 -0.1622 0.0, -1.6145 -0.1622 0.0197, -1.6145 -0.1527 0.0, -1.6145 -0.1527 0.0197, -1.6168 -0.1435 0.0, -1.6168 -0.1435 0.0197, -1.6212 -0.1351 0.0, -1.6212 -0.1351 0.0197, -1.6275 -0.128 0.0, -1.6275 -0.128 0.0197, -1.6353 -0.1226 0.0, -1.6353 -0.1226 0.0197, -1.6442 -0.1192 0.0, -1.6442 -0.1192 0.0197, -1.7717 -0.2756 0.0799, -1.7721 -0.2756 0.0799, -1.7717 -0.3543 0.0799, -1.7721 -0.3543 0.0799, -1.7717 -0.2756 0.0197, -1.6536 -0.2756 0.0197, -1.6536 -0.2756 0.0, -1.7721 -0.2756 0.0, -1.7717 -0.3543 0.0197, -1.7721 -0.3543 0.0, -1.6536 -0.3543 0.0197, -1.6536 -0.3543 0.0, -1.6434 -0.353 0.0, -1.6434 -0.353 0.0197, -1.6339 -0.349 0.0, -1.6339 -0.349 0.0197, -1.6258 -0.3428 0.0, -1.6258 -0.3428 0.0197, -1.6195 -0.3346 0.0, -1.6195 -0.3346 0.0197, -1.6156 -0.3251 0.0, -1.6156 -0.3251 0.0197, -1.6142 -0.315 0.0, -1.6142 -0.315 0.0197, -1.6156 -0.3048 0.0, -1.6156 -0.3048 0.0197, -1.6195 -0.2953 0.0, -1.6195 -0.2953 0.0197, -1.6258 -0.2871 0.0, -1.6258 -0.2871 0.0197, -1.6339 -0.2809 0.0, -1.6339 -0.2809 0.0197, -1.6434 -0.2769 0.0, -1.6434 -0.2769 0.0197, -1.7717 -0.4331 0.0799, -1.7721 -0.4331 0.0799, -1.7717 -0.5118 0.0799, -1.7721 -0.5118 0.0799, -1.7717 -0.4331 0.0197, -1.6536 -0.4331 0.0197, -1.6536 -0.4331 0.0, -1.7721 -0.4331 0.0, -1.7717 -0.5118 0.0197, -1.7721 -0.5118 0.0, -1.6536 -0.5118 0.0197, -1.6536 -0.5118 0.0, -1.6442 -0.5107 0.0, -1.6442 -0.5107 0.0197, -1.6353 -0.5073 0.0, -1.6353 -0.5073 0.0197, -1.6275 -0.5019 0.0, -1.6275 -0.5019 0.0197, -1.6212 -0.4948 0.0, -1.6212 -0.4948 0.0197, -1.6168 -0.4864 0.0, -1.6168 -0.4864 0.0197, -1.6145 -0.4772 0.0, -1.6145 -0.4772 0.0197, -1.6145 -0.4677 0.0, -1.6145 -0.4677 0.0197, -1.6168 -0.4585 0.0, -1.6168 -0.4585 0.0197, -1.6212 -0.4501 0.0, -1.6212 -0.4501 0.0197, -1.6275 -0.443 0.0, -1.6275 -0.443 0.0197, -1.6353 -0.4376 0.0, -1.6353 -0.4376 0.0197, -1.6442 -0.4342 0.0, -1.6442 -0.4342 0.0197, -1.7717 -0.5905 0.0799, -1.7721 -0.5905 0.0799, -1.7717 -0.6693 0.0799, -1.7721 -0.6693 0.0799, -1.7717 -0.5905 0.0197, -1.6536 -0.5905 0.0197, -1.6536 -0.5905 0.0, -1.7721 -0.5905 0.0, -1.7717 -0.6693 0.0197, -1.7721 -0.6693 0.0, -1.6536 -0.6693 0.0197, -1.6536 -0.6693 0.0, -1.6434 -0.6679 0.0, -1.6434 -0.6679 0.0197, -1.6339 -0.664 0.0, -1.6339 -0.664 0.0197, -1.6258 -0.6578 0.0, -1.6258 -0.6578 0.0197, -1.6195 -0.6496 0.0, -1.6195 -0.6496 0.0197, -1.6156 -0.6401 0.0, -1.6156 -0.6401 0.0197, -1.6142 -0.6299 0.0, -1.6142 -0.6299 0.0197, -1.6156 -0.6197 0.0, -1.6156 -0.6197 0.0197, -1.6195 -0.6102 0.0, -1.6195 -0.6102 0.0197, -1.6258 -0.6021 0.0, -1.6258 -0.6021 0.0197, -1.6339 -0.5958 0.0, -1.6339 -0.5958 0.0197, -1.6434 -0.5919 0.0, -1.6434 -0.5919 0.0197, -1.7717 -0.748 0.0799, -1.7721 -0.748 0.0799, -1.7717 -0.8268 0.0799, -1.7721 -0.8268 0.0799, -1.7717 -0.748 0.0197, -1.6536 -0.748 0.0197, -1.6536 -0.748 0.0, -1.7721 -0.748 0.0, -1.7717 -0.8268 0.0197, -1.7721 -0.8268 0.0, -1.6536 -0.8268 0.0197, -1.6536 -0.8268 0.0, -1.6434 -0.8254 0.0, -1.6434 -0.8254 0.0197, -1.6339 -0.8215 0.0, -1.6339 -0.8215 0.0197, -1.6258 -0.8152 0.0, -1.6258 -0.8152 0.0197, -1.6195 -0.8071 0.0, -1.6195 -0.8071 0.0197, -1.6156 -0.7976 0.0, -1.6156 -0.7976 0.0197, -1.6142 -0.7874 0.0, -1.6142 -0.7874 0.0197, -1.6156 -0.7772 0.0, -1.6156 -0.7772 0.0197, -1.6195 -0.7677 0.0, -1.6195 -0.7677 0.0197, -1.6258 -0.7596 0.0, -1.6258 -0.7596 0.0197, -1.6339 -0.7533 0.0, -1.6339 -0.7533 0.0197, -1.6434 -0.7494 0.0, -1.6434 -0.7494 0.0197, -1.7717 -0.9055 0.0799, -1.7721 -0.9055 0.0799, -1.7717 -0.9842 0.0799, -1.7721 -0.9842 0.0799, -1.7717 -0.9055 0.0197, -1.6536 -0.9055 0.0197, -1.6536 -0.9055 0.0, -1.7721 -0.9055 0.0, -1.7717 -0.9842 0.0197, -1.7721 -0.9842 0.0, -1.6536 -0.9842 0.0197, -1.6536 -0.9842 0.0, -1.6442 -0.9831 0.0, -1.6442 -0.9831 0.0197, -1.6353 -0.9797 0.0, -1.6353 -0.9797 0.0197, -1.6275 -0.9743 0.0, -1.6275 -0.9743 0.0197, -1.6212 -0.9672 0.0, -1.6212 -0.9672 0.0197, -1.6168 -0.9588 0.0, -1.6168 -0.9588 0.0197, -1.6145 -0.9496 0.0, -1.6145 -0.9496 0.0197, -1.6145 -0.9401 0.0, -1.6145 -0.9401 0.0197, -1.6168 -0.9309 0.0, -1.6168 -0.9309 0.0197, -1.6212 -0.9225 0.0, -1.6212 -0.9225 0.0197, -1.6275 -0.9154 0.0, -1.6275 -0.9154 0.0197, -1.6353 -0.91 0.0, -1.6353 -0.91 0.0197, -1.6442 -0.9066 0.0, -1.6442 -0.9066 0.0197, -1.7717 -1.063 0.0799, -1.7721 -1.063 0.0799, -1.7717 -1.1417 0.0799, -1.7721 -1.1417 0.0799, -1.7717 -1.063 0.0197, -1.6536 -1.063 0.0197, -1.6536 -1.063 0.0, -1.7721 -1.063 0.0, -1.7717 -1.1417 0.0197, -1.7721 -1.1417 0.0, -1.6536 -1.1417 0.0197, -1.6536 -1.1417 0.0, -1.6434 -1.1404 0.0, -1.6434 -1.1404 0.0197, -1.6339 -1.1364 0.0, -1.6339 -1.1364 0.0197, -1.6258 -1.1302 0.0, -1.6258 -1.1302 0.0197, -1.6195 -1.122 0.0, -1.6195 -1.122 0.0197, -1.6156 -1.1125 0.0, -1.6156 -1.1125 0.0197, -1.6142 -1.1024 0.0, -1.6142 -1.1024 0.0197, -1.6156 -1.0922 0.0, -1.6156 -1.0922 0.0197, -1.6195 -1.0827 0.0, -1.6195 -1.0827 0.0197, -1.6258 -1.0745 0.0, -1.6258 -1.0745 0.0197, -1.6339 -1.0683 0.0, -1.6339 -1.0683 0.0197, -1.6434 -1.0643 0.0, -1.6434 -1.0643 0.0197, -1.7717 -1.2205 0.0799, -1.7721 -1.2205 0.0799, -1.7717 -1.2992 0.0799, -1.7721 -1.2992 0.0799, -1.7717 -1.2205 0.0197, -1.6536 -1.2205 0.0197, -1.6536 -1.2205 0.0, -1.7721 -1.2205 0.0, -1.7717 -1.2992 0.0197, -1.7721 -1.2992 0.0, -1.6536 -1.2992 0.0197, -1.6536 -1.2992 0.0, -1.6442 -1.2981 0.0, -1.6442 -1.2981 0.0197, -1.6353 -1.2947 0.0, -1.6353 -1.2947 0.0197, -1.6275 -1.2893 0.0, -1.6275 -1.2893 0.0197, -1.6212 -1.2822 0.0, -1.6212 -1.2822 0.0197, -1.6168 -1.2738 0.0, -1.6168 -1.2738 0.0197, -1.6145 -1.2646 0.0, -1.6145 -1.2646 0.0197, -1.6145 -1.2551 0.0, -1.6145 -1.2551 0.0197, -1.6168 -1.2459 0.0, -1.6168 -1.2459 0.0197, -1.6212 -1.2375 0.0, -1.6212 -1.2375 0.0197, -1.6275 -1.2304 0.0, -1.6275 -1.2304 0.0197, -1.6353 -1.225 0.0, -1.6353 -1.225 0.0197, -1.6442 -1.2216 0.0, -1.6442 -1.2216 0.0197, -1.7717 -1.3779 0.0799, -1.7721 -1.3779 0.0799, -1.7717 -1.4567 0.0799, -1.7721 -1.4567 0.0799, -1.7717 -1.3779 0.0197, -1.6536 -1.3779 0.0197, -1.6536 -1.3779 0.0, -1.7721 -1.3779 0.0, -1.7717 -1.4567 0.0197, -1.7721 -1.4567 0.0, -1.6536 -1.4567 0.0197, -1.6536 -1.4567 0.0, -1.6434 -1.4553 0.0, -1.6434 -1.4553 0.0197, -1.6339 -1.4514 0.0, -1.6339 -1.4514 0.0197, -1.6258 -1.4452 0.0, -1.6258 -1.4452 0.0197, -1.6195 -1.437 0.0, -1.6195 -1.437 0.0197, -1.6156 -1.4275 0.0, -1.6156 -1.4275 0.0197, -1.6142 -1.4173 0.0, -1.6142 -1.4173 0.0197, -1.6156 -1.4071 0.0, -1.6156 -1.4071 0.0197, -1.6195 -1.3976 0.0, -1.6195 -1.3976 0.0197, -1.6258 -1.3895 0.0, -1.6258 -1.3895 0.0197, -1.6339 -1.3832 0.0, -1.6339 -1.3832 0.0197, -1.6434 -1.3793 0.0, -1.6434 -1.3793 0.0197, 1.4566 1.7717 0.0799, 1.4566 1.7721 0.0799, 1.3779 1.7717 0.0799, 1.3779 1.7721 0.0799, 1.4566 1.7717 0.0197, 1.4566 1.6536 0.0197, 1.4566 1.6536 0.0, 1.4566 1.7721 0.0, 1.3779 1.7717 0.0197, 1.3779 1.7721 0.0, 1.3779 1.6536 0.0197, 1.3779 1.6536 0.0, 1.3792 1.6434 0.0, 1.3792 1.6434 0.0197, 1.3832 1.6339 0.0, 1.3832 1.6339 0.0197, 1.3894 1.6257 0.0, 1.3894 1.6257 0.0197, 1.3976 1.6195 0.0, 1.3976 1.6195 0.0197, 1.4071 1.6155 0.0, 1.4071 1.6155 0.0197, 1.4173 1.6142 0.0, 1.4173 1.6142 0.0197, 1.4275 1.6155 0.0, 1.4275 1.6155 0.0197, 1.437 1.6195 0.0, 1.437 1.6195 0.0197, 1.4451 1.6257 0.0, 1.4451 1.6257 0.0197, 1.4514 1.6339 0.0, 1.4514 1.6339 0.0197, 1.4553 1.6434 0.0, 1.4553 1.6434 0.0197, 1.7716 -1.4567 0.0799, 1.772 -1.4567 0.0799, 1.7716 -1.3779 0.0799, 1.772 -1.3779 0.0799, 1.7716 -1.4567 0.0197, 1.6535 -1.4567 0.0197, 1.6535 -1.4567 0.0, 1.772 -1.4567 0.0, 1.7716 -1.3779 0.0197, 1.772 -1.3779 0.0, 1.6535 -1.3779 0.0197, 1.6535 -1.3779 0.0, 1.6441 -1.3791 0.0, 1.6441 -1.3791 0.0197, 1.6352 -1.3825 0.0, 1.6352 -1.3825 0.0197, 1.6274 -1.3878 0.0, 1.6274 -1.3878 0.0197, 1.6211 -1.3949 0.0, 1.6211 -1.3949 0.0197, 1.6167 -1.4034 0.0, 1.6167 -1.4034 0.0197, 1.6144 -1.4126 0.0, 1.6144 -1.4126 0.0197, 1.6144 -1.4221 0.0, 1.6144 -1.4221 0.0197, 1.6167 -1.4313 0.0, 1.6167 -1.4313 0.0197, 1.6211 -1.4397 0.0, 1.6211 -1.4397 0.0197, 1.6274 -1.4468 0.0, 1.6274 -1.4468 0.0197, 1.6352 -1.4522 0.0, 1.6352 -1.4522 0.0197, 1.6441 -1.4555 0.0, 1.6441 -1.4555 0.0197, -1.4567 -1.7716 0.0799, -1.4567 -1.772 0.0799, -1.378 -1.7716 0.0799, -1.378 -1.772 0.0799, -1.4567 -1.7716 0.0197, -1.4567 -1.6535 0.0197, -1.4567 -1.6535 0.0, -1.4567 -1.772 0.0, -1.378 -1.7716 0.0197, -1.378 -1.772 0.0, -1.378 -1.6535 0.0197, -1.378 -1.6535 0.0, -1.3793 -1.6433 0.0, -1.3793 -1.6433 0.0197, -1.3833 -1.6338 0.0, -1.3833 -1.6338 0.0197, -1.3895 -1.6257 0.0, -1.3895 -1.6257 0.0197, -1.3977 -1.6194 0.0, -1.3977 -1.6194 0.0197, -1.4072 -1.6155 0.0, -1.4072 -1.6155 0.0197, -1.4174 -1.6142 0.0, -1.4174 -1.6142 0.0197, -1.4276 -1.6155 0.0, -1.4276 -1.6155 0.0197, -1.4371 -1.6194 0.0, -1.4371 -1.6194 0.0197, -1.4452 -1.6257 0.0, -1.4452 -1.6257 0.0197, -1.4515 -1.6338 0.0, -1.4515 -1.6338 0.0197, -1.4554 -1.6433 0.0, -1.4554 -1.6433 0.0197, 1.2992 1.7717 0.0799, 1.2992 1.7721 0.0799, 1.2204 1.7717 0.0799, 1.2204 1.7721 0.0799, 1.2992 1.7717 0.0197, 1.2992 1.6536 0.0197, 1.2992 1.6536 0.0, 1.2992 1.7721 0.0, 1.2204 1.7717 0.0197, 1.2204 1.7721 0.0, 1.2204 1.6536 0.0197, 1.2204 1.6536 0.0, 1.2218 1.6434 0.0, 1.2218 1.6434 0.0197, 1.2257 1.6339 0.0, 1.2257 1.6339 0.0197, 1.232 1.6257 0.0, 1.232 1.6257 0.0197, 1.2401 1.6195 0.0, 1.2401 1.6195 0.0197, 1.2496 1.6155 0.0, 1.2496 1.6155 0.0197, 1.2598 1.6142 0.0, 1.2598 1.6142 0.0197, 1.27 1.6155 0.0, 1.27 1.6155 0.0197, 1.2795 1.6195 0.0, 1.2795 1.6195 0.0197, 1.2876 1.6257 0.0, 1.2876 1.6257 0.0197, 1.2939 1.6339 0.0, 1.2939 1.6339 0.0197, 1.2978 1.6434 0.0, 1.2978 1.6434 0.0197, 1.1417 1.7717 0.0799, 1.1417 1.7721 0.0799, 1.0629 1.7717 0.0799, 1.0629 1.7721 0.0799, 1.1417 1.7717 0.0197, 1.1417 1.6536 0.0197, 1.1417 1.6536 0.0, 1.1417 1.7721 0.0, 1.0629 1.7717 0.0197, 1.0629 1.7721 0.0, 1.0629 1.6536 0.0197, 1.0629 1.6536 0.0, 1.0643 1.6434 0.0, 1.0643 1.6434 0.0197, 1.0682 1.6339 0.0, 1.0682 1.6339 0.0197, 1.0745 1.6257 0.0, 1.0745 1.6257 0.0197, 1.0826 1.6195 0.0, 1.0826 1.6195 0.0197, 1.0921 1.6155 0.0, 1.0921 1.6155 0.0197, 1.1023 1.6142 0.0, 1.1023 1.6142 0.0197, 1.1125 1.6155 0.0, 1.1125 1.6155 0.0197, 1.122 1.6195 0.0, 1.122 1.6195 0.0197, 1.1302 1.6257 0.0, 1.1302 1.6257 0.0197, 1.1364 1.6339 0.0, 1.1364 1.6339 0.0197, 1.1403 1.6434 0.0, 1.1403 1.6434 0.0197, 0.9842 1.7717 0.0799, 0.9842 1.7721 0.0799, 0.9055 1.7717 0.0799, 0.9055 1.7721 0.0799, 0.9842 1.7717 0.0197, 0.9842 1.6536 0.0197, 0.9842 1.6536 0.0, 0.9842 1.7721 0.0, 0.9055 1.7717 0.0197, 0.9055 1.7721 0.0, 0.9055 1.6536 0.0197, 0.9055 1.6536 0.0, 0.9068 1.6434 0.0, 0.9068 1.6434 0.0197, 0.9107 1.6339 0.0, 0.9107 1.6339 0.0197, 0.917 1.6257 0.0, 0.917 1.6257 0.0197, 0.9251 1.6195 0.0, 0.9251 1.6195 0.0197, 0.9346 1.6155 0.0, 0.9346 1.6155 0.0197, 0.9448 1.6142 0.0, 0.9448 1.6142 0.0197, 0.955 1.6155 0.0, 0.955 1.6155 0.0197, 0.9645 1.6195 0.0, 0.9645 1.6195 0.0197, 0.9727 1.6257 0.0, 0.9727 1.6257 0.0197, 0.9789 1.6339 0.0, 0.9789 1.6339 0.0197, 0.9829 1.6434 0.0, 0.9829 1.6434 0.0197, 0.8267 1.7717 0.0799, 0.8267 1.7721 0.0799, 0.748 1.7717 0.0799, 0.748 1.7721 0.0799, 0.8267 1.7717 0.0197, 0.8267 1.6536 0.0197, 0.8267 1.6536 0.0, 0.8267 1.7721 0.0, 0.748 1.7717 0.0197, 0.748 1.7721 0.0, 0.748 1.6536 0.0197, 0.748 1.6536 0.0, 0.7493 1.6434 0.0, 0.7493 1.6434 0.0197, 0.7533 1.6339 0.0, 0.7533 1.6339 0.0197, 0.7595 1.6257 0.0, 0.7595 1.6257 0.0197, 0.7677 1.6195 0.0, 0.7677 1.6195 0.0197, 0.7772 1.6155 0.0, 0.7772 1.6155 0.0197, 0.7874 1.6142 0.0, 0.7874 1.6142 0.0197, 0.7975 1.6155 0.0, 0.7975 1.6155 0.0197, 0.807 1.6195 0.0, 0.807 1.6195 0.0197, 0.8152 1.6257 0.0, 0.8152 1.6257 0.0197, 0.8214 1.6339 0.0, 0.8214 1.6339 0.0197, 0.8254 1.6434 0.0, 0.8254 1.6434 0.0197, 0.6692 1.7717 0.0799, 0.6692 1.7721 0.0799, 0.5905 1.7717 0.0799, 0.5905 1.7721 0.0799, 0.6692 1.7717 0.0197, 0.6692 1.6536 0.0197, 0.6692 1.6536 0.0, 0.6692 1.7721 0.0, 0.5905 1.7717 0.0197, 0.5905 1.7721 0.0, 0.5905 1.6536 0.0197, 0.5905 1.6536 0.0, 0.5918 1.6434 0.0, 0.5918 1.6434 0.0197, 0.5958 1.6339 0.0, 0.5958 1.6339 0.0197, 0.602 1.6257 0.0, 0.602 1.6257 0.0197, 0.6102 1.6195 0.0, 0.6102 1.6195 0.0197, 0.6197 1.6155 0.0, 0.6197 1.6155 0.0197, 0.6299 1.6142 0.0, 0.6299 1.6142 0.0197, 0.6401 1.6155 0.0, 0.6401 1.6155 0.0197, 0.6496 1.6195 0.0, 0.6496 1.6195 0.0197, 0.6577 1.6257 0.0, 0.6577 1.6257 0.0197, 0.664 1.6339 0.0, 0.664 1.6339 0.0197, 0.6679 1.6434 0.0, 0.6679 1.6434 0.0197, 0.5118 1.7717 0.0799, 0.5118 1.7721 0.0799, 0.433 1.7717 0.0799, 0.433 1.7721 0.0799, 0.5118 1.7717 0.0197, 0.5118 1.6536 0.0197, 0.5118 1.6536 0.0, 0.5118 1.7721 0.0, 0.433 1.7717 0.0197, 0.433 1.7721 0.0, 0.433 1.6536 0.0197, 0.433 1.6536 0.0, 0.4344 1.6434 0.0, 0.4344 1.6434 0.0197, 0.4383 1.6339 0.0, 0.4383 1.6339 0.0197, 0.4446 1.6257 0.0, 0.4446 1.6257 0.0197, 0.4527 1.6195 0.0, 0.4527 1.6195 0.0197, 0.4622 1.6155 0.0, 0.4622 1.6155 0.0197, 0.4724 1.6142 0.0, 0.4724 1.6142 0.0197, 0.4826 1.6155 0.0, 0.4826 1.6155 0.0197, 0.4921 1.6195 0.0, 0.4921 1.6195 0.0197, 0.5002 1.6257 0.0, 0.5002 1.6257 0.0197, 0.5065 1.6339 0.0, 0.5065 1.6339 0.0197, 0.5104 1.6434 0.0, 0.5104 1.6434 0.0197, 0.3543 1.7717 0.0799, 0.3543 1.7721 0.0799, 0.2755 1.7717 0.0799, 0.2755 1.7721 0.0799, 0.3543 1.7717 0.0197, 0.3543 1.6536 0.0197, 0.3543 1.6536 0.0, 0.3543 1.7721 0.0, 0.2755 1.7717 0.0197, 0.2755 1.7721 0.0, 0.2755 1.6536 0.0197, 0.2755 1.6536 0.0, 0.2769 1.6434 0.0, 0.2769 1.6434 0.0197, 0.2808 1.6339 0.0, 0.2808 1.6339 0.0197, 0.2871 1.6257 0.0, 0.2871 1.6257 0.0197, 0.2952 1.6195 0.0, 0.2952 1.6195 0.0197, 0.3047 1.6155 0.0, 0.3047 1.6155 0.0197, 0.3149 1.6142 0.0, 0.3149 1.6142 0.0197, 0.3251 1.6155 0.0, 0.3251 1.6155 0.0197, 0.3346 1.6195 0.0, 0.3346 1.6195 0.0197, 0.3427 1.6257 0.0, 0.3427 1.6257 0.0197, 0.349 1.6339 0.0, 0.349 1.6339 0.0197, 0.3529 1.6434 0.0, 0.3529 1.6434 0.0197, 0.1968 1.7717 0.0799, 0.1968 1.7721 0.0799, 0.1181 1.7717 0.0799, 0.1181 1.7721 0.0799, 0.1968 1.7717 0.0197, 0.1968 1.6536 0.0197, 0.1968 1.6536 0.0, 0.1968 1.7721 0.0, 0.1181 1.7717 0.0197, 0.1181 1.7721 0.0, 0.1181 1.6536 0.0197, 0.1181 1.6536 0.0, 0.1194 1.6434 0.0, 0.1194 1.6434 0.0197, 0.1233 1.6339 0.0, 0.1233 1.6339 0.0197, 0.1296 1.6257 0.0, 0.1296 1.6257 0.0197, 0.1377 1.6195 0.0, 0.1377 1.6195 0.0197, 0.1472 1.6155 0.0, 0.1472 1.6155 0.0197, 0.1574 1.6142 0.0, 0.1574 1.6142 0.0197, 0.1676 1.6155 0.0, 0.1676 1.6155 0.0197, 0.1771 1.6195 0.0, 0.1771 1.6195 0.0197, 0.1853 1.6257 0.0, 0.1853 1.6257 0.0197, 0.1915 1.6339 0.0, 0.1915 1.6339 0.0197, 0.1955 1.6434 0.0, 0.1955 1.6434 0.0197, 0.0393 1.7717 0.0799, 0.0393 1.7721 0.0799, -0.0394 1.7717 0.0799, -0.0394 1.7721 0.0799, 0.0393 1.7717 0.0197, 0.0393 1.6536 0.0197, 0.0393 1.6536 0.0, 0.0393 1.7721 0.0, -0.0394 1.7717 0.0197, -0.0394 1.7721 0.0, -0.0394 1.6536 0.0197, -0.0394 1.6536 0.0, -0.0381 1.6434 0.0, -0.0381 1.6434 0.0197, -0.0341 1.6339 0.0, -0.0341 1.6339 0.0197, -0.0279 1.6257 0.0, -0.0279 1.6257 0.0197, -0.0197 1.6195 0.0, -0.0197 1.6195 0.0197, -0.0102 1.6155 0.0, -0.0102 1.6155 0.0197, -0.0001 1.6142 0.0, -0.0001 1.6142 0.0197, 0.0101 1.6155 0.0, 0.0101 1.6155 0.0197, 0.0196 1.6195 0.0, 0.0196 1.6195 0.0197, 0.0278 1.6257 0.0, 0.0278 1.6257 0.0197, 0.034 1.6339 0.0, 0.034 1.6339 0.0197, 0.038 1.6434 0.0, 0.038 1.6434 0.0197, -0.1182 1.7717 0.0799, -0.1182 1.7721 0.0799, -0.1969 1.7717 0.0799, -0.1969 1.7721 0.0799, -0.1182 1.7717 0.0197, -0.1182 1.6536 0.0197, -0.1182 1.6536 0.0, -0.1182 1.7721 0.0, -0.1969 1.7717 0.0197, -0.1969 1.7721 0.0, -0.1969 1.6536 0.0197, -0.1969 1.6536 0.0, -0.1956 1.6434 0.0, -0.1956 1.6434 0.0197, -0.1916 1.6339 0.0, -0.1916 1.6339 0.0197, -0.1854 1.6257 0.0, -0.1854 1.6257 0.0197, -0.1772 1.6195 0.0, -0.1772 1.6195 0.0197, -0.1677 1.6155 0.0, -0.1677 1.6155 0.0197, -0.1575 1.6142 0.0, -0.1575 1.6142 0.0197, -0.1473 1.6155 0.0, -0.1473 1.6155 0.0197, -0.1378 1.6195 0.0, -0.1378 1.6195 0.0197, -0.1297 1.6257 0.0, -0.1297 1.6257 0.0197, -0.1234 1.6339 0.0, -0.1234 1.6339 0.0197, -0.1195 1.6434 0.0, -0.1195 1.6434 0.0197, -0.2756 1.7717 0.0799, -0.2756 1.7721 0.0799, -0.3544 1.7717 0.0799, -0.3544 1.7721 0.0799, -0.2756 1.7717 0.0197, -0.2756 1.6536 0.0197, -0.2756 1.6536 0.0, -0.2756 1.7721 0.0, -0.3544 1.7717 0.0197, -0.3544 1.7721 0.0, -0.3544 1.6536 0.0197, -0.3544 1.6536 0.0, -0.353 1.6434 0.0, -0.353 1.6434 0.0197, -0.3491 1.6339 0.0, -0.3491 1.6339 0.0197, -0.3428 1.6257 0.0, -0.3428 1.6257 0.0197, -0.3347 1.6195 0.0, -0.3347 1.6195 0.0197, -0.3252 1.6155 0.0, -0.3252 1.6155 0.0197, -0.315 1.6142 0.0, -0.315 1.6142 0.0197, -0.3048 1.6155 0.0, -0.3048 1.6155 0.0197, -0.2953 1.6195 0.0, -0.2953 1.6195 0.0197, -0.2872 1.6257 0.0, -0.2872 1.6257 0.0197, -0.2809 1.6339 0.0, -0.2809 1.6339 0.0197, -0.277 1.6434 0.0, -0.277 1.6434 0.0197, -0.4331 1.7717 0.0799, -0.4331 1.7721 0.0799, -0.5119 1.7717 0.0799, -0.5119 1.7721 0.0799, -0.4331 1.7717 0.0197, -0.4331 1.6536 0.0197, -0.4331 1.6536 0.0, -0.4331 1.7721 0.0, -0.5119 1.7717 0.0197, -0.5119 1.7721 0.0, -0.5119 1.6536 0.0197, -0.5119 1.6536 0.0, -0.5105 1.6434 0.0, -0.5105 1.6434 0.0197, -0.5066 1.6339 0.0, -0.5066 1.6339 0.0197, -0.5003 1.6257 0.0, -0.5003 1.6257 0.0197, -0.4922 1.6195 0.0, -0.4922 1.6195 0.0197, -0.4827 1.6155 0.0, -0.4827 1.6155 0.0197, -0.4725 1.6142 0.0, -0.4725 1.6142 0.0197, -0.4623 1.6155 0.0, -0.4623 1.6155 0.0197, -0.4528 1.6195 0.0, -0.4528 1.6195 0.0197, -0.4447 1.6257 0.0, -0.4447 1.6257 0.0197, -0.4384 1.6339 0.0, -0.4384 1.6339 0.0197, -0.4345 1.6434 0.0, -0.4345 1.6434 0.0197, -0.5906 1.7717 0.0799, -0.5906 1.7721 0.0799, -0.6693 1.7717 0.0799, -0.6693 1.7721 0.0799, -0.5906 1.7717 0.0197, -0.5906 1.6536 0.0197, -0.5906 1.6536 0.0, -0.5906 1.7721 0.0, -0.6693 1.7717 0.0197, -0.6693 1.7721 0.0, -0.6693 1.6536 0.0197, -0.6693 1.6536 0.0, -0.668 1.6434 0.0, -0.668 1.6434 0.0197, -0.6641 1.6339 0.0, -0.6641 1.6339 0.0197, -0.6578 1.6257 0.0, -0.6578 1.6257 0.0197, -0.6497 1.6195 0.0, -0.6497 1.6195 0.0197, -0.6402 1.6155 0.0, -0.6402 1.6155 0.0197, -0.63 1.6142 0.0, -0.63 1.6142 0.0197, -0.6198 1.6155 0.0, -0.6198 1.6155 0.0197, -0.6103 1.6195 0.0, -0.6103 1.6195 0.0197, -0.6021 1.6257 0.0, -0.6021 1.6257 0.0197, -0.5959 1.6339 0.0, -0.5959 1.6339 0.0197, -0.5919 1.6434 0.0, -0.5919 1.6434 0.0197, -0.7481 1.7717 0.0799, -0.7481 1.7721 0.0799, -0.8268 1.7717 0.0799, -0.8268 1.7721 0.0799, -0.7481 1.7717 0.0197, -0.7481 1.6536 0.0197, -0.7481 1.6536 0.0, -0.7481 1.7721 0.0, -0.8268 1.7717 0.0197, -0.8268 1.7721 0.0, -0.8268 1.6536 0.0197, -0.8268 1.6536 0.0, -0.8255 1.6434 0.0, -0.8255 1.6434 0.0197, -0.8215 1.6339 0.0, -0.8215 1.6339 0.0197, -0.8153 1.6257 0.0, -0.8153 1.6257 0.0197, -0.8071 1.6195 0.0, -0.8071 1.6195 0.0197, -0.7976 1.6155 0.0, -0.7976 1.6155 0.0197, -0.7875 1.6142 0.0, -0.7875 1.6142 0.0197, -0.7773 1.6155 0.0, -0.7773 1.6155 0.0197, -0.7678 1.6195 0.0, -0.7678 1.6195 0.0197, -0.7596 1.6257 0.0, -0.7596 1.6257 0.0197, -0.7534 1.6339 0.0, -0.7534 1.6339 0.0197, -0.7494 1.6434 0.0, -0.7494 1.6434 0.0197, -0.9056 1.7717 0.0799, -0.9056 1.7721 0.0799, -0.9843 1.7717 0.0799, -0.9843 1.7721 0.0799, -0.9056 1.7717 0.0197, -0.9056 1.6536 0.0197, -0.9056 1.6536 0.0, -0.9056 1.7721 0.0, -0.9843 1.7717 0.0197, -0.9843 1.7721 0.0, -0.9843 1.6536 0.0197, -0.9843 1.6536 0.0, -0.983 1.6434 0.0, -0.983 1.6434 0.0197, -0.979 1.6339 0.0, -0.979 1.6339 0.0197, -0.9728 1.6257 0.0, -0.9728 1.6257 0.0197, -0.9646 1.6195 0.0, -0.9646 1.6195 0.0197, -0.9551 1.6155 0.0, -0.9551 1.6155 0.0197, -0.9449 1.6142 0.0, -0.9449 1.6142 0.0197, -0.9347 1.6155 0.0, -0.9347 1.6155 0.0197, -0.9252 1.6195 0.0, -0.9252 1.6195 0.0197, -0.9171 1.6257 0.0, -0.9171 1.6257 0.0197, -0.9108 1.6339 0.0, -0.9108 1.6339 0.0197, -0.9069 1.6434 0.0, -0.9069 1.6434 0.0197, -1.063 1.7717 0.0799, -1.063 1.7721 0.0799, -1.1418 1.7717 0.0799, -1.1418 1.7721 0.0799, -1.063 1.7717 0.0197, -1.063 1.6536 0.0197, -1.063 1.6536 0.0, -1.063 1.7721 0.0, -1.1418 1.7717 0.0197, -1.1418 1.7721 0.0, -1.1418 1.6536 0.0197, -1.1418 1.6536 0.0, -1.1404 1.6434 0.0, -1.1404 1.6434 0.0197, -1.1365 1.6339 0.0, -1.1365 1.6339 0.0197, -1.1303 1.6257 0.0, -1.1303 1.6257 0.0197, -1.1221 1.6195 0.0, -1.1221 1.6195 0.0197, -1.1126 1.6155 0.0, -1.1126 1.6155 0.0197, -1.1024 1.6142 0.0, -1.1024 1.6142 0.0197, -1.0922 1.6155 0.0, -1.0922 1.6155 0.0197, -1.0827 1.6195 0.0, -1.0827 1.6195 0.0197, -1.0746 1.6257 0.0, -1.0746 1.6257 0.0197, -1.0683 1.6339 0.0, -1.0683 1.6339 0.0197, -1.0644 1.6434 0.0, -1.0644 1.6434 0.0197, -1.2205 1.7717 0.0799, -1.2205 1.7721 0.0799, -1.2993 1.7717 0.0799, -1.2993 1.7721 0.0799, -1.2205 1.7717 0.0197, -1.2205 1.6536 0.0197, -1.2205 1.6536 0.0, -1.2205 1.7721 0.0, -1.2993 1.7717 0.0197, -1.2993 1.7721 0.0, -1.2993 1.6536 0.0197, -1.2993 1.6536 0.0, -1.2979 1.6434 0.0, -1.2979 1.6434 0.0197, -1.294 1.6339 0.0, -1.294 1.6339 0.0197, -1.2877 1.6257 0.0, -1.2877 1.6257 0.0197, -1.2796 1.6195 0.0, -1.2796 1.6195 0.0197, -1.2701 1.6155 0.0, -1.2701 1.6155 0.0197, -1.2599 1.6142 0.0, -1.2599 1.6142 0.0197, -1.2497 1.6155 0.0, -1.2497 1.6155 0.0197, -1.2402 1.6195 0.0, -1.2402 1.6195 0.0197, -1.2321 1.6257 0.0, -1.2321 1.6257 0.0197, -1.2258 1.6339 0.0, -1.2258 1.6339 0.0197, -1.2219 1.6434 0.0, -1.2219 1.6434 0.0197, -1.378 1.7717 0.0799, -1.378 1.7721 0.0799, -1.4567 1.7717 0.0799, -1.4567 1.7721 0.0799, -1.378 1.7717 0.0197, -1.378 1.6536 0.0197, -1.378 1.6536 0.0, -1.378 1.7721 0.0, -1.4567 1.7717 0.0197, -1.4567 1.7721 0.0, -1.4567 1.6536 0.0197, -1.4567 1.6536 0.0, -1.4554 1.6434 0.0, -1.4554 1.6434 0.0197, -1.4515 1.6339 0.0, -1.4515 1.6339 0.0197, -1.4452 1.6257 0.0, -1.4452 1.6257 0.0197, -1.4371 1.6195 0.0, -1.4371 1.6195 0.0197, -1.4276 1.6155 0.0, -1.4276 1.6155 0.0197, -1.4174 1.6142 0.0, -1.4174 1.6142 0.0197, -1.4072 1.6155 0.0, -1.4072 1.6155 0.0197, -1.3977 1.6195 0.0, -1.3977 1.6195 0.0197, -1.3895 1.6257 0.0, -1.3895 1.6257 0.0197, -1.3833 1.6339 0.0, -1.3833 1.6339 0.0197, -1.3793 1.6434 0.0, -1.3793 1.6434 0.0197, 1.7716 -1.2992 0.0799, 1.772 -1.2992 0.0799, 1.7716 -1.2205 0.0799, 1.772 -1.2205 0.0799, 1.7716 -1.2992 0.0197, 1.6535 -1.2992 0.0197, 1.6535 -1.2992 0.0, 1.772 -1.2992 0.0, 1.7716 -1.2205 0.0197, 1.772 -1.2205 0.0, 1.6535 -1.2205 0.0197, 1.6535 -1.2205 0.0, 1.6433 -1.2218 0.0, 1.6433 -1.2218 0.0197, 1.6338 -1.2257 0.0, 1.6338 -1.2257 0.0197, 1.6257 -1.232 0.0, 1.6257 -1.232 0.0197, 1.6194 -1.2401 0.0, 1.6194 -1.2401 0.0197, 1.6155 -1.2496 0.0, 1.6155 -1.2496 0.0197, 1.6141 -1.2598 0.0, 1.6141 -1.2598 0.0197, 1.6155 -1.27 0.0, 1.6155 -1.27 0.0197, 1.6194 -1.2795 0.0, 1.6194 -1.2795 0.0197, 1.6257 -1.2877 0.0, 1.6257 -1.2877 0.0197, 1.6338 -1.2939 0.0, 1.6338 -1.2939 0.0197, 1.6433 -1.2979 0.0, 1.6433 -1.2979 0.0197, 1.7716 -1.1417 0.0799, 1.772 -1.1417 0.0799, 1.7716 -1.063 0.0799, 1.772 -1.063 0.0799, 1.7716 -1.1417 0.0197, 1.6535 -1.1417 0.0197, 1.6535 -1.1417 0.0, 1.772 -1.1417 0.0, 1.7716 -1.063 0.0197, 1.772 -1.063 0.0, 1.6535 -1.063 0.0197, 1.6535 -1.063 0.0, 1.6441 -1.0641 0.0, 1.6441 -1.0641 0.0197, 1.6352 -1.0675 0.0, 1.6352 -1.0675 0.0197, 1.6274 -1.0729 0.0, 1.6274 -1.0729 0.0197, 1.6211 -1.08 0.0, 1.6211 -1.08 0.0197, 1.6167 -1.0884 0.0, 1.6167 -1.0884 0.0197, 1.6144 -1.0976 0.0, 1.6144 -1.0976 0.0197, 1.6144 -1.1071 0.0, 1.6144 -1.1071 0.0197, 1.6167 -1.1163 0.0, 1.6167 -1.1163 0.0197, 1.6211 -1.1247 0.0, 1.6211 -1.1247 0.0197, 1.6274 -1.1318 0.0, 1.6274 -1.1318 0.0197, 1.6352 -1.1372 0.0, 1.6352 -1.1372 0.0197, 1.6441 -1.1406 0.0, 1.6441 -1.1406 0.0197, 1.7716 -0.9842 0.0799, 1.772 -0.9842 0.0799, 1.7716 -0.9055 0.0799, 1.772 -0.9055 0.0799, 1.7716 -0.9842 0.0197, 1.6535 -0.9842 0.0197, 1.6535 -0.9842 0.0, 1.772 -0.9842 0.0, 1.7716 -0.9055 0.0197, 1.772 -0.9055 0.0, 1.6535 -0.9055 0.0197, 1.6535 -0.9055 0.0, 1.6433 -0.9068 0.0, 1.6433 -0.9068 0.0197, 1.6338 -0.9108 0.0, 1.6338 -0.9108 0.0197, 1.6257 -0.917 0.0, 1.6257 -0.917 0.0197, 1.6194 -0.9252 0.0, 1.6194 -0.9252 0.0197, 1.6155 -0.9347 0.0, 1.6155 -0.9347 0.0197, 1.6141 -0.9449 0.0, 1.6141 -0.9449 0.0197, 1.6155 -0.9551 0.0, 1.6155 -0.9551 0.0197, 1.6194 -0.9646 0.0, 1.6194 -0.9646 0.0197, 1.6257 -0.9727 0.0, 1.6257 -0.9727 0.0197, 1.6338 -0.979 0.0, 1.6338 -0.979 0.0197, 1.6433 -0.9829 0.0, 1.6433 -0.9829 0.0197, 1.7716 -0.8268 0.0799, 1.772 -0.8268 0.0799, 1.7716 -0.748 0.0799, 1.772 -0.748 0.0799, 1.7716 -0.8268 0.0197, 1.6535 -0.8268 0.0197, 1.6535 -0.8268 0.0, 1.772 -0.8268 0.0, 1.7716 -0.748 0.0197, 1.772 -0.748 0.0, 1.6535 -0.748 0.0197, 1.6535 -0.748 0.0, 1.6433 -0.7494 0.0, 1.6433 -0.7494 0.0197, 1.6338 -0.7533 0.0, 1.6338 -0.7533 0.0197, 1.6257 -0.7596 0.0, 1.6257 -0.7596 0.0197, 1.6194 -0.7677 0.0, 1.6194 -0.7677 0.0197, 1.6155 -0.7772 0.0, 1.6155 -0.7772 0.0197, 1.6141 -0.7874 0.0, 1.6141 -0.7874 0.0197, 1.6155 -0.7976 0.0, 1.6155 -0.7976 0.0197, 1.6194 -0.8071 0.0, 1.6194 -0.8071 0.0197, 1.6257 -0.8152 0.0, 1.6257 -0.8152 0.0197, 1.6338 -0.8215 0.0, 1.6338 -0.8215 0.0197, 1.6433 -0.8254 0.0, 1.6433 -0.8254 0.0197, 1.7716 -0.6693 0.0799, 1.772 -0.6693 0.0799, 1.7716 -0.5905 0.0799, 1.772 -0.5905 0.0799, 1.7716 -0.6693 0.0197, 1.6535 -0.6693 0.0197, 1.6535 -0.6693 0.0, 1.772 -0.6693 0.0, 1.7716 -0.5905 0.0197, 1.772 -0.5905 0.0, 1.6535 -0.5905 0.0197, 1.6535 -0.5905 0.0, 1.6441 -0.5917 0.0, 1.6441 -0.5917 0.0197, 1.6352 -0.5951 0.0, 1.6352 -0.5951 0.0197, 1.6274 -0.6004 0.0, 1.6274 -0.6004 0.0197, 1.6211 -0.6075 0.0, 1.6211 -0.6075 0.0197, 1.6167 -0.616 0.0, 1.6167 -0.616 0.0197, 1.6144 -0.6252 0.0, 1.6144 -0.6252 0.0197, 1.6144 -0.6347 0.0, 1.6144 -0.6347 0.0197, 1.6167 -0.6439 0.0, 1.6167 -0.6439 0.0197, 1.6211 -0.6523 0.0, 1.6211 -0.6523 0.0197, 1.6274 -0.6594 0.0, 1.6274 -0.6594 0.0197, 1.6352 -0.6648 0.0, 1.6352 -0.6648 0.0197, 1.6441 -0.6681 0.0, 1.6441 -0.6681 0.0197, 1.7716 -0.5118 0.0799, 1.772 -0.5118 0.0799, 1.7716 -0.4331 0.0799, 1.772 -0.4331 0.0799, 1.7716 -0.5118 0.0197, 1.6535 -0.5118 0.0197, 1.6535 -0.5118 0.0, 1.772 -0.5118 0.0, 1.7716 -0.4331 0.0197, 1.772 -0.4331 0.0, 1.6535 -0.4331 0.0197, 1.6535 -0.4331 0.0, 1.6433 -0.4344 0.0, 1.6433 -0.4344 0.0197, 1.6338 -0.4383 0.0, 1.6338 -0.4383 0.0197, 1.6257 -0.4446 0.0, 1.6257 -0.4446 0.0197, 1.6194 -0.4527 0.0, 1.6194 -0.4527 0.0197, 1.6155 -0.4622 0.0, 1.6155 -0.4622 0.0197, 1.6141 -0.4724 0.0, 1.6141 -0.4724 0.0197, 1.6155 -0.4826 0.0, 1.6155 -0.4826 0.0197, 1.6194 -0.4921 0.0, 1.6194 -0.4921 0.0197, 1.6257 -0.5003 0.0, 1.6257 -0.5003 0.0197, 1.6338 -0.5065 0.0, 1.6338 -0.5065 0.0197, 1.6433 -0.5105 0.0, 1.6433 -0.5105 0.0197, 1.7716 -0.3543 0.0799, 1.772 -0.3543 0.0799, 1.7716 -0.2756 0.0799, 1.772 -0.2756 0.0799, 1.7716 -0.3543 0.0197, 1.6535 -0.3543 0.0197, 1.6535 -0.3543 0.0, 1.772 -0.3543 0.0, 1.7716 -0.2756 0.0197, 1.772 -0.2756 0.0, 1.6535 -0.2756 0.0197, 1.6535 -0.2756 0.0, 1.6441 -0.2767 0.0, 1.6441 -0.2767 0.0197, 1.6352 -0.2801 0.0, 1.6352 -0.2801 0.0197, 1.6274 -0.2855 0.0, 1.6274 -0.2855 0.0197, 1.6211 -0.2926 0.0, 1.6211 -0.2926 0.0197, 1.6167 -0.301 0.0, 1.6167 -0.301 0.0197, 1.6144 -0.3102 0.0, 1.6144 -0.3102 0.0197, 1.6144 -0.3197 0.0, 1.6144 -0.3197 0.0197, 1.6167 -0.3289 0.0, 1.6167 -0.3289 0.0197, 1.6211 -0.3373 0.0, 1.6211 -0.3373 0.0197, 1.6274 -0.3444 0.0, 1.6274 -0.3444 0.0197, 1.6352 -0.3498 0.0, 1.6352 -0.3498 0.0197, 1.6441 -0.3532 0.0, 1.6441 -0.3532 0.0197, 1.7716 -0.1968 0.0799, 1.772 -0.1968 0.0799, 1.7716 -0.1181 0.0799, 1.772 -0.1181 0.0799, 1.7716 -0.1968 0.0197, 1.6535 -0.1968 0.0197, 1.6535 -0.1968 0.0, 1.772 -0.1968 0.0, 1.7716 -0.1181 0.0197, 1.772 -0.1181 0.0, 1.6535 -0.1181 0.0197, 1.6535 -0.1181 0.0, 1.6433 -0.1194 0.0, 1.6433 -0.1194 0.0197, 1.6338 -0.1234 0.0, 1.6338 -0.1234 0.0197, 1.6257 -0.1296 0.0, 1.6257 -0.1296 0.0197, 1.6194 -0.1378 0.0, 1.6194 -0.1378 0.0197, 1.6155 -0.1473 0.0, 1.6155 -0.1473 0.0197, 1.6141 -0.1575 0.0, 1.6141 -0.1575 0.0197, 1.6155 -0.1677 0.0, 1.6155 -0.1677 0.0197, 1.6194 -0.1772 0.0, 1.6194 -0.1772 0.0197, 1.6257 -0.1853 0.0, 1.6257 -0.1853 0.0197, 1.6338 -0.1916 0.0, 1.6338 -0.1916 0.0197, 1.6433 -0.1955 0.0, 1.6433 -0.1955 0.0197, 1.7716 -0.0394 0.0799, 1.772 -0.0394 0.0799, 1.7716 0.0394 0.0799, 1.772 0.0394 0.0799, 1.7716 -0.0394 0.0197, 1.6535 -0.0394 0.0197, 1.6535 -0.0394 0.0, 1.772 -0.0394 0.0, 1.7716 0.0394 0.0197, 1.772 0.0394 0.0, 1.6535 0.0394 0.0197, 1.6535 0.0394 0.0, 1.6433 0.038 0.0, 1.6433 0.038 0.0197, 1.6338 0.0341 0.0, 1.6338 0.0341 0.0197, 1.6257 0.0278 0.0, 1.6257 0.0278 0.0197, 1.6194 0.0197 0.0, 1.6194 0.0197 0.0197, 1.6155 0.0102 0.0, 1.6155 0.0102 0.0197, 1.6141 0.0 0.0, 1.6141 0.0 0.0197, 1.6155 -0.0102 0.0, 1.6155 -0.0102 0.0197, 1.6194 -0.0197 0.0, 1.6194 -0.0197 0.0197, 1.6257 -0.0278 0.0, 1.6257 -0.0278 0.0197, 1.6338 -0.0341 0.0, 1.6338 -0.0341 0.0197, 1.6433 -0.038 0.0, 1.6433 -0.038 0.0197, 1.7716 0.1181 0.0799, 1.772 0.1181 0.0799, 1.7716 0.1969 0.0799, 1.772 0.1969 0.0799, 1.7716 0.1181 0.0197, 1.6535 0.1181 0.0197, 1.6535 0.1181 0.0, 1.772 0.1181 0.0, 1.7716 0.1969 0.0197, 1.772 0.1969 0.0, 1.6535 0.1969 0.0197, 1.6535 0.1969 0.0, 1.6441 0.1957 0.0, 1.6441 0.1957 0.0197, 1.6352 0.1924 0.0, 1.6352 0.1924 0.0197, 1.6274 0.187 0.0, 1.6274 0.187 0.0197, 1.6211 0.1799 0.0, 1.6211 0.1799 0.0197, 1.6167 0.1715 0.0, 1.6167 0.1715 0.0197, 1.6144 0.1622 0.0, 1.6144 0.1622 0.0197, 1.6144 0.1527 0.0, 1.6144 0.1527 0.0197, 1.6167 0.1435 0.0, 1.6167 0.1435 0.0197, 1.6211 0.1351 0.0, 1.6211 0.1351 0.0197, 1.6274 0.128 0.0, 1.6274 0.128 0.0197, 1.6352 0.1226 0.0, 1.6352 0.1226 0.0197, 1.6441 0.1193 0.0, 1.6441 0.1193 0.0197, 1.7716 0.2756 0.0799, 1.772 0.2756 0.0799, 1.7716 0.3543 0.0799, 1.772 0.3543 0.0799, 1.7716 0.2756 0.0197, 1.6535 0.2756 0.0197, 1.6535 0.2756 0.0, 1.772 0.2756 0.0, 1.7716 0.3543 0.0197, 1.772 0.3543 0.0, 1.6535 0.3543 0.0197, 1.6535 0.3543 0.0, 1.6433 0.353 0.0, 1.6433 0.353 0.0197, 1.6338 0.3491 0.0, 1.6338 0.3491 0.0197, 1.6257 0.3428 0.0, 1.6257 0.3428 0.0197, 1.6194 0.3347 0.0, 1.6194 0.3347 0.0197, 1.6155 0.3252 0.0, 1.6155 0.3252 0.0197, 1.6141 0.315 0.0, 1.6141 0.315 0.0197, 1.6155 0.3048 0.0, 1.6155 0.3048 0.0197, 1.6194 0.2953 0.0, 1.6194 0.2953 0.0197, 1.6257 0.2871 0.0, 1.6257 0.2871 0.0197, 1.6338 0.2809 0.0, 1.6338 0.2809 0.0197, 1.6433 0.2769 0.0, 1.6433 0.2769 0.0197, 1.7716 0.4331 0.0799, 1.772 0.4331 0.0799, 1.7716 0.5118 0.0799, 1.772 0.5118 0.0799, 1.7716 0.4331 0.0197, 1.6535 0.4331 0.0197, 1.6535 0.4331 0.0, 1.772 0.4331 0.0, 1.7716 0.5118 0.0197, 1.772 0.5118 0.0, 1.6535 0.5118 0.0197, 1.6535 0.5118 0.0, 1.6441 0.5107 0.0, 1.6441 0.5107 0.0197, 1.6352 0.5073 0.0, 1.6352 0.5073 0.0197, 1.6274 0.5019 0.0, 1.6274 0.5019 0.0197, 1.6211 0.4948 0.0, 1.6211 0.4948 0.0197, 1.6167 0.4864 0.0, 1.6167 0.4864 0.0197, 1.6144 0.4772 0.0, 1.6144 0.4772 0.0197, 1.6144 0.4677 0.0, 1.6144 0.4677 0.0197, 1.6167 0.4585 0.0, 1.6167 0.4585 0.0197, 1.6211 0.4501 0.0, 1.6211 0.4501 0.0197, 1.6274 0.443 0.0, 1.6274 0.443 0.0197, 1.6352 0.4376 0.0, 1.6352 0.4376 0.0197, 1.6441 0.4342 0.0, 1.6441 0.4342 0.0197, 1.7716 0.5906 0.0799, 1.772 0.5906 0.0799, 1.7716 0.6693 0.0799, 1.772 0.6693 0.0799, 1.7716 0.5906 0.0197, 1.6535 0.5906 0.0197, 1.6535 0.5906 0.0, 1.772 0.5906 0.0, 1.7716 0.6693 0.0197, 1.772 0.6693 0.0, 1.6535 0.6693 0.0197, 1.6535 0.6693 0.0, 1.6433 0.668 0.0, 1.6433 0.668 0.0197, 1.6338 0.664 0.0, 1.6338 0.664 0.0197, 1.6257 0.6578 0.0, 1.6257 0.6578 0.0197, 1.6194 0.6496 0.0, 1.6194 0.6496 0.0197, 1.6155 0.6401 0.0, 1.6155 0.6401 0.0197, 1.6141 0.6299 0.0, 1.6141 0.6299 0.0197, 1.6155 0.6197 0.0, 1.6155 0.6197 0.0197, 1.6194 0.6102 0.0, 1.6194 0.6102 0.0197, 1.6257 0.6021 0.0, 1.6257 0.6021 0.0197, 1.6338 0.5958 0.0, 1.6338 0.5958 0.0197, 1.6433 0.5919 0.0, 1.6433 0.5919 0.0197, 1.7716 0.748 0.0799, 1.772 0.748 0.0799, 1.7716 0.8268 0.0799, 1.772 0.8268 0.0799, 1.7716 0.748 0.0197, 1.6535 0.748 0.0197, 1.6535 0.748 0.0, 1.772 0.748 0.0, 1.7716 0.8268 0.0197, 1.772 0.8268 0.0, 1.6535 0.8268 0.0197, 1.6535 0.8268 0.0, 1.6433 0.8254 0.0, 1.6433 0.8254 0.0197, 1.6338 0.8215 0.0, 1.6338 0.8215 0.0197, 1.6257 0.8153 0.0, 1.6257 0.8153 0.0197, 1.6194 0.8071 0.0, 1.6194 0.8071 0.0197, 1.6155 0.7976 0.0, 1.6155 0.7976 0.0197, 1.6141 0.7874 0.0, 1.6141 0.7874 0.0197, 1.6155 0.7772 0.0, 1.6155 0.7772 0.0197, 1.6194 0.7677 0.0, 1.6194 0.7677 0.0197, 1.6257 0.7596 0.0, 1.6257 0.7596 0.0197, 1.6338 0.7533 0.0, 1.6338 0.7533 0.0197, 1.6433 0.7494 0.0, 1.6433 0.7494 0.0197, 1.7716 0.9055 0.0799, 1.772 0.9055 0.0799, 1.7716 0.9843 0.0799, 1.772 0.9843 0.0799, 1.7716 0.9055 0.0197, 1.6535 0.9055 0.0197, 1.6535 0.9055 0.0, 1.772 0.9055 0.0, 1.7716 0.9843 0.0197, 1.772 0.9843 0.0, 1.6535 0.9843 0.0197, 1.6535 0.9843 0.0, 1.6441 0.9831 0.0, 1.6441 0.9831 0.0197, 1.6352 0.9798 0.0, 1.6352 0.9798 0.0197, 1.6274 0.9744 0.0, 1.6274 0.9744 0.0197, 1.6211 0.9673 0.0, 1.6211 0.9673 0.0197, 1.6167 0.9589 0.0, 1.6167 0.9589 0.0197, 1.6144 0.9496 0.0, 1.6144 0.9496 0.0197, 1.6144 0.9401 0.0, 1.6144 0.9401 0.0197, 1.6167 0.9309 0.0, 1.6167 0.9309 0.0197, 1.6211 0.9225 0.0, 1.6211 0.9225 0.0197, 1.6274 0.9154 0.0, 1.6274 0.9154 0.0197, 1.6352 0.91 0.0, 1.6352 0.91 0.0197, 1.6441 0.9067 0.0, 1.6441 0.9067 0.0197, 1.7716 1.063 0.0799, 1.772 1.063 0.0799, 1.7716 1.1417 0.0799, 1.772 1.1417 0.0799, 1.7716 1.063 0.0197, 1.6535 1.063 0.0197, 1.6535 1.063 0.0, 1.772 1.063 0.0, 1.7716 1.1417 0.0197, 1.772 1.1417 0.0, 1.6535 1.1417 0.0197, 1.6535 1.1417 0.0, 1.6433 1.1404 0.0, 1.6433 1.1404 0.0197, 1.6338 1.1365 0.0, 1.6338 1.1365 0.0197, 1.6257 1.1302 0.0, 1.6257 1.1302 0.0197, 1.6194 1.1221 0.0, 1.6194 1.1221 0.0197, 1.6155 1.1126 0.0, 1.6155 1.1126 0.0197, 1.6141 1.1024 0.0, 1.6141 1.1024 0.0197, 1.6155 1.0922 0.0, 1.6155 1.0922 0.0197, 1.6194 1.0827 0.0, 1.6194 1.0827 0.0197, 1.6257 1.0745 0.0, 1.6257 1.0745 0.0197, 1.6338 1.0683 0.0, 1.6338 1.0683 0.0197, 1.6433 1.0643 0.0, 1.6433 1.0643 0.0197, 1.7716 1.2205 0.0799, 1.772 1.2205 0.0799, 1.7716 1.2992 0.0799, 1.772 1.2992 0.0799, 1.7716 1.2205 0.0197, 1.6535 1.2205 0.0197, 1.6535 1.2205 0.0, 1.772 1.2205 0.0, 1.7716 1.2992 0.0197, 1.772 1.2992 0.0, 1.6535 1.2992 0.0197, 1.6535 1.2992 0.0, 1.6441 1.2981 0.0, 1.6441 1.2981 0.0197, 1.6352 1.2947 0.0, 1.6352 1.2947 0.0197, 1.6274 1.2893 0.0, 1.6274 1.2893 0.0197, 1.6211 1.2822 0.0, 1.6211 1.2822 0.0197, 1.6167 1.2738 0.0, 1.6167 1.2738 0.0197, 1.6144 1.2646 0.0, 1.6144 1.2646 0.0197, 1.6144 1.2551 0.0, 1.6144 1.2551 0.0197, 1.6167 1.2459 0.0, 1.6167 1.2459 0.0197, 1.6211 1.2375 0.0, 1.6211 1.2375 0.0197, 1.6274 1.2304 0.0, 1.6274 1.2304 0.0197, 1.6352 1.225 0.0, 1.6352 1.225 0.0197, 1.6441 1.2216 0.0, 1.6441 1.2216 0.0197, 1.7716 1.378 0.0799, 1.772 1.378 0.0799, 1.7716 1.4567 0.0799, 1.772 1.4567 0.0799, 1.7716 1.378 0.0197, 1.6535 1.378 0.0197, 1.6535 1.378 0.0, 1.772 1.378 0.0, 1.7716 1.4567 0.0197, 1.772 1.4567 0.0, 1.6535 1.4567 0.0197, 1.6535 1.4567 0.0, 1.6433 1.4554 0.0, 1.6433 1.4554 0.0197, 1.6338 1.4514 0.0, 1.6338 1.4514 0.0197, 1.6257 1.4452 0.0, 1.6257 1.4452 0.0197, 1.6194 1.437 0.0, 1.6194 1.437 0.0197, 1.6155 1.4275 0.0, 1.6155 1.4275 0.0197, 1.6141 1.4173 0.0, 1.6141 1.4173 0.0197, 1.6155 1.4071 0.0, 1.6155 1.4071 0.0197, 1.6194 1.3976 0.0, 1.6194 1.3976 0.0197, 1.6257 1.3895 0.0, 1.6257 1.3895 0.0197, 1.6338 1.3832 0.0, 1.6338 1.3832 0.0197, 1.6433 1.3793 0.0, 1.6433 1.3793 0.0197, -1.2993 -1.7716 0.0799, -1.2993 -1.772 0.0799, -1.2205 -1.7716 0.0799, -1.2205 -1.772 0.0799, -1.2993 -1.7716 0.0197, -1.2993 -1.6535 0.0197, -1.2993 -1.6535 0.0, -1.2993 -1.772 0.0, -1.2205 -1.7716 0.0197, -1.2205 -1.772 0.0, -1.2205 -1.6535 0.0197, -1.2205 -1.6535 0.0, -1.2219 -1.6433 0.0, -1.2219 -1.6433 0.0197, -1.2258 -1.6338 0.0, -1.2258 -1.6338 0.0197, -1.2321 -1.6257 0.0, -1.2321 -1.6257 0.0197, -1.2402 -1.6194 0.0, -1.2402 -1.6194 0.0197, -1.2497 -1.6155 0.0, -1.2497 -1.6155 0.0197, -1.2599 -1.6142 0.0, -1.2599 -1.6142 0.0197, -1.2701 -1.6155 0.0, -1.2701 -1.6155 0.0197, -1.2796 -1.6194 0.0, -1.2796 -1.6194 0.0197, -1.2877 -1.6257 0.0, -1.2877 -1.6257 0.0197, -1.294 -1.6338 0.0, -1.294 -1.6338 0.0197, -1.2979 -1.6433 0.0, -1.2979 -1.6433 0.0197, -1.1418 -1.7716 0.0799, -1.1418 -1.772 0.0799, -1.063 -1.7716 0.0799, -1.063 -1.772 0.0799, -1.1418 -1.7716 0.0197, -1.1418 -1.6535 0.0197, -1.1418 -1.6535 0.0, -1.1418 -1.772 0.0, -1.063 -1.7716 0.0197, -1.063 -1.772 0.0, -1.063 -1.6535 0.0197, -1.063 -1.6535 0.0, -1.0644 -1.6433 0.0, -1.0644 -1.6433 0.0197, -1.0683 -1.6338 0.0, -1.0683 -1.6338 0.0197, -1.0746 -1.6257 0.0, -1.0746 -1.6257 0.0197, -1.0827 -1.6194 0.0, -1.0827 -1.6194 0.0197, -1.0922 -1.6155 0.0, -1.0922 -1.6155 0.0197, -1.1024 -1.6142 0.0, -1.1024 -1.6142 0.0197, -1.1126 -1.6155 0.0, -1.1126 -1.6155 0.0197, -1.1221 -1.6194 0.0, -1.1221 -1.6194 0.0197, -1.1303 -1.6257 0.0, -1.1303 -1.6257 0.0197, -1.1365 -1.6338 0.0, -1.1365 -1.6338 0.0197, -1.1404 -1.6433 0.0, -1.1404 -1.6433 0.0197, -0.9843 -1.7716 0.0799, -0.9843 -1.772 0.0799, -0.9056 -1.7716 0.0799, -0.9056 -1.772 0.0799, -0.9843 -1.7716 0.0197, -0.9843 -1.6535 0.0197, -0.9843 -1.6535 0.0, -0.9843 -1.772 0.0, -0.9056 -1.7716 0.0197, -0.9056 -1.772 0.0, -0.9056 -1.6535 0.0197, -0.9056 -1.6535 0.0, -0.9069 -1.6433 0.0, -0.9069 -1.6433 0.0197, -0.9108 -1.6338 0.0, -0.9108 -1.6338 0.0197, -0.9171 -1.6257 0.0, -0.9171 -1.6257 0.0197, -0.9252 -1.6194 0.0, -0.9252 -1.6194 0.0197, -0.9347 -1.6155 0.0, -0.9347 -1.6155 0.0197, -0.9449 -1.6142 0.0, -0.9449 -1.6142 0.0197, -0.9551 -1.6155 0.0, -0.9551 -1.6155 0.0197, -0.9646 -1.6194 0.0, -0.9646 -1.6194 0.0197, -0.9728 -1.6257 0.0, -0.9728 -1.6257 0.0197, -0.979 -1.6338 0.0, -0.979 -1.6338 0.0197, -0.983 -1.6433 0.0, -0.983 -1.6433 0.0197, -0.8268 -1.7716 0.0799, -0.8268 -1.772 0.0799, -0.7481 -1.7716 0.0799, -0.7481 -1.772 0.0799, -0.8268 -1.7716 0.0197, -0.8268 -1.6535 0.0197, -0.8268 -1.6535 0.0, -0.8268 -1.772 0.0, -0.7481 -1.7716 0.0197, -0.7481 -1.772 0.0, -0.7481 -1.6535 0.0197, -0.7481 -1.6535 0.0, -0.7494 -1.6433 0.0, -0.7494 -1.6433 0.0197, -0.7534 -1.6338 0.0, -0.7534 -1.6338 0.0197, -0.7596 -1.6257 0.0, -0.7596 -1.6257 0.0197, -0.7678 -1.6194 0.0, -0.7678 -1.6194 0.0197, -0.7773 -1.6155 0.0, -0.7773 -1.6155 0.0197, -0.7875 -1.6142 0.0, -0.7875 -1.6142 0.0197, -0.7976 -1.6155 0.0, -0.7976 -1.6155 0.0197, -0.8071 -1.6194 0.0, -0.8071 -1.6194 0.0197, -0.8153 -1.6257 0.0, -0.8153 -1.6257 0.0197, -0.8215 -1.6338 0.0, -0.8215 -1.6338 0.0197, -0.8255 -1.6433 0.0, -0.8255 -1.6433 0.0197, -0.6693 -1.7716 0.0799, -0.6693 -1.772 0.0799, -0.5906 -1.7716 0.0799, -0.5906 -1.772 0.0799, -0.6693 -1.7716 0.0197, -0.6693 -1.6535 0.0197, -0.6693 -1.6535 0.0, -0.6693 -1.772 0.0, -0.5906 -1.7716 0.0197, -0.5906 -1.772 0.0, -0.5906 -1.6535 0.0197, -0.5906 -1.6535 0.0, -0.5919 -1.6433 0.0, -0.5919 -1.6433 0.0197, -0.5959 -1.6338 0.0, -0.5959 -1.6338 0.0197, -0.6021 -1.6257 0.0, -0.6021 -1.6257 0.0197, -0.6103 -1.6194 0.0, -0.6103 -1.6194 0.0197, -0.6198 -1.6155 0.0, -0.6198 -1.6155 0.0197, -0.63 -1.6142 0.0, -0.63 -1.6142 0.0197, -0.6402 -1.6155 0.0, -0.6402 -1.6155 0.0197, -0.6497 -1.6194 0.0, -0.6497 -1.6194 0.0197, -0.6578 -1.6257 0.0, -0.6578 -1.6257 0.0197, -0.6641 -1.6338 0.0, -0.6641 -1.6338 0.0197, -0.668 -1.6433 0.0, -0.668 -1.6433 0.0197, -0.5119 -1.7716 0.0799, -0.5119 -1.772 0.0799, -0.4331 -1.7716 0.0799, -0.4331 -1.772 0.0799, -0.5119 -1.7716 0.0197, -0.5119 -1.6535 0.0197, -0.5119 -1.6535 0.0, -0.5119 -1.772 0.0, -0.4331 -1.7716 0.0197, -0.4331 -1.772 0.0, -0.4331 -1.6535 0.0197, -0.4331 -1.6535 0.0, -0.4345 -1.6433 0.0, -0.4345 -1.6433 0.0197, -0.4384 -1.6338 0.0, -0.4384 -1.6338 0.0197, -0.4447 -1.6257 0.0, -0.4447 -1.6257 0.0197, -0.4528 -1.6194 0.0, -0.4528 -1.6194 0.0197, -0.4623 -1.6155 0.0, -0.4623 -1.6155 0.0197, -0.4725 -1.6142 0.0, -0.4725 -1.6142 0.0197, -0.4827 -1.6155 0.0, -0.4827 -1.6155 0.0197, -0.4922 -1.6194 0.0, -0.4922 -1.6194 0.0197, -0.5003 -1.6257 0.0, -0.5003 -1.6257 0.0197, -0.5066 -1.6338 0.0, -0.5066 -1.6338 0.0197, -0.5105 -1.6433 0.0, -0.5105 -1.6433 0.0197, -0.3544 -1.7716 0.0799, -0.3544 -1.772 0.0799, -0.2756 -1.7716 0.0799, -0.2756 -1.772 0.0799, -0.3544 -1.7716 0.0197, -0.3544 -1.6535 0.0197, -0.3544 -1.6535 0.0, -0.3544 -1.772 0.0, -0.2756 -1.7716 0.0197, -0.2756 -1.772 0.0, -0.2756 -1.6535 0.0197, -0.2756 -1.6535 0.0, -0.277 -1.6433 0.0, -0.277 -1.6433 0.0197, -0.2809 -1.6338 0.0, -0.2809 -1.6338 0.0197, -0.2872 -1.6257 0.0, -0.2872 -1.6257 0.0197, -0.2953 -1.6194 0.0, -0.2953 -1.6194 0.0197, -0.3048 -1.6155 0.0, -0.3048 -1.6155 0.0197, -0.315 -1.6142 0.0, -0.315 -1.6142 0.0197, -0.3252 -1.6155 0.0, -0.3252 -1.6155 0.0197, -0.3347 -1.6194 0.0, -0.3347 -1.6194 0.0197, -0.3428 -1.6257 0.0, -0.3428 -1.6257 0.0197, -0.3491 -1.6338 0.0, -0.3491 -1.6338 0.0197, -0.353 -1.6433 0.0, -0.353 -1.6433 0.0197, -0.1969 -1.7716 0.0799, -0.1969 -1.772 0.0799, -0.1182 -1.7716 0.0799, -0.1182 -1.772 0.0799, -0.1969 -1.7716 0.0197, -0.1969 -1.6535 0.0197, -0.1969 -1.6535 0.0, -0.1969 -1.772 0.0, -0.1182 -1.7716 0.0197, -0.1182 -1.772 0.0, -0.1182 -1.6535 0.0197, -0.1182 -1.6535 0.0, -0.1195 -1.6433 0.0, -0.1195 -1.6433 0.0197, -0.1234 -1.6338 0.0, -0.1234 -1.6338 0.0197, -0.1297 -1.6257 0.0, -0.1297 -1.6257 0.0197, -0.1378 -1.6194 0.0, -0.1378 -1.6194 0.0197, -0.1473 -1.6155 0.0, -0.1473 -1.6155 0.0197, -0.1575 -1.6142 0.0, -0.1575 -1.6142 0.0197, -0.1677 -1.6155 0.0, -0.1677 -1.6155 0.0197, -0.1772 -1.6194 0.0, -0.1772 -1.6194 0.0197, -0.1854 -1.6257 0.0, -0.1854 -1.6257 0.0197, -0.1916 -1.6338 0.0, -0.1916 -1.6338 0.0197, -0.1956 -1.6433 0.0, -0.1956 -1.6433 0.0197, -0.0394 -1.7716 0.0799, -0.0394 -1.772 0.0799, 0.0393 -1.7716 0.0799, 0.0393 -1.772 0.0799, -0.0394 -1.7716 0.0197, -0.0394 -1.6535 0.0197, -0.0394 -1.6535 0.0, -0.0394 -1.772 0.0, 0.0393 -1.7716 0.0197, 0.0393 -1.772 0.0, 0.0393 -1.6535 0.0197, 0.0393 -1.6535 0.0, 0.038 -1.6433 0.0, 0.038 -1.6433 0.0197, 0.034 -1.6338 0.0, 0.034 -1.6338 0.0197, 0.0278 -1.6257 0.0, 0.0278 -1.6257 0.0197, 0.0196 -1.6194 0.0, 0.0196 -1.6194 0.0197, 0.0101 -1.6155 0.0, 0.0101 -1.6155 0.0197, -0.0001 -1.6142 0.0, -0.0001 -1.6142 0.0197, -0.0102 -1.6155 0.0, -0.0102 -1.6155 0.0197, -0.0197 -1.6194 0.0, -0.0197 -1.6194 0.0197, -0.0279 -1.6257 0.0, -0.0279 -1.6257 0.0197, -0.0341 -1.6338 0.0, -0.0341 -1.6338 0.0197, -0.0381 -1.6433 0.0, -0.0381 -1.6433 0.0197, 0.1181 -1.7716 0.0799, 0.1181 -1.772 0.0799, 0.1968 -1.7716 0.0799, 0.1968 -1.772 0.0799, 0.1181 -1.7716 0.0197, 0.1181 -1.6535 0.0197, 0.1181 -1.6535 0.0, 0.1181 -1.772 0.0, 0.1968 -1.7716 0.0197, 0.1968 -1.772 0.0, 0.1968 -1.6535 0.0197, 0.1968 -1.6535 0.0, 0.1955 -1.6433 0.0, 0.1955 -1.6433 0.0197, 0.1915 -1.6338 0.0, 0.1915 -1.6338 0.0197, 0.1853 -1.6257 0.0, 0.1853 -1.6257 0.0197, 0.1771 -1.6194 0.0, 0.1771 -1.6194 0.0197, 0.1676 -1.6155 0.0, 0.1676 -1.6155 0.0197, 0.1574 -1.6142 0.0, 0.1574 -1.6142 0.0197, 0.1472 -1.6155 0.0, 0.1472 -1.6155 0.0197, 0.1377 -1.6194 0.0, 0.1377 -1.6194 0.0197, 0.1296 -1.6257 0.0, 0.1296 -1.6257 0.0197, 0.1233 -1.6338 0.0, 0.1233 -1.6338 0.0197, 0.1194 -1.6433 0.0, 0.1194 -1.6433 0.0197, 0.2755 -1.7716 0.0799, 0.2755 -1.772 0.0799, 0.3543 -1.7716 0.0799, 0.3543 -1.772 0.0799, 0.2755 -1.7716 0.0197, 0.2755 -1.6535 0.0197, 0.2755 -1.6535 0.0, 0.2755 -1.772 0.0, 0.3543 -1.7716 0.0197, 0.3543 -1.772 0.0, 0.3543 -1.6535 0.0197, 0.3543 -1.6535 0.0, 0.3529 -1.6433 0.0, 0.3529 -1.6433 0.0197, 0.349 -1.6338 0.0, 0.349 -1.6338 0.0197, 0.3427 -1.6257 0.0, 0.3427 -1.6257 0.0197, 0.3346 -1.6194 0.0, 0.3346 -1.6194 0.0197, 0.3251 -1.6155 0.0, 0.3251 -1.6155 0.0197, 0.3149 -1.6142 0.0, 0.3149 -1.6142 0.0197, 0.3047 -1.6155 0.0, 0.3047 -1.6155 0.0197, 0.2952 -1.6194 0.0, 0.2952 -1.6194 0.0197, 0.2871 -1.6257 0.0, 0.2871 -1.6257 0.0197, 0.2808 -1.6338 0.0, 0.2808 -1.6338 0.0197, 0.2769 -1.6433 0.0, 0.2769 -1.6433 0.0197, 0.433 -1.7716 0.0799, 0.433 -1.772 0.0799, 0.5118 -1.7716 0.0799, 0.5118 -1.772 0.0799, 0.433 -1.7716 0.0197, 0.433 -1.6535 0.0197, 0.433 -1.6535 0.0, 0.433 -1.772 0.0, 0.5118 -1.7716 0.0197, 0.5118 -1.772 0.0, 0.5118 -1.6535 0.0197, 0.5118 -1.6535 0.0, 0.5104 -1.6433 0.0, 0.5104 -1.6433 0.0197, 0.5065 -1.6338 0.0, 0.5065 -1.6338 0.0197, 0.5002 -1.6257 0.0, 0.5002 -1.6257 0.0197, 0.4921 -1.6194 0.0, 0.4921 -1.6194 0.0197, 0.4826 -1.6155 0.0, 0.4826 -1.6155 0.0197, 0.4724 -1.6142 0.0, 0.4724 -1.6142 0.0197, 0.4622 -1.6155 0.0, 0.4622 -1.6155 0.0197, 0.4527 -1.6194 0.0, 0.4527 -1.6194 0.0197, 0.4446 -1.6257 0.0, 0.4446 -1.6257 0.0197, 0.4383 -1.6338 0.0, 0.4383 -1.6338 0.0197, 0.4344 -1.6433 0.0, 0.4344 -1.6433 0.0197, 0.5905 -1.7716 0.0799, 0.5905 -1.772 0.0799, 0.6692 -1.7716 0.0799, 0.6692 -1.772 0.0799, 0.5905 -1.7716 0.0197, 0.5905 -1.6535 0.0197, 0.5905 -1.6535 0.0, 0.5905 -1.772 0.0, 0.6692 -1.7716 0.0197, 0.6692 -1.772 0.0, 0.6692 -1.6535 0.0197, 0.6692 -1.6535 0.0, 0.6679 -1.6433 0.0, 0.6679 -1.6433 0.0197, 0.664 -1.6338 0.0, 0.664 -1.6338 0.0197, 0.6577 -1.6257 0.0, 0.6577 -1.6257 0.0197, 0.6496 -1.6194 0.0, 0.6496 -1.6194 0.0197, 0.6401 -1.6155 0.0, 0.6401 -1.6155 0.0197, 0.6299 -1.6142 0.0, 0.6299 -1.6142 0.0197, 0.6197 -1.6155 0.0, 0.6197 -1.6155 0.0197, 0.6102 -1.6194 0.0, 0.6102 -1.6194 0.0197, 0.602 -1.6257 0.0, 0.602 -1.6257 0.0197, 0.5958 -1.6338 0.0, 0.5958 -1.6338 0.0197, 0.5918 -1.6433 0.0, 0.5918 -1.6433 0.0197, 0.748 -1.7716 0.0799, 0.748 -1.772 0.0799, 0.8267 -1.7716 0.0799, 0.8267 -1.772 0.0799, 0.748 -1.7716 0.0197, 0.748 -1.6535 0.0197, 0.748 -1.6535 0.0, 0.748 -1.772 0.0, 0.8267 -1.7716 0.0197, 0.8267 -1.772 0.0, 0.8267 -1.6535 0.0197, 0.8267 -1.6535 0.0, 0.8254 -1.6433 0.0, 0.8254 -1.6433 0.0197, 0.8214 -1.6338 0.0, 0.8214 -1.6338 0.0197, 0.8152 -1.6257 0.0, 0.8152 -1.6257 0.0197, 0.807 -1.6194 0.0, 0.807 -1.6194 0.0197, 0.7975 -1.6155 0.0, 0.7975 -1.6155 0.0197, 0.7874 -1.6142 0.0, 0.7874 -1.6142 0.0197, 0.7772 -1.6155 0.0, 0.7772 -1.6155 0.0197, 0.7677 -1.6194 0.0, 0.7677 -1.6194 0.0197, 0.7595 -1.6257 0.0, 0.7595 -1.6257 0.0197, 0.7533 -1.6338 0.0, 0.7533 -1.6338 0.0197, 0.7493 -1.6433 0.0, 0.7493 -1.6433 0.0197, 0.9055 -1.7716 0.0799, 0.9055 -1.772 0.0799, 0.9842 -1.7716 0.0799, 0.9842 -1.772 0.0799, 0.9055 -1.7716 0.0197, 0.9055 -1.6535 0.0197, 0.9055 -1.6535 0.0, 0.9055 -1.772 0.0, 0.9842 -1.7716 0.0197, 0.9842 -1.772 0.0, 0.9842 -1.6535 0.0197, 0.9842 -1.6535 0.0, 0.9829 -1.6433 0.0, 0.9829 -1.6433 0.0197, 0.9789 -1.6338 0.0, 0.9789 -1.6338 0.0197, 0.9727 -1.6257 0.0, 0.9727 -1.6257 0.0197, 0.9645 -1.6194 0.0, 0.9645 -1.6194 0.0197, 0.955 -1.6155 0.0, 0.955 -1.6155 0.0197, 0.9448 -1.6142 0.0, 0.9448 -1.6142 0.0197, 0.9346 -1.6155 0.0, 0.9346 -1.6155 0.0197, 0.9251 -1.6194 0.0, 0.9251 -1.6194 0.0197, 0.917 -1.6257 0.0, 0.917 -1.6257 0.0197, 0.9107 -1.6338 0.0, 0.9107 -1.6338 0.0197, 0.9068 -1.6433 0.0, 0.9068 -1.6433 0.0197, 1.0629 -1.7716 0.0799, 1.0629 -1.772 0.0799, 1.1417 -1.7716 0.0799, 1.1417 -1.772 0.0799, 1.0629 -1.7716 0.0197, 1.0629 -1.6535 0.0197, 1.0629 -1.6535 0.0, 1.0629 -1.772 0.0, 1.1417 -1.7716 0.0197, 1.1417 -1.772 0.0, 1.1417 -1.6535 0.0197, 1.1417 -1.6535 0.0, 1.1403 -1.6433 0.0, 1.1403 -1.6433 0.0197, 1.1364 -1.6338 0.0, 1.1364 -1.6338 0.0197, 1.1302 -1.6257 0.0, 1.1302 -1.6257 0.0197, 1.122 -1.6194 0.0, 1.122 -1.6194 0.0197, 1.1125 -1.6155 0.0, 1.1125 -1.6155 0.0197, 1.1023 -1.6142 0.0, 1.1023 -1.6142 0.0197, 1.0921 -1.6155 0.0, 1.0921 -1.6155 0.0197, 1.0826 -1.6194 0.0, 1.0826 -1.6194 0.0197, 1.0745 -1.6257 0.0, 1.0745 -1.6257 0.0197, 1.0682 -1.6338 0.0, 1.0682 -1.6338 0.0197, 1.0643 -1.6433 0.0, 1.0643 -1.6433 0.0197, 1.2204 -1.7716 0.0799, 1.2204 -1.772 0.0799, 1.2992 -1.7716 0.0799, 1.2992 -1.772 0.0799, 1.2204 -1.7716 0.0197, 1.2204 -1.6535 0.0197, 1.2204 -1.6535 0.0, 1.2204 -1.772 0.0, 1.2992 -1.7716 0.0197, 1.2992 -1.772 0.0, 1.2992 -1.6535 0.0197, 1.2992 -1.6535 0.0, 1.2978 -1.6433 0.0, 1.2978 -1.6433 0.0197, 1.2939 -1.6338 0.0, 1.2939 -1.6338 0.0197, 1.2876 -1.6257 0.0, 1.2876 -1.6257 0.0197, 1.2795 -1.6194 0.0, 1.2795 -1.6194 0.0197, 1.27 -1.6155 0.0, 1.27 -1.6155 0.0197, 1.2598 -1.6142 0.0, 1.2598 -1.6142 0.0197, 1.2496 -1.6155 0.0, 1.2496 -1.6155 0.0197, 1.2401 -1.6194 0.0, 1.2401 -1.6194 0.0197, 1.232 -1.6257 0.0, 1.232 -1.6257 0.0197, 1.2257 -1.6338 0.0, 1.2257 -1.6338 0.0197, 1.2218 -1.6433 0.0, 1.2218 -1.6433 0.0197, 1.3779 -1.7716 0.0799, 1.3779 -1.772 0.0799, 1.4566 -1.7716 0.0799, 1.4566 -1.772 0.0799, 1.3779 -1.7716 0.0197, 1.3779 -1.6535 0.0197, 1.3779 -1.6535 0.0, 1.3779 -1.772 0.0, 1.4566 -1.7716 0.0197, 1.4566 -1.772 0.0, 1.4566 -1.6535 0.0197, 1.4566 -1.6535 0.0, 1.4553 -1.6433 0.0, 1.4553 -1.6433 0.0197, 1.4514 -1.6338 0.0, 1.4514 -1.6338 0.0197, 1.4451 -1.6257 0.0, 1.4451 -1.6257 0.0197, 1.437 -1.6194 0.0, 1.437 -1.6194 0.0197, 1.4275 -1.6155 0.0, 1.4275 -1.6155 0.0197, 1.4173 -1.6142 0.0, 1.4173 -1.6142 0.0197, 1.4071 -1.6155 0.0, 1.4071 -1.6155 0.0197, 1.3976 -1.6194 0.0, 1.3976 -1.6194 0.0197, 1.3894 -1.6257 0.0, 1.3894 -1.6257 0.0197, 1.3832 -1.6338 0.0, 1.3832 -1.6338 0.0197, 1.3792 -1.6433 0.0, 1.3792 -1.6433 0.0197, -1.063 1.063 0.0, -1.063 1.063 0.0197, 0.02 1.063 0.0, 1.0629 1.063 0.0197, 1.0629 1.063 0.0, 1.0629 -0.0082 0.0, 1.0629 -1.063 0.0197, 1.0629 -1.063 0.0, 0.02 -1.063 0.0, -0.9252 -1.063 0.0197, -0.9252 -1.063 0.0, -1.063 -0.9252 0.0, -1.063 -0.9252 0.0197, -1.063 -0.0082 0.0
            ]
        }
        coordIndex [
            0,1,2,-1,2,1,3,-1,1,0,4,-1,5,6,4,-1,4,6,7,-1,4,7,1,-1,2,3,8,-1,8,3,9,-1,8,9,10,-1,10,9,11,-1,10,11,12,-1,10,12,13,-1,13,12,14,-1,13,14,15,-1,15,14,16,-1,15,16,17,-1,17,16,18,-1,17,18,19,-1,19,18,20,-1,19,20,21,-1,21,20,22,-1,21,22,23,-1,23,22,24,-1,23,24,25,-1,25,24,26,-1,25,26,27,-1,27,26,28,-1,27,28,29,-1,29,28,30,-1,29,30,31,-1,31,30,32,-1,31,32,33,-1,33,32,6,-1,33,6,5,-1,3,1,9,-1,9,1,7,-1,11,9,7,-1,7,6,11,-1,11,6,32,-1,11,32,30,-1,30,28,11,-1,11,28,26,-1,11,26,24,-1,14,20,16,-1,16,20,18,-1,24,22,11,-1,11,22,20,-1,11,20,12,-1,12,20,14,-1,34,35,36,-1,36,35,37,-1,35,34,38,-1,39,40,38,-1,38,40,41,-1,38,41,35,-1,36,37,42,-1,42,37,43,-1,42,43,44,-1,44,43,45,-1,44,45,46,-1,44,46,47,-1,47,46,48,-1,47,48,49,-1,49,48,50,-1,49,50,51,-1,51,50,52,-1,51,52,53,-1,53,52,54,-1,53,54,55,-1,55,54,56,-1,55,56,57,-1,57,56,58,-1,57,58,59,-1,59,58,60,-1,59,60,61,-1,61,60,62,-1,61,62,63,-1,63,62,64,-1,63,64,65,-1,65,64,66,-1,65,66,67,-1,67,66,40,-1,67,40,39,-1,37,35,43,-1,43,35,41,-1,45,43,41,-1,41,40,45,-1,45,40,66,-1,45,66,64,-1,48,60,50,-1,50,60,58,-1,58,56,50,-1,50,56,54,-1,50,54,52,-1,64,62,45,-1,45,62,60,-1,45,60,46,-1,46,60,48,-1,68,69,70,-1,70,69,71,-1,69,68,72,-1,73,74,72,-1,72,74,75,-1,72,75,69,-1,70,71,76,-1,76,71,77,-1,76,77,78,-1,78,77,79,-1,78,79,80,-1,78,80,81,-1,81,80,82,-1,81,82,83,-1,83,82,84,-1,83,84,85,-1,85,84,86,-1,85,86,87,-1,87,86,88,-1,87,88,89,-1,89,88,90,-1,89,90,91,-1,91,90,92,-1,91,92,93,-1,93,92,94,-1,93,94,95,-1,95,94,96,-1,95,96,97,-1,97,96,98,-1,97,98,99,-1,99,98,100,-1,99,100,101,-1,101,100,102,-1,101,102,103,-1,103,102,74,-1,103,74,73,-1,71,69,77,-1,77,69,75,-1,77,75,79,-1,79,75,74,-1,79,74,102,-1,84,82,98,-1,102,100,79,-1,79,100,98,-1,79,98,80,-1,80,98,82,-1,96,94,92,-1,92,90,96,-1,96,90,88,-1,96,88,98,-1,98,88,86,-1,98,86,84,-1,104,105,106,-1,106,105,107,-1,105,104,108,-1,109,110,108,-1,108,110,111,-1,108,111,105,-1,106,107,112,-1,112,107,113,-1,112,113,114,-1,114,113,115,-1,114,115,116,-1,114,116,117,-1,117,116,118,-1,117,118,119,-1,119,118,120,-1,119,120,121,-1,121,120,122,-1,121,122,123,-1,123,122,124,-1,123,124,125,-1,125,124,126,-1,125,126,127,-1,127,126,128,-1,127,128,129,-1,129,128,130,-1,129,130,131,-1,131,130,132,-1,131,132,133,-1,133,132,134,-1,133,134,135,-1,135,134,136,-1,135,136,137,-1,137,136,110,-1,137,110,109,-1,107,105,113,-1,113,105,111,-1,126,124,110,-1,134,132,130,-1,134,130,136,-1,124,122,110,-1,110,122,120,-1,110,120,118,-1,136,130,110,-1,110,130,128,-1,110,128,126,-1,113,111,115,-1,115,111,110,-1,115,110,116,-1,116,110,118,-1,138,139,140,-1,140,139,141,-1,139,138,142,-1,143,144,142,-1,142,144,145,-1,142,145,139,-1,140,141,146,-1,146,141,147,-1,146,147,148,-1,148,147,149,-1,148,149,150,-1,148,150,151,-1,151,150,152,-1,151,152,153,-1,153,152,154,-1,153,154,155,-1,155,154,156,-1,155,156,157,-1,157,156,158,-1,157,158,159,-1,159,158,160,-1,159,160,161,-1,161,160,162,-1,161,162,163,-1,163,162,164,-1,163,164,165,-1,165,164,166,-1,165,166,167,-1,167,166,168,-1,167,168,169,-1,169,168,170,-1,169,170,171,-1,171,170,144,-1,171,144,143,-1,141,139,147,-1,147,139,145,-1,149,147,145,-1,145,144,149,-1,149,144,170,-1,149,170,168,-1,168,166,149,-1,149,166,164,-1,149,164,162,-1,152,158,154,-1,154,158,156,-1,162,160,149,-1,149,160,158,-1,149,158,150,-1,150,158,152,-1,172,173,174,-1,174,173,175,-1,173,172,176,-1,177,178,176,-1,176,178,179,-1,176,179,173,-1,174,175,180,-1,180,175,181,-1,180,181,182,-1,182,181,183,-1,182,183,184,-1,182,184,185,-1,185,184,186,-1,185,186,187,-1,187,186,188,-1,187,188,189,-1,189,188,190,-1,189,190,191,-1,191,190,192,-1,191,192,193,-1,193,192,194,-1,193,194,195,-1,195,194,196,-1,195,196,197,-1,197,196,198,-1,197,198,199,-1,199,198,200,-1,199,200,201,-1,201,200,202,-1,201,202,203,-1,203,202,204,-1,203,204,205,-1,205,204,206,-1,205,206,207,-1,207,206,178,-1,207,178,177,-1,175,173,181,-1,181,173,179,-1,181,179,183,-1,183,179,178,-1,178,206,183,-1,183,206,204,-1,183,204,202,-1,202,200,183,-1,183,200,198,-1,183,198,196,-1,196,194,183,-1,183,194,192,-1,183,192,190,-1,188,186,190,-1,190,186,184,-1,190,184,183,-1,208,209,210,-1,210,209,211,-1,209,208,212,-1,213,214,212,-1,212,214,215,-1,212,215,209,-1,210,211,216,-1,216,211,217,-1,216,217,218,-1,218,217,219,-1,218,219,220,-1,218,220,221,-1,221,220,222,-1,221,222,223,-1,223,222,224,-1,223,224,225,-1,225,224,226,-1,225,226,227,-1,227,226,228,-1,227,228,229,-1,229,228,230,-1,229,230,231,-1,231,230,232,-1,231,232,233,-1,233,232,234,-1,233,234,235,-1,235,234,236,-1,235,236,237,-1,237,236,238,-1,237,238,239,-1,239,238,240,-1,239,240,241,-1,241,240,214,-1,241,214,213,-1,211,209,217,-1,217,209,215,-1,217,215,219,-1,219,215,214,-1,219,214,240,-1,240,238,219,-1,219,238,236,-1,219,236,234,-1,234,232,219,-1,219,232,230,-1,219,230,228,-1,228,226,224,-1,224,222,228,-1,228,222,220,-1,228,220,219,-1,242,243,244,-1,244,243,245,-1,243,242,246,-1,247,248,246,-1,246,248,249,-1,246,249,243,-1,244,245,250,-1,250,245,251,-1,250,251,252,-1,252,251,253,-1,252,253,254,-1,252,254,255,-1,255,254,256,-1,255,256,257,-1,257,256,258,-1,257,258,259,-1,259,258,260,-1,259,260,261,-1,261,260,262,-1,261,262,263,-1,263,262,264,-1,263,264,265,-1,265,264,266,-1,265,266,267,-1,267,266,268,-1,267,268,269,-1,269,268,270,-1,269,270,271,-1,271,270,272,-1,271,272,273,-1,273,272,274,-1,273,274,275,-1,275,274,276,-1,275,276,277,-1,277,276,248,-1,277,248,247,-1,245,243,251,-1,251,243,249,-1,251,249,253,-1,253,249,248,-1,253,248,254,-1,254,248,256,-1,276,274,260,-1,274,272,260,-1,260,272,270,-1,260,270,262,-1,276,260,248,-1,248,260,258,-1,248,258,256,-1,262,270,264,-1,264,270,268,-1,264,268,266,-1,278,279,280,-1,280,279,281,-1,279,278,282,-1,283,284,282,-1,282,284,285,-1,282,285,279,-1,280,281,286,-1,286,281,287,-1,286,287,288,-1,288,287,289,-1,288,289,290,-1,288,290,291,-1,291,290,292,-1,291,292,293,-1,293,292,294,-1,293,294,295,-1,295,294,296,-1,295,296,297,-1,297,296,298,-1,297,298,299,-1,299,298,300,-1,299,300,301,-1,301,300,302,-1,301,302,303,-1,303,302,304,-1,303,304,305,-1,305,304,306,-1,305,306,307,-1,307,306,308,-1,307,308,309,-1,309,308,310,-1,309,310,311,-1,311,310,284,-1,311,284,283,-1,281,279,287,-1,287,279,285,-1,287,285,289,-1,289,285,284,-1,308,306,304,-1,308,304,310,-1,300,298,284,-1,284,298,296,-1,284,296,294,-1,310,304,284,-1,284,304,302,-1,284,302,300,-1,294,292,284,-1,284,292,290,-1,284,290,289,-1,312,313,314,-1,314,313,315,-1,313,312,316,-1,317,318,316,-1,316,318,319,-1,316,319,313,-1,314,315,320,-1,320,315,321,-1,320,321,322,-1,322,321,323,-1,322,323,324,-1,322,324,325,-1,325,324,326,-1,325,326,327,-1,327,326,328,-1,327,328,329,-1,329,328,330,-1,329,330,331,-1,331,330,332,-1,331,332,333,-1,333,332,334,-1,333,334,335,-1,335,334,336,-1,335,336,337,-1,337,336,338,-1,337,338,339,-1,339,338,340,-1,339,340,341,-1,341,340,342,-1,341,342,343,-1,343,342,344,-1,343,344,345,-1,345,344,318,-1,345,318,317,-1,315,313,321,-1,321,313,319,-1,321,319,323,-1,323,319,318,-1,323,318,324,-1,324,318,326,-1,344,336,318,-1,318,336,334,-1,318,334,332,-1,344,342,336,-1,336,342,340,-1,336,340,338,-1,332,330,318,-1,318,330,328,-1,318,328,326,-1,346,347,348,-1,348,347,349,-1,347,346,350,-1,351,352,350,-1,350,352,353,-1,350,353,347,-1,348,349,354,-1,354,349,355,-1,354,355,356,-1,356,355,357,-1,356,357,358,-1,356,358,359,-1,359,358,360,-1,359,360,361,-1,361,360,362,-1,361,362,363,-1,363,362,364,-1,363,364,365,-1,365,364,366,-1,365,366,367,-1,367,366,368,-1,367,368,369,-1,369,368,370,-1,369,370,371,-1,371,370,372,-1,371,372,373,-1,373,372,374,-1,373,374,375,-1,375,374,376,-1,375,376,377,-1,377,376,378,-1,377,378,379,-1,379,378,380,-1,379,380,381,-1,381,380,352,-1,381,352,351,-1,349,347,355,-1,355,347,353,-1,355,353,357,-1,357,353,352,-1,357,376,374,-1,364,362,360,-1,352,380,357,-1,357,380,378,-1,357,378,376,-1,374,372,357,-1,357,372,370,-1,357,370,368,-1,368,366,357,-1,357,366,364,-1,357,364,358,-1,358,364,360,-1,382,383,384,-1,384,383,385,-1,383,382,386,-1,387,388,386,-1,386,388,389,-1,386,389,383,-1,384,385,390,-1,390,385,391,-1,390,391,392,-1,392,391,393,-1,392,393,394,-1,392,394,395,-1,395,394,396,-1,395,396,397,-1,397,396,398,-1,397,398,399,-1,399,398,400,-1,399,400,401,-1,401,400,402,-1,401,402,403,-1,403,402,404,-1,403,404,405,-1,405,404,406,-1,405,406,407,-1,407,406,408,-1,407,408,409,-1,409,408,410,-1,409,410,411,-1,411,410,412,-1,411,412,413,-1,413,412,414,-1,413,414,415,-1,415,414,388,-1,415,388,387,-1,385,383,391,-1,391,383,389,-1,393,391,389,-1,389,388,393,-1,393,388,414,-1,393,414,412,-1,412,410,393,-1,393,410,408,-1,393,408,406,-1,406,404,393,-1,393,404,402,-1,393,402,400,-1,400,398,393,-1,393,398,396,-1,393,396,394,-1,416,417,418,-1,418,417,419,-1,417,416,420,-1,421,422,420,-1,420,422,423,-1,420,423,417,-1,418,419,424,-1,424,419,425,-1,424,425,426,-1,426,425,427,-1,426,427,428,-1,426,428,429,-1,429,428,430,-1,429,430,431,-1,431,430,432,-1,431,432,433,-1,433,432,434,-1,433,434,435,-1,435,434,436,-1,435,436,437,-1,437,436,438,-1,437,438,439,-1,439,438,440,-1,439,440,441,-1,441,440,442,-1,441,442,443,-1,443,442,444,-1,443,444,445,-1,445,444,446,-1,445,446,447,-1,447,446,448,-1,447,448,449,-1,449,448,450,-1,449,450,451,-1,451,450,422,-1,451,422,421,-1,419,417,425,-1,425,417,423,-1,425,423,427,-1,427,423,422,-1,422,450,427,-1,427,450,448,-1,427,448,446,-1,446,444,427,-1,427,444,442,-1,427,442,440,-1,440,438,427,-1,427,438,436,-1,427,436,434,-1,432,430,434,-1,434,430,428,-1,434,428,427,-1,452,453,454,-1,454,453,455,-1,453,452,456,-1,457,458,456,-1,456,458,459,-1,456,459,453,-1,454,455,460,-1,460,455,461,-1,460,461,462,-1,462,461,463,-1,462,463,464,-1,462,464,465,-1,465,464,466,-1,465,466,467,-1,467,466,468,-1,467,468,469,-1,469,468,470,-1,469,470,471,-1,471,470,472,-1,471,472,473,-1,473,472,474,-1,473,474,475,-1,475,474,476,-1,475,476,477,-1,477,476,478,-1,477,478,479,-1,479,478,480,-1,479,480,481,-1,481,480,482,-1,481,482,483,-1,483,482,484,-1,483,484,485,-1,485,484,458,-1,485,458,457,-1,455,453,461,-1,461,453,459,-1,461,459,463,-1,463,459,458,-1,482,480,478,-1,482,478,484,-1,484,478,458,-1,458,478,476,-1,458,476,474,-1,474,472,458,-1,458,472,470,-1,458,470,468,-1,468,466,458,-1,458,466,464,-1,458,464,463,-1,486,487,488,-1,488,487,489,-1,487,486,490,-1,491,492,490,-1,490,492,493,-1,490,493,487,-1,488,489,494,-1,494,489,495,-1,494,495,496,-1,496,495,497,-1,496,497,498,-1,496,498,499,-1,499,498,500,-1,499,500,501,-1,501,500,502,-1,501,502,503,-1,503,502,504,-1,503,504,505,-1,505,504,506,-1,505,506,507,-1,507,506,508,-1,507,508,509,-1,509,508,510,-1,509,510,511,-1,511,510,512,-1,511,512,513,-1,513,512,514,-1,513,514,515,-1,515,514,516,-1,515,516,517,-1,517,516,518,-1,517,518,519,-1,519,518,492,-1,519,492,491,-1,489,487,495,-1,495,487,493,-1,497,495,493,-1,493,492,497,-1,497,492,518,-1,497,518,516,-1,516,514,497,-1,497,514,512,-1,497,512,510,-1,500,506,502,-1,502,506,504,-1,510,508,497,-1,497,508,506,-1,497,506,498,-1,498,506,500,-1,520,521,522,-1,522,521,523,-1,521,520,524,-1,525,526,524,-1,524,526,527,-1,524,527,521,-1,522,523,528,-1,528,523,529,-1,528,529,530,-1,530,529,531,-1,530,531,532,-1,530,532,533,-1,533,532,534,-1,533,534,535,-1,535,534,536,-1,535,536,537,-1,537,536,538,-1,537,538,539,-1,539,538,540,-1,539,540,541,-1,541,540,542,-1,541,542,543,-1,543,542,544,-1,543,544,545,-1,545,544,546,-1,545,546,547,-1,547,546,548,-1,547,548,549,-1,549,548,550,-1,549,550,551,-1,551,550,552,-1,551,552,553,-1,553,552,554,-1,553,554,555,-1,555,554,526,-1,555,526,525,-1,523,521,529,-1,529,521,527,-1,529,527,531,-1,531,527,526,-1,526,554,531,-1,531,554,552,-1,531,552,550,-1,550,548,531,-1,531,548,546,-1,531,546,544,-1,544,542,531,-1,531,542,540,-1,531,540,538,-1,538,536,531,-1,531,536,534,-1,531,534,532,-1,556,557,558,-1,558,557,559,-1,557,556,560,-1,561,562,560,-1,560,562,563,-1,560,563,557,-1,558,559,564,-1,564,559,565,-1,564,565,566,-1,566,565,567,-1,566,567,568,-1,566,568,569,-1,569,568,570,-1,569,570,571,-1,571,570,572,-1,571,572,573,-1,573,572,574,-1,573,574,575,-1,575,574,576,-1,575,576,577,-1,577,576,578,-1,577,578,579,-1,579,578,580,-1,579,580,581,-1,581,580,582,-1,581,582,583,-1,583,582,584,-1,583,584,585,-1,585,584,586,-1,585,586,587,-1,587,586,588,-1,587,588,589,-1,589,588,562,-1,589,562,561,-1,559,557,565,-1,565,557,563,-1,567,565,563,-1,563,562,567,-1,567,562,588,-1,567,588,586,-1,570,582,572,-1,572,582,580,-1,580,578,572,-1,572,578,576,-1,572,576,574,-1,586,584,567,-1,567,584,582,-1,567,582,568,-1,568,582,570,-1,590,591,592,-1,592,591,593,-1,591,590,594,-1,595,596,594,-1,594,596,597,-1,594,597,591,-1,592,593,598,-1,598,593,599,-1,598,599,600,-1,600,599,601,-1,600,601,602,-1,600,602,603,-1,603,602,604,-1,603,604,605,-1,605,604,606,-1,605,606,607,-1,607,606,608,-1,607,608,609,-1,609,608,610,-1,609,610,611,-1,611,610,612,-1,611,612,613,-1,613,612,614,-1,613,614,615,-1,615,614,616,-1,615,616,617,-1,617,616,618,-1,617,618,619,-1,619,618,620,-1,619,620,621,-1,621,620,622,-1,621,622,623,-1,623,622,624,-1,623,624,625,-1,625,624,596,-1,625,596,595,-1,593,591,599,-1,599,591,597,-1,599,597,601,-1,601,597,596,-1,601,596,624,-1,606,604,620,-1,624,622,601,-1,601,622,620,-1,601,620,602,-1,602,620,604,-1,618,616,614,-1,614,612,618,-1,618,612,610,-1,618,610,620,-1,620,610,608,-1,620,608,606,-1,626,627,628,-1,628,627,629,-1,627,626,630,-1,631,632,630,-1,630,632,633,-1,630,633,627,-1,628,629,634,-1,634,629,635,-1,634,635,636,-1,636,635,637,-1,636,637,638,-1,636,638,639,-1,639,638,640,-1,639,640,641,-1,641,640,642,-1,641,642,643,-1,643,642,644,-1,643,644,645,-1,645,644,646,-1,645,646,647,-1,647,646,648,-1,647,648,649,-1,649,648,650,-1,649,650,651,-1,651,650,652,-1,651,652,653,-1,653,652,654,-1,653,654,655,-1,655,654,656,-1,655,656,657,-1,657,656,658,-1,657,658,659,-1,659,658,632,-1,659,632,631,-1,629,627,635,-1,635,627,633,-1,648,646,632,-1,656,654,652,-1,656,652,658,-1,646,644,632,-1,632,644,642,-1,632,642,640,-1,658,652,632,-1,632,652,650,-1,632,650,648,-1,635,633,637,-1,637,633,632,-1,637,632,638,-1,638,632,640,-1,660,661,662,-1,662,661,663,-1,661,660,664,-1,665,666,664,-1,664,666,667,-1,664,667,661,-1,662,663,668,-1,668,663,669,-1,668,669,670,-1,670,669,671,-1,670,671,672,-1,670,672,673,-1,673,672,674,-1,673,674,675,-1,675,674,676,-1,675,676,677,-1,677,676,678,-1,677,678,679,-1,679,678,680,-1,679,680,681,-1,681,680,682,-1,681,682,683,-1,683,682,684,-1,683,684,685,-1,685,684,686,-1,685,686,687,-1,687,686,688,-1,687,688,689,-1,689,688,690,-1,689,690,691,-1,691,690,692,-1,691,692,693,-1,693,692,666,-1,693,666,665,-1,663,661,669,-1,669,661,667,-1,671,669,667,-1,667,666,671,-1,671,666,692,-1,671,692,690,-1,690,688,671,-1,671,688,686,-1,671,686,684,-1,674,680,676,-1,676,680,678,-1,684,682,671,-1,671,682,680,-1,671,680,672,-1,672,680,674,-1,694,695,696,-1,696,695,697,-1,695,694,698,-1,699,700,698,-1,698,700,701,-1,698,701,695,-1,696,697,702,-1,702,697,703,-1,702,703,704,-1,704,703,705,-1,704,705,706,-1,704,706,707,-1,707,706,708,-1,707,708,709,-1,709,708,710,-1,709,710,711,-1,711,710,712,-1,711,712,713,-1,713,712,714,-1,713,714,715,-1,715,714,716,-1,715,716,717,-1,717,716,718,-1,717,718,719,-1,719,718,720,-1,719,720,721,-1,721,720,722,-1,721,722,723,-1,723,722,724,-1,723,724,725,-1,725,724,726,-1,725,726,727,-1,727,726,728,-1,727,728,729,-1,729,728,700,-1,729,700,699,-1,697,695,703,-1,703,695,701,-1,703,701,705,-1,705,701,700,-1,700,728,705,-1,705,728,726,-1,705,726,724,-1,724,722,705,-1,705,722,720,-1,705,720,718,-1,718,716,705,-1,705,716,714,-1,705,714,712,-1,712,710,705,-1,705,710,708,-1,705,708,706,-1,730,731,732,-1,732,731,733,-1,731,730,734,-1,735,736,734,-1,734,736,737,-1,734,737,731,-1,732,733,738,-1,738,733,739,-1,738,739,740,-1,740,739,741,-1,740,741,742,-1,740,742,743,-1,743,742,744,-1,743,744,745,-1,745,744,746,-1,745,746,747,-1,747,746,748,-1,747,748,749,-1,749,748,750,-1,749,750,751,-1,751,750,752,-1,751,752,753,-1,753,752,754,-1,753,754,755,-1,755,754,756,-1,755,756,757,-1,757,756,758,-1,757,758,759,-1,759,758,760,-1,759,760,761,-1,761,760,762,-1,761,762,763,-1,763,762,736,-1,763,736,735,-1,733,731,739,-1,739,731,737,-1,756,754,752,-1,739,737,741,-1,741,737,736,-1,741,736,742,-1,762,760,752,-1,752,760,758,-1,752,758,756,-1,762,752,736,-1,736,752,750,-1,736,750,748,-1,748,746,736,-1,736,746,744,-1,736,744,742,-1,764,765,766,-1,766,765,767,-1,765,764,768,-1,769,770,768,-1,768,770,771,-1,768,771,765,-1,766,767,772,-1,772,767,773,-1,772,773,774,-1,774,773,775,-1,774,775,776,-1,774,776,777,-1,777,776,778,-1,777,778,779,-1,779,778,780,-1,779,780,781,-1,781,780,782,-1,781,782,783,-1,783,782,784,-1,783,784,785,-1,785,784,786,-1,785,786,787,-1,787,786,788,-1,787,788,789,-1,789,788,790,-1,789,790,791,-1,791,790,792,-1,791,792,793,-1,793,792,794,-1,793,794,795,-1,795,794,796,-1,795,796,797,-1,797,796,770,-1,797,770,769,-1,767,765,773,-1,773,765,771,-1,790,788,775,-1,775,788,786,-1,775,786,784,-1,773,771,775,-1,775,771,770,-1,775,770,796,-1,784,782,775,-1,775,782,780,-1,775,780,776,-1,776,780,778,-1,796,794,775,-1,775,794,792,-1,775,792,790,-1,798,799,800,-1,800,799,801,-1,799,798,802,-1,803,804,802,-1,802,804,805,-1,802,805,799,-1,800,801,806,-1,806,801,807,-1,806,807,808,-1,808,807,809,-1,808,809,810,-1,808,810,811,-1,811,810,812,-1,811,812,813,-1,813,812,814,-1,813,814,815,-1,815,814,816,-1,815,816,817,-1,817,816,818,-1,817,818,819,-1,819,818,820,-1,819,820,821,-1,821,820,822,-1,821,822,823,-1,823,822,824,-1,823,824,825,-1,825,824,826,-1,825,826,827,-1,827,826,828,-1,827,828,829,-1,829,828,830,-1,829,830,831,-1,831,830,804,-1,831,804,803,-1,801,799,807,-1,807,799,805,-1,809,807,805,-1,805,804,809,-1,809,804,830,-1,809,830,828,-1,828,826,809,-1,809,826,824,-1,809,824,822,-1,812,818,814,-1,814,818,816,-1,822,820,809,-1,809,820,818,-1,809,818,810,-1,810,818,812,-1,832,833,834,-1,834,833,835,-1,833,832,836,-1,837,838,836,-1,836,838,839,-1,836,839,833,-1,834,835,840,-1,840,835,841,-1,840,841,842,-1,842,841,843,-1,842,843,844,-1,842,844,845,-1,845,844,846,-1,845,846,847,-1,847,846,848,-1,847,848,849,-1,849,848,850,-1,849,850,851,-1,851,850,852,-1,851,852,853,-1,853,852,854,-1,853,854,855,-1,855,854,856,-1,855,856,857,-1,857,856,858,-1,857,858,859,-1,859,858,860,-1,859,860,861,-1,861,860,862,-1,861,862,863,-1,863,862,864,-1,863,864,865,-1,865,864,838,-1,865,838,837,-1,835,833,841,-1,841,833,839,-1,858,856,843,-1,843,856,854,-1,843,854,852,-1,841,839,843,-1,843,839,838,-1,843,838,864,-1,852,850,843,-1,843,850,848,-1,843,848,844,-1,844,848,846,-1,864,862,843,-1,843,862,860,-1,843,860,858,-1,866,867,868,-1,868,867,869,-1,867,866,870,-1,871,872,870,-1,870,872,873,-1,870,873,867,-1,868,869,874,-1,874,869,875,-1,874,875,876,-1,876,875,877,-1,876,877,878,-1,876,878,879,-1,879,878,880,-1,879,880,881,-1,881,880,882,-1,881,882,883,-1,883,882,884,-1,883,884,885,-1,885,884,886,-1,885,886,887,-1,887,886,888,-1,887,888,889,-1,889,888,890,-1,889,890,891,-1,891,890,892,-1,891,892,893,-1,893,892,894,-1,893,894,895,-1,895,894,896,-1,895,896,897,-1,897,896,898,-1,897,898,899,-1,899,898,872,-1,899,872,871,-1,869,867,875,-1,875,867,873,-1,875,873,877,-1,877,873,872,-1,884,882,880,-1,872,898,877,-1,877,898,896,-1,877,896,894,-1,894,892,877,-1,877,892,890,-1,877,890,888,-1,888,886,877,-1,877,886,884,-1,877,884,878,-1,878,884,880,-1,900,901,902,-1,902,901,903,-1,901,900,904,-1,905,906,904,-1,904,906,907,-1,904,907,901,-1,902,903,908,-1,908,903,909,-1,908,909,910,-1,910,909,911,-1,910,911,912,-1,910,912,913,-1,913,912,914,-1,913,914,915,-1,915,914,916,-1,915,916,917,-1,917,916,918,-1,917,918,919,-1,919,918,920,-1,919,920,921,-1,921,920,922,-1,921,922,923,-1,923,922,924,-1,923,924,925,-1,925,924,926,-1,925,926,927,-1,927,926,928,-1,927,928,929,-1,929,928,930,-1,929,930,931,-1,931,930,932,-1,931,932,933,-1,933,932,906,-1,933,906,905,-1,903,901,909,-1,909,901,907,-1,926,924,911,-1,909,907,911,-1,911,907,906,-1,911,906,932,-1,932,930,911,-1,911,930,928,-1,911,928,926,-1,914,920,916,-1,916,920,918,-1,924,922,911,-1,911,922,920,-1,911,920,912,-1,912,920,914,-1,934,935,936,-1,936,935,937,-1,935,934,938,-1,939,940,938,-1,938,940,941,-1,938,941,935,-1,936,937,942,-1,942,937,943,-1,942,943,944,-1,944,943,945,-1,944,945,946,-1,944,946,947,-1,947,946,948,-1,947,948,949,-1,949,948,950,-1,949,950,951,-1,951,950,952,-1,951,952,953,-1,953,952,954,-1,953,954,955,-1,955,954,956,-1,955,956,957,-1,957,956,958,-1,957,958,959,-1,959,958,960,-1,959,960,961,-1,961,960,962,-1,961,962,963,-1,963,962,964,-1,963,964,965,-1,965,964,966,-1,965,966,967,-1,967,966,940,-1,967,940,939,-1,937,935,943,-1,943,935,941,-1,943,941,945,-1,945,941,940,-1,966,964,956,-1,956,964,962,-1,956,962,958,-1,958,962,960,-1,952,950,940,-1,966,956,940,-1,940,956,954,-1,940,954,952,-1,950,948,940,-1,940,948,946,-1,940,946,945,-1,968,969,970,-1,970,969,971,-1,969,968,972,-1,973,974,972,-1,972,974,975,-1,972,975,969,-1,970,971,976,-1,976,971,977,-1,976,977,978,-1,978,977,979,-1,978,979,980,-1,978,980,981,-1,981,980,982,-1,981,982,983,-1,983,982,984,-1,983,984,985,-1,985,984,986,-1,985,986,987,-1,987,986,988,-1,987,988,989,-1,989,988,990,-1,989,990,991,-1,991,990,992,-1,991,992,993,-1,993,992,994,-1,993,994,995,-1,995,994,996,-1,995,996,997,-1,997,996,998,-1,997,998,999,-1,999,998,1000,-1,999,1000,1001,-1,1001,1000,974,-1,1001,974,973,-1,971,969,977,-1,977,969,975,-1,990,988,974,-1,996,994,992,-1,977,975,979,-1,979,975,974,-1,979,974,980,-1,980,974,982,-1,996,992,998,-1,988,986,974,-1,974,986,984,-1,974,984,982,-1,990,974,992,-1,992,974,1000,-1,992,1000,998,-1,1002,1003,1004,-1,1004,1003,1005,-1,1003,1002,1006,-1,1007,1008,1006,-1,1006,1008,1009,-1,1006,1009,1003,-1,1004,1005,1010,-1,1010,1005,1011,-1,1010,1011,1012,-1,1012,1011,1013,-1,1012,1013,1014,-1,1012,1014,1015,-1,1015,1014,1016,-1,1015,1016,1017,-1,1017,1016,1018,-1,1017,1018,1019,-1,1019,1018,1020,-1,1019,1020,1021,-1,1021,1020,1022,-1,1021,1022,1023,-1,1023,1022,1024,-1,1023,1024,1025,-1,1025,1024,1026,-1,1025,1026,1027,-1,1027,1026,1028,-1,1027,1028,1029,-1,1029,1028,1030,-1,1029,1030,1031,-1,1031,1030,1032,-1,1031,1032,1033,-1,1033,1032,1034,-1,1033,1034,1035,-1,1035,1034,1008,-1,1035,1008,1007,-1,1005,1003,1011,-1,1011,1003,1009,-1,1011,1009,1013,-1,1013,1009,1008,-1,1020,1018,1008,-1,1028,1026,1030,-1,1030,1026,1024,-1,1030,1024,1032,-1,1032,1024,1034,-1,1034,1024,1008,-1,1008,1024,1022,-1,1008,1022,1020,-1,1018,1016,1008,-1,1008,1016,1014,-1,1008,1014,1013,-1,1036,1037,1038,-1,1038,1037,1039,-1,1037,1036,1040,-1,1041,1042,1040,-1,1040,1042,1043,-1,1040,1043,1037,-1,1038,1039,1044,-1,1044,1039,1045,-1,1044,1045,1046,-1,1046,1045,1047,-1,1046,1047,1048,-1,1046,1048,1049,-1,1049,1048,1050,-1,1049,1050,1051,-1,1051,1050,1052,-1,1051,1052,1053,-1,1053,1052,1054,-1,1053,1054,1055,-1,1055,1054,1056,-1,1055,1056,1057,-1,1057,1056,1058,-1,1057,1058,1059,-1,1059,1058,1060,-1,1059,1060,1061,-1,1061,1060,1062,-1,1061,1062,1063,-1,1063,1062,1064,-1,1063,1064,1065,-1,1065,1064,1066,-1,1065,1066,1067,-1,1067,1066,1068,-1,1067,1068,1069,-1,1069,1068,1042,-1,1069,1042,1041,-1,1039,1037,1045,-1,1045,1037,1043,-1,1062,1060,1047,-1,1045,1043,1047,-1,1047,1043,1042,-1,1047,1042,1068,-1,1068,1066,1047,-1,1047,1066,1064,-1,1047,1064,1062,-1,1060,1058,1047,-1,1047,1058,1056,-1,1047,1056,1054,-1,1052,1050,1054,-1,1054,1050,1048,-1,1054,1048,1047,-1,1070,1071,1072,-1,1072,1071,1073,-1,1071,1070,1074,-1,1075,1076,1074,-1,1074,1076,1077,-1,1074,1077,1071,-1,1072,1073,1078,-1,1078,1073,1079,-1,1078,1079,1080,-1,1080,1079,1081,-1,1080,1081,1082,-1,1080,1082,1083,-1,1083,1082,1084,-1,1083,1084,1085,-1,1085,1084,1086,-1,1085,1086,1087,-1,1087,1086,1088,-1,1087,1088,1089,-1,1089,1088,1090,-1,1089,1090,1091,-1,1091,1090,1092,-1,1091,1092,1093,-1,1093,1092,1094,-1,1093,1094,1095,-1,1095,1094,1096,-1,1095,1096,1097,-1,1097,1096,1098,-1,1097,1098,1099,-1,1099,1098,1100,-1,1099,1100,1101,-1,1101,1100,1102,-1,1101,1102,1103,-1,1103,1102,1076,-1,1103,1076,1075,-1,1073,1071,1079,-1,1079,1071,1077,-1,1102,1094,1076,-1,1076,1094,1092,-1,1076,1092,1090,-1,1079,1077,1081,-1,1081,1077,1076,-1,1081,1076,1082,-1,1082,1076,1084,-1,1090,1088,1076,-1,1076,1088,1086,-1,1076,1086,1084,-1,1102,1100,1094,-1,1094,1100,1098,-1,1094,1098,1096,-1,1104,1105,1106,-1,1106,1105,1107,-1,1105,1104,1108,-1,1109,1110,1108,-1,1108,1110,1111,-1,1108,1111,1105,-1,1106,1107,1112,-1,1112,1107,1113,-1,1112,1113,1114,-1,1114,1113,1115,-1,1114,1115,1116,-1,1114,1116,1117,-1,1117,1116,1118,-1,1117,1118,1119,-1,1119,1118,1120,-1,1119,1120,1121,-1,1121,1120,1122,-1,1121,1122,1123,-1,1123,1122,1124,-1,1123,1124,1125,-1,1125,1124,1126,-1,1125,1126,1127,-1,1127,1126,1128,-1,1127,1128,1129,-1,1129,1128,1130,-1,1129,1130,1131,-1,1131,1130,1132,-1,1131,1132,1133,-1,1133,1132,1134,-1,1133,1134,1135,-1,1135,1134,1136,-1,1135,1136,1137,-1,1137,1136,1110,-1,1137,1110,1109,-1,1107,1105,1113,-1,1113,1105,1111,-1,1128,1126,1110,-1,1113,1111,1115,-1,1115,1111,1110,-1,1136,1134,1132,-1,1136,1132,1110,-1,1110,1132,1130,-1,1110,1130,1128,-1,1126,1124,1110,-1,1110,1124,1122,-1,1110,1122,1120,-1,1120,1118,1110,-1,1110,1118,1116,-1,1110,1116,1115,-1,1138,1139,1140,-1,1140,1139,1141,-1,1139,1138,1142,-1,1143,1144,1142,-1,1142,1144,1145,-1,1142,1145,1139,-1,1140,1141,1146,-1,1146,1141,1147,-1,1146,1147,1148,-1,1148,1147,1149,-1,1148,1149,1150,-1,1148,1150,1151,-1,1151,1150,1152,-1,1151,1152,1153,-1,1153,1152,1154,-1,1153,1154,1155,-1,1155,1154,1156,-1,1155,1156,1157,-1,1157,1156,1158,-1,1157,1158,1159,-1,1159,1158,1160,-1,1159,1160,1161,-1,1161,1160,1162,-1,1161,1162,1163,-1,1163,1162,1164,-1,1163,1164,1165,-1,1165,1164,1166,-1,1165,1166,1167,-1,1167,1166,1168,-1,1167,1168,1169,-1,1169,1168,1170,-1,1169,1170,1171,-1,1171,1170,1144,-1,1171,1144,1143,-1,1141,1139,1147,-1,1147,1139,1145,-1,1164,1162,1149,-1,1147,1145,1149,-1,1149,1145,1144,-1,1149,1144,1170,-1,1170,1168,1149,-1,1149,1168,1166,-1,1149,1166,1164,-1,1152,1158,1154,-1,1154,1158,1156,-1,1162,1160,1149,-1,1149,1160,1158,-1,1149,1158,1150,-1,1150,1158,1152,-1,1172,1173,1174,-1,1174,1173,1175,-1,1173,1172,1176,-1,1177,1178,1176,-1,1176,1178,1179,-1,1176,1179,1173,-1,1174,1175,1180,-1,1180,1175,1181,-1,1180,1181,1182,-1,1182,1181,1183,-1,1182,1183,1184,-1,1182,1184,1185,-1,1185,1184,1186,-1,1185,1186,1187,-1,1187,1186,1188,-1,1187,1188,1189,-1,1189,1188,1190,-1,1189,1190,1191,-1,1191,1190,1192,-1,1191,1192,1193,-1,1193,1192,1194,-1,1193,1194,1195,-1,1195,1194,1196,-1,1195,1196,1197,-1,1197,1196,1198,-1,1197,1198,1199,-1,1199,1198,1200,-1,1199,1200,1201,-1,1201,1200,1202,-1,1201,1202,1203,-1,1203,1202,1204,-1,1203,1204,1205,-1,1205,1204,1178,-1,1205,1178,1177,-1,1175,1173,1181,-1,1181,1173,1179,-1,1181,1179,1183,-1,1183,1179,1178,-1,1204,1202,1194,-1,1194,1202,1200,-1,1194,1200,1196,-1,1196,1200,1198,-1,1190,1188,1178,-1,1204,1194,1178,-1,1178,1194,1192,-1,1178,1192,1190,-1,1188,1186,1178,-1,1178,1186,1184,-1,1178,1184,1183,-1,1206,1207,1208,-1,1208,1207,1209,-1,1207,1206,1210,-1,1211,1212,1210,-1,1210,1212,1213,-1,1210,1213,1207,-1,1208,1209,1214,-1,1214,1209,1215,-1,1214,1215,1216,-1,1216,1215,1217,-1,1216,1217,1218,-1,1216,1218,1219,-1,1219,1218,1220,-1,1219,1220,1221,-1,1221,1220,1222,-1,1221,1222,1223,-1,1223,1222,1224,-1,1223,1224,1225,-1,1225,1224,1226,-1,1225,1226,1227,-1,1227,1226,1228,-1,1227,1228,1229,-1,1229,1228,1230,-1,1229,1230,1231,-1,1231,1230,1232,-1,1231,1232,1233,-1,1233,1232,1234,-1,1233,1234,1235,-1,1235,1234,1236,-1,1235,1236,1237,-1,1237,1236,1238,-1,1237,1238,1239,-1,1239,1238,1212,-1,1239,1212,1211,-1,1209,1207,1215,-1,1215,1207,1213,-1,1234,1232,1230,-1,1212,1228,1226,-1,1226,1224,1212,-1,1212,1224,1222,-1,1212,1222,1220,-1,1215,1213,1217,-1,1217,1213,1212,-1,1217,1212,1218,-1,1218,1212,1220,-1,1234,1230,1236,-1,1228,1212,1230,-1,1230,1212,1238,-1,1230,1238,1236,-1,1240,1241,1242,-1,1242,1241,1243,-1,1241,1240,1244,-1,1245,1246,1244,-1,1244,1246,1247,-1,1244,1247,1241,-1,1242,1243,1248,-1,1248,1243,1249,-1,1248,1249,1250,-1,1250,1249,1251,-1,1250,1251,1252,-1,1250,1252,1253,-1,1253,1252,1254,-1,1253,1254,1255,-1,1255,1254,1256,-1,1255,1256,1257,-1,1257,1256,1258,-1,1257,1258,1259,-1,1259,1258,1260,-1,1259,1260,1261,-1,1261,1260,1262,-1,1261,1262,1263,-1,1263,1262,1264,-1,1263,1264,1265,-1,1265,1264,1266,-1,1265,1266,1267,-1,1267,1266,1268,-1,1267,1268,1269,-1,1269,1268,1270,-1,1269,1270,1271,-1,1271,1270,1272,-1,1271,1272,1273,-1,1273,1272,1246,-1,1273,1246,1245,-1,1243,1241,1249,-1,1249,1241,1247,-1,1251,1249,1247,-1,1247,1246,1251,-1,1251,1246,1272,-1,1251,1272,1270,-1,1270,1268,1251,-1,1251,1268,1266,-1,1251,1266,1264,-1,1254,1260,1256,-1,1256,1260,1258,-1,1264,1262,1251,-1,1251,1262,1260,-1,1251,1260,1252,-1,1252,1260,1254,-1,1274,1275,1276,-1,1276,1275,1277,-1,1275,1274,1278,-1,1279,1280,1278,-1,1278,1280,1281,-1,1278,1281,1275,-1,1276,1277,1282,-1,1282,1277,1283,-1,1282,1283,1284,-1,1284,1283,1285,-1,1284,1285,1286,-1,1284,1286,1287,-1,1287,1286,1288,-1,1287,1288,1289,-1,1289,1288,1290,-1,1289,1290,1291,-1,1291,1290,1292,-1,1291,1292,1293,-1,1293,1292,1294,-1,1293,1294,1295,-1,1295,1294,1296,-1,1295,1296,1297,-1,1297,1296,1298,-1,1297,1298,1299,-1,1299,1298,1300,-1,1299,1300,1301,-1,1301,1300,1302,-1,1301,1302,1303,-1,1303,1302,1304,-1,1303,1304,1305,-1,1305,1304,1306,-1,1305,1306,1307,-1,1307,1306,1280,-1,1307,1280,1279,-1,1277,1275,1283,-1,1283,1275,1281,-1,1300,1298,1285,-1,1285,1298,1296,-1,1285,1296,1294,-1,1283,1281,1285,-1,1285,1281,1280,-1,1285,1280,1306,-1,1294,1292,1285,-1,1285,1292,1290,-1,1285,1290,1286,-1,1286,1290,1288,-1,1306,1304,1285,-1,1285,1304,1302,-1,1285,1302,1300,-1,1308,1309,1310,-1,1310,1309,1311,-1,1309,1308,1312,-1,1313,1314,1312,-1,1312,1314,1315,-1,1312,1315,1309,-1,1310,1311,1316,-1,1316,1311,1317,-1,1316,1317,1318,-1,1318,1317,1319,-1,1318,1319,1320,-1,1318,1320,1321,-1,1321,1320,1322,-1,1321,1322,1323,-1,1323,1322,1324,-1,1323,1324,1325,-1,1325,1324,1326,-1,1325,1326,1327,-1,1327,1326,1328,-1,1327,1328,1329,-1,1329,1328,1330,-1,1329,1330,1331,-1,1331,1330,1332,-1,1331,1332,1333,-1,1333,1332,1334,-1,1333,1334,1335,-1,1335,1334,1336,-1,1335,1336,1337,-1,1337,1336,1338,-1,1337,1338,1339,-1,1339,1338,1340,-1,1339,1340,1341,-1,1341,1340,1314,-1,1341,1314,1313,-1,1311,1309,1317,-1,1317,1309,1315,-1,1319,1317,1315,-1,1315,1314,1319,-1,1319,1314,1340,-1,1319,1340,1338,-1,1338,1336,1319,-1,1319,1336,1334,-1,1319,1334,1332,-1,1322,1328,1324,-1,1324,1328,1326,-1,1332,1330,1319,-1,1319,1330,1328,-1,1319,1328,1320,-1,1320,1328,1322,-1,1342,1343,1344,-1,1344,1343,1345,-1,1343,1342,1346,-1,1347,1348,1346,-1,1346,1348,1349,-1,1346,1349,1343,-1,1344,1345,1350,-1,1350,1345,1351,-1,1350,1351,1352,-1,1352,1351,1353,-1,1352,1353,1354,-1,1352,1354,1355,-1,1355,1354,1356,-1,1355,1356,1357,-1,1357,1356,1358,-1,1357,1358,1359,-1,1359,1358,1360,-1,1359,1360,1361,-1,1361,1360,1362,-1,1361,1362,1363,-1,1363,1362,1364,-1,1363,1364,1365,-1,1365,1364,1366,-1,1365,1366,1367,-1,1367,1366,1368,-1,1367,1368,1369,-1,1369,1368,1370,-1,1369,1370,1371,-1,1371,1370,1372,-1,1371,1372,1373,-1,1373,1372,1374,-1,1373,1374,1375,-1,1375,1374,1348,-1,1375,1348,1347,-1,1345,1343,1351,-1,1351,1343,1349,-1,1368,1366,1353,-1,1353,1366,1364,-1,1353,1364,1362,-1,1351,1349,1353,-1,1353,1349,1348,-1,1353,1348,1374,-1,1362,1360,1353,-1,1353,1360,1358,-1,1353,1358,1354,-1,1354,1358,1356,-1,1374,1372,1353,-1,1353,1372,1370,-1,1353,1370,1368,-1,1376,1377,1378,-1,1378,1377,1379,-1,1377,1376,1380,-1,1381,1382,1380,-1,1380,1382,1383,-1,1380,1383,1377,-1,1378,1379,1384,-1,1384,1379,1385,-1,1384,1385,1386,-1,1386,1385,1387,-1,1386,1387,1388,-1,1386,1388,1389,-1,1389,1388,1390,-1,1389,1390,1391,-1,1391,1390,1392,-1,1391,1392,1393,-1,1393,1392,1394,-1,1393,1394,1395,-1,1395,1394,1396,-1,1395,1396,1397,-1,1397,1396,1398,-1,1397,1398,1399,-1,1399,1398,1400,-1,1399,1400,1401,-1,1401,1400,1402,-1,1401,1402,1403,-1,1403,1402,1404,-1,1403,1404,1405,-1,1405,1404,1406,-1,1405,1406,1407,-1,1407,1406,1408,-1,1407,1408,1409,-1,1409,1408,1382,-1,1409,1382,1381,-1,1379,1377,1385,-1,1385,1377,1383,-1,1385,1383,1387,-1,1387,1383,1382,-1,1387,1382,1408,-1,1408,1406,1387,-1,1387,1406,1404,-1,1387,1404,1402,-1,1400,1390,1402,-1,1402,1390,1388,-1,1402,1388,1387,-1,1400,1398,1390,-1,1390,1398,1396,-1,1390,1396,1392,-1,1392,1396,1394,-1,1410,1411,1412,-1,1412,1411,1413,-1,1411,1410,1414,-1,1415,1416,1414,-1,1414,1416,1417,-1,1414,1417,1411,-1,1412,1413,1418,-1,1418,1413,1419,-1,1418,1419,1420,-1,1420,1419,1421,-1,1420,1421,1422,-1,1420,1422,1423,-1,1423,1422,1424,-1,1423,1424,1425,-1,1425,1424,1426,-1,1425,1426,1427,-1,1427,1426,1428,-1,1427,1428,1429,-1,1429,1428,1430,-1,1429,1430,1431,-1,1431,1430,1432,-1,1431,1432,1433,-1,1433,1432,1434,-1,1433,1434,1435,-1,1435,1434,1436,-1,1435,1436,1437,-1,1437,1436,1438,-1,1437,1438,1439,-1,1439,1438,1440,-1,1439,1440,1441,-1,1441,1440,1442,-1,1441,1442,1443,-1,1443,1442,1444,-1,1443,1444,1445,-1,1445,1444,1416,-1,1445,1416,1415,-1,1413,1411,1419,-1,1419,1411,1417,-1,1419,1417,1421,-1,1421,1417,1416,-1,1421,1416,1444,-1,1426,1424,1440,-1,1444,1442,1421,-1,1421,1442,1440,-1,1421,1440,1422,-1,1422,1440,1424,-1,1438,1436,1434,-1,1434,1432,1438,-1,1438,1432,1430,-1,1438,1430,1440,-1,1440,1430,1428,-1,1440,1428,1426,-1,1446,1447,1448,-1,1448,1447,1449,-1,1447,1446,1450,-1,1451,1452,1450,-1,1450,1452,1453,-1,1450,1453,1447,-1,1448,1449,1454,-1,1454,1449,1455,-1,1454,1455,1456,-1,1456,1455,1457,-1,1456,1457,1458,-1,1456,1458,1459,-1,1459,1458,1460,-1,1459,1460,1461,-1,1461,1460,1462,-1,1461,1462,1463,-1,1463,1462,1464,-1,1463,1464,1465,-1,1465,1464,1466,-1,1465,1466,1467,-1,1467,1466,1468,-1,1467,1468,1469,-1,1469,1468,1470,-1,1469,1470,1471,-1,1471,1470,1472,-1,1471,1472,1473,-1,1473,1472,1474,-1,1473,1474,1475,-1,1475,1474,1476,-1,1475,1476,1477,-1,1477,1476,1478,-1,1477,1478,1479,-1,1479,1478,1452,-1,1479,1452,1451,-1,1449,1447,1455,-1,1455,1447,1453,-1,1468,1466,1452,-1,1476,1474,1472,-1,1476,1472,1478,-1,1466,1464,1452,-1,1452,1464,1462,-1,1452,1462,1460,-1,1478,1472,1452,-1,1452,1472,1470,-1,1452,1470,1468,-1,1455,1453,1457,-1,1457,1453,1452,-1,1457,1452,1458,-1,1458,1452,1460,-1,1480,1481,1482,-1,1482,1481,1483,-1,1481,1480,1484,-1,1485,1486,1484,-1,1484,1486,1487,-1,1484,1487,1481,-1,1482,1483,1488,-1,1488,1483,1489,-1,1488,1489,1490,-1,1490,1489,1491,-1,1490,1491,1492,-1,1490,1492,1493,-1,1493,1492,1494,-1,1493,1494,1495,-1,1495,1494,1496,-1,1495,1496,1497,-1,1497,1496,1498,-1,1497,1498,1499,-1,1499,1498,1500,-1,1499,1500,1501,-1,1501,1500,1502,-1,1501,1502,1503,-1,1503,1502,1504,-1,1503,1504,1505,-1,1505,1504,1506,-1,1505,1506,1507,-1,1507,1506,1508,-1,1507,1508,1509,-1,1509,1508,1510,-1,1509,1510,1511,-1,1511,1510,1512,-1,1511,1512,1513,-1,1513,1512,1486,-1,1513,1486,1485,-1,1483,1481,1489,-1,1489,1481,1487,-1,1491,1489,1487,-1,1487,1486,1491,-1,1491,1486,1512,-1,1491,1512,1510,-1,1510,1508,1491,-1,1491,1508,1506,-1,1491,1506,1504,-1,1494,1500,1496,-1,1496,1500,1498,-1,1504,1502,1491,-1,1491,1502,1500,-1,1491,1500,1492,-1,1492,1500,1494,-1,1514,1515,1516,-1,1516,1515,1517,-1,1515,1514,1518,-1,1519,1520,1518,-1,1518,1520,1521,-1,1518,1521,1515,-1,1516,1517,1522,-1,1522,1517,1523,-1,1522,1523,1524,-1,1524,1523,1525,-1,1524,1525,1526,-1,1524,1526,1527,-1,1527,1526,1528,-1,1527,1528,1529,-1,1529,1528,1530,-1,1529,1530,1531,-1,1531,1530,1532,-1,1531,1532,1533,-1,1533,1532,1534,-1,1533,1534,1535,-1,1535,1534,1536,-1,1535,1536,1537,-1,1537,1536,1538,-1,1537,1538,1539,-1,1539,1538,1540,-1,1539,1540,1541,-1,1541,1540,1542,-1,1541,1542,1543,-1,1543,1542,1544,-1,1543,1544,1545,-1,1545,1544,1546,-1,1545,1546,1547,-1,1547,1546,1548,-1,1547,1548,1549,-1,1549,1548,1520,-1,1549,1520,1519,-1,1517,1515,1523,-1,1523,1515,1521,-1,1523,1521,1525,-1,1525,1521,1520,-1,1520,1548,1525,-1,1525,1548,1546,-1,1525,1546,1544,-1,1544,1542,1525,-1,1525,1542,1540,-1,1525,1540,1538,-1,1538,1536,1525,-1,1525,1536,1534,-1,1525,1534,1532,-1,1530,1528,1532,-1,1532,1528,1526,-1,1532,1526,1525,-1,1550,1551,1552,-1,1552,1551,1553,-1,1551,1550,1554,-1,1555,1556,1554,-1,1554,1556,1557,-1,1554,1557,1551,-1,1552,1553,1558,-1,1558,1553,1559,-1,1558,1559,1560,-1,1560,1559,1561,-1,1560,1561,1562,-1,1560,1562,1563,-1,1563,1562,1564,-1,1563,1564,1565,-1,1565,1564,1566,-1,1565,1566,1567,-1,1567,1566,1568,-1,1567,1568,1569,-1,1569,1568,1570,-1,1569,1570,1571,-1,1571,1570,1572,-1,1571,1572,1573,-1,1573,1572,1574,-1,1573,1574,1575,-1,1575,1574,1576,-1,1575,1576,1577,-1,1577,1576,1578,-1,1577,1578,1579,-1,1579,1578,1580,-1,1579,1580,1581,-1,1581,1580,1582,-1,1581,1582,1583,-1,1583,1582,1556,-1,1583,1556,1555,-1,1553,1551,1559,-1,1559,1551,1557,-1,1559,1557,1561,-1,1561,1557,1556,-1,1561,1556,1582,-1,1582,1580,1561,-1,1561,1580,1578,-1,1561,1578,1576,-1,1576,1574,1561,-1,1561,1574,1572,-1,1561,1572,1570,-1,1570,1568,1566,-1,1566,1564,1570,-1,1570,1564,1562,-1,1570,1562,1561,-1,1584,1585,1586,-1,1586,1585,1587,-1,1585,1584,1588,-1,1589,1590,1588,-1,1588,1590,1591,-1,1588,1591,1585,-1,1586,1587,1592,-1,1592,1587,1593,-1,1592,1593,1594,-1,1594,1593,1595,-1,1594,1595,1596,-1,1594,1596,1597,-1,1597,1596,1598,-1,1597,1598,1599,-1,1599,1598,1600,-1,1599,1600,1601,-1,1601,1600,1602,-1,1601,1602,1603,-1,1603,1602,1604,-1,1603,1604,1605,-1,1605,1604,1606,-1,1605,1606,1607,-1,1607,1606,1608,-1,1607,1608,1609,-1,1609,1608,1610,-1,1609,1610,1611,-1,1611,1610,1612,-1,1611,1612,1613,-1,1613,1612,1614,-1,1613,1614,1615,-1,1615,1614,1616,-1,1615,1616,1617,-1,1617,1616,1618,-1,1617,1618,1619,-1,1619,1618,1590,-1,1619,1590,1589,-1,1587,1585,1593,-1,1593,1585,1591,-1,1593,1591,1595,-1,1595,1591,1590,-1,1590,1618,1595,-1,1595,1618,1616,-1,1595,1616,1614,-1,1614,1612,1595,-1,1595,1612,1610,-1,1595,1610,1608,-1,1608,1606,1595,-1,1595,1606,1604,-1,1595,1604,1602,-1,1600,1598,1602,-1,1602,1598,1596,-1,1602,1596,1595,-1,1620,1621,1622,-1,1622,1621,1623,-1,1621,1620,1624,-1,1625,1626,1624,-1,1624,1626,1627,-1,1624,1627,1621,-1,1622,1623,1628,-1,1628,1623,1629,-1,1628,1629,1630,-1,1630,1629,1631,-1,1630,1631,1632,-1,1630,1632,1633,-1,1633,1632,1634,-1,1633,1634,1635,-1,1635,1634,1636,-1,1635,1636,1637,-1,1637,1636,1638,-1,1637,1638,1639,-1,1639,1638,1640,-1,1639,1640,1641,-1,1641,1640,1642,-1,1641,1642,1643,-1,1643,1642,1644,-1,1643,1644,1645,-1,1645,1644,1646,-1,1645,1646,1647,-1,1647,1646,1648,-1,1647,1648,1649,-1,1649,1648,1650,-1,1649,1650,1651,-1,1651,1650,1652,-1,1651,1652,1653,-1,1653,1652,1626,-1,1653,1626,1625,-1,1623,1621,1629,-1,1629,1621,1627,-1,1642,1640,1626,-1,1650,1648,1646,-1,1650,1646,1652,-1,1640,1638,1626,-1,1626,1638,1636,-1,1626,1636,1634,-1,1652,1646,1626,-1,1626,1646,1644,-1,1626,1644,1642,-1,1629,1627,1631,-1,1631,1627,1626,-1,1631,1626,1632,-1,1632,1626,1634,-1,1654,1655,1656,-1,1656,1655,1657,-1,1655,1654,1658,-1,1659,1660,1658,-1,1658,1660,1661,-1,1658,1661,1655,-1,1656,1657,1662,-1,1662,1657,1663,-1,1662,1663,1664,-1,1664,1663,1665,-1,1664,1665,1666,-1,1664,1666,1667,-1,1667,1666,1668,-1,1667,1668,1669,-1,1669,1668,1670,-1,1669,1670,1671,-1,1671,1670,1672,-1,1671,1672,1673,-1,1673,1672,1674,-1,1673,1674,1675,-1,1675,1674,1676,-1,1675,1676,1677,-1,1677,1676,1678,-1,1677,1678,1679,-1,1679,1678,1680,-1,1679,1680,1681,-1,1681,1680,1682,-1,1681,1682,1683,-1,1683,1682,1684,-1,1683,1684,1685,-1,1685,1684,1686,-1,1685,1686,1687,-1,1687,1686,1660,-1,1687,1660,1659,-1,1657,1655,1663,-1,1663,1655,1661,-1,1665,1663,1661,-1,1661,1660,1665,-1,1665,1660,1686,-1,1665,1686,1684,-1,1684,1682,1665,-1,1665,1682,1680,-1,1665,1680,1678,-1,1668,1674,1670,-1,1670,1674,1672,-1,1678,1676,1665,-1,1665,1676,1674,-1,1665,1674,1666,-1,1666,1674,1668,-1,1688,1689,1690,-1,1690,1689,1691,-1,1689,1688,1692,-1,1693,1694,1692,-1,1692,1694,1695,-1,1692,1695,1689,-1,1690,1691,1696,-1,1696,1691,1697,-1,1696,1697,1698,-1,1698,1697,1699,-1,1698,1699,1700,-1,1698,1700,1701,-1,1701,1700,1702,-1,1701,1702,1703,-1,1703,1702,1704,-1,1703,1704,1705,-1,1705,1704,1706,-1,1705,1706,1707,-1,1707,1706,1708,-1,1707,1708,1709,-1,1709,1708,1710,-1,1709,1710,1711,-1,1711,1710,1712,-1,1711,1712,1713,-1,1713,1712,1714,-1,1713,1714,1715,-1,1715,1714,1716,-1,1715,1716,1717,-1,1717,1716,1718,-1,1717,1718,1719,-1,1719,1718,1720,-1,1719,1720,1721,-1,1721,1720,1722,-1,1721,1722,1723,-1,1723,1722,1694,-1,1723,1694,1693,-1,1691,1689,1697,-1,1697,1689,1695,-1,1697,1695,1699,-1,1699,1695,1694,-1,1699,1718,1716,-1,1706,1704,1702,-1,1694,1722,1699,-1,1699,1722,1720,-1,1699,1720,1718,-1,1716,1714,1699,-1,1699,1714,1712,-1,1699,1712,1710,-1,1710,1708,1699,-1,1699,1708,1706,-1,1699,1706,1700,-1,1700,1706,1702,-1,1724,1725,1726,-1,1726,1725,1727,-1,1725,1724,1728,-1,1729,1730,1728,-1,1728,1730,1731,-1,1728,1731,1725,-1,1726,1727,1732,-1,1732,1727,1733,-1,1732,1733,1734,-1,1734,1733,1735,-1,1734,1735,1736,-1,1734,1736,1737,-1,1737,1736,1738,-1,1737,1738,1739,-1,1739,1738,1740,-1,1739,1740,1741,-1,1741,1740,1742,-1,1741,1742,1743,-1,1743,1742,1744,-1,1743,1744,1745,-1,1745,1744,1746,-1,1745,1746,1747,-1,1747,1746,1748,-1,1747,1748,1749,-1,1749,1748,1750,-1,1749,1750,1751,-1,1751,1750,1752,-1,1751,1752,1753,-1,1753,1752,1754,-1,1753,1754,1755,-1,1755,1754,1756,-1,1755,1756,1757,-1,1757,1756,1730,-1,1757,1730,1729,-1,1727,1725,1733,-1,1733,1725,1731,-1,1735,1733,1731,-1,1731,1730,1735,-1,1735,1730,1756,-1,1735,1756,1754,-1,1754,1752,1735,-1,1735,1752,1750,-1,1735,1750,1748,-1,1748,1746,1735,-1,1735,1746,1744,-1,1735,1744,1742,-1,1742,1740,1735,-1,1735,1740,1738,-1,1735,1738,1736,-1,1758,1759,1760,-1,1760,1759,1761,-1,1759,1758,1762,-1,1763,1764,1762,-1,1762,1764,1765,-1,1762,1765,1759,-1,1760,1761,1766,-1,1766,1761,1767,-1,1766,1767,1768,-1,1768,1767,1769,-1,1768,1769,1770,-1,1768,1770,1771,-1,1771,1770,1772,-1,1771,1772,1773,-1,1773,1772,1774,-1,1773,1774,1775,-1,1775,1774,1776,-1,1775,1776,1777,-1,1777,1776,1778,-1,1777,1778,1779,-1,1779,1778,1780,-1,1779,1780,1781,-1,1781,1780,1782,-1,1781,1782,1783,-1,1783,1782,1784,-1,1783,1784,1785,-1,1785,1784,1786,-1,1785,1786,1787,-1,1787,1786,1788,-1,1787,1788,1789,-1,1789,1788,1790,-1,1789,1790,1791,-1,1791,1790,1792,-1,1791,1792,1793,-1,1793,1792,1764,-1,1793,1764,1763,-1,1761,1759,1767,-1,1767,1759,1765,-1,1767,1765,1769,-1,1769,1765,1764,-1,1764,1792,1769,-1,1769,1792,1790,-1,1769,1790,1788,-1,1788,1786,1769,-1,1769,1786,1784,-1,1769,1784,1782,-1,1782,1780,1769,-1,1769,1780,1778,-1,1769,1778,1776,-1,1774,1772,1776,-1,1776,1772,1770,-1,1776,1770,1769,-1,1794,1795,1796,-1,1796,1795,1797,-1,1795,1794,1798,-1,1799,1800,1798,-1,1798,1800,1801,-1,1798,1801,1795,-1,1796,1797,1802,-1,1802,1797,1803,-1,1802,1803,1804,-1,1804,1803,1805,-1,1804,1805,1806,-1,1804,1806,1807,-1,1807,1806,1808,-1,1807,1808,1809,-1,1809,1808,1810,-1,1809,1810,1811,-1,1811,1810,1812,-1,1811,1812,1813,-1,1813,1812,1814,-1,1813,1814,1815,-1,1815,1814,1816,-1,1815,1816,1817,-1,1817,1816,1818,-1,1817,1818,1819,-1,1819,1818,1820,-1,1819,1820,1821,-1,1821,1820,1822,-1,1821,1822,1823,-1,1823,1822,1824,-1,1823,1824,1825,-1,1825,1824,1826,-1,1825,1826,1827,-1,1827,1826,1800,-1,1827,1800,1799,-1,1797,1795,1803,-1,1803,1795,1801,-1,1803,1801,1805,-1,1805,1801,1800,-1,1824,1822,1820,-1,1824,1820,1826,-1,1826,1820,1800,-1,1800,1820,1818,-1,1800,1818,1816,-1,1816,1814,1800,-1,1800,1814,1812,-1,1800,1812,1810,-1,1810,1808,1800,-1,1800,1808,1806,-1,1800,1806,1805,-1,1828,1829,1830,-1,1830,1829,1831,-1,1829,1828,1832,-1,1833,1834,1832,-1,1832,1834,1835,-1,1832,1835,1829,-1,1830,1831,1836,-1,1836,1831,1837,-1,1836,1837,1838,-1,1838,1837,1839,-1,1838,1839,1840,-1,1838,1840,1841,-1,1841,1840,1842,-1,1841,1842,1843,-1,1843,1842,1844,-1,1843,1844,1845,-1,1845,1844,1846,-1,1845,1846,1847,-1,1847,1846,1848,-1,1847,1848,1849,-1,1849,1848,1850,-1,1849,1850,1851,-1,1851,1850,1852,-1,1851,1852,1853,-1,1853,1852,1854,-1,1853,1854,1855,-1,1855,1854,1856,-1,1855,1856,1857,-1,1857,1856,1858,-1,1857,1858,1859,-1,1859,1858,1860,-1,1859,1860,1861,-1,1861,1860,1834,-1,1861,1834,1833,-1,1831,1829,1837,-1,1837,1829,1835,-1,1854,1852,1839,-1,1837,1835,1839,-1,1839,1835,1834,-1,1839,1834,1860,-1,1860,1858,1839,-1,1839,1858,1856,-1,1839,1856,1854,-1,1842,1848,1844,-1,1844,1848,1846,-1,1852,1850,1839,-1,1839,1850,1848,-1,1839,1848,1840,-1,1840,1848,1842,-1,1862,1863,1864,-1,1864,1863,1865,-1,1863,1862,1866,-1,1867,1868,1866,-1,1866,1868,1869,-1,1866,1869,1863,-1,1864,1865,1870,-1,1870,1865,1871,-1,1870,1871,1872,-1,1872,1871,1873,-1,1872,1873,1874,-1,1872,1874,1875,-1,1875,1874,1876,-1,1875,1876,1877,-1,1877,1876,1878,-1,1877,1878,1879,-1,1879,1878,1880,-1,1879,1880,1881,-1,1881,1880,1882,-1,1881,1882,1883,-1,1883,1882,1884,-1,1883,1884,1885,-1,1885,1884,1886,-1,1885,1886,1887,-1,1887,1886,1888,-1,1887,1888,1889,-1,1889,1888,1890,-1,1889,1890,1891,-1,1891,1890,1892,-1,1891,1892,1893,-1,1893,1892,1894,-1,1893,1894,1895,-1,1895,1894,1896,-1,1895,1896,1897,-1,1897,1896,1868,-1,1897,1868,1867,-1,1865,1863,1871,-1,1871,1863,1869,-1,1871,1869,1873,-1,1873,1869,1868,-1,1868,1896,1873,-1,1873,1896,1894,-1,1873,1894,1892,-1,1892,1890,1873,-1,1873,1890,1888,-1,1873,1888,1886,-1,1886,1884,1873,-1,1873,1884,1882,-1,1873,1882,1880,-1,1880,1878,1873,-1,1873,1878,1876,-1,1873,1876,1874,-1,1898,1899,1900,-1,1900,1899,1901,-1,1899,1898,1902,-1,1903,1904,1902,-1,1902,1904,1905,-1,1902,1905,1899,-1,1900,1901,1906,-1,1906,1901,1907,-1,1906,1907,1908,-1,1908,1907,1909,-1,1908,1909,1910,-1,1908,1910,1911,-1,1911,1910,1912,-1,1911,1912,1913,-1,1913,1912,1914,-1,1913,1914,1915,-1,1915,1914,1916,-1,1915,1916,1917,-1,1917,1916,1918,-1,1917,1918,1919,-1,1919,1918,1920,-1,1919,1920,1921,-1,1921,1920,1922,-1,1921,1922,1923,-1,1923,1922,1924,-1,1923,1924,1925,-1,1925,1924,1926,-1,1925,1926,1927,-1,1927,1926,1928,-1,1927,1928,1929,-1,1929,1928,1930,-1,1929,1930,1931,-1,1931,1930,1904,-1,1931,1904,1903,-1,1901,1899,1907,-1,1907,1899,1905,-1,1907,1905,1909,-1,1909,1905,1904,-1,1909,1904,1930,-1,1930,1928,1909,-1,1909,1928,1926,-1,1909,1926,1924,-1,1922,1912,1924,-1,1924,1912,1910,-1,1924,1910,1909,-1,1922,1920,1912,-1,1912,1920,1918,-1,1912,1918,1914,-1,1914,1918,1916,-1,1932,1933,1934,-1,1934,1933,1935,-1,1933,1932,1936,-1,1937,1938,1936,-1,1936,1938,1939,-1,1936,1939,1933,-1,1934,1935,1940,-1,1940,1935,1941,-1,1940,1941,1942,-1,1942,1941,1943,-1,1942,1943,1944,-1,1942,1944,1945,-1,1945,1944,1946,-1,1945,1946,1947,-1,1947,1946,1948,-1,1947,1948,1949,-1,1949,1948,1950,-1,1949,1950,1951,-1,1951,1950,1952,-1,1951,1952,1953,-1,1953,1952,1954,-1,1953,1954,1955,-1,1955,1954,1956,-1,1955,1956,1957,-1,1957,1956,1958,-1,1957,1958,1959,-1,1959,1958,1960,-1,1959,1960,1961,-1,1961,1960,1962,-1,1961,1962,1963,-1,1963,1962,1964,-1,1963,1964,1965,-1,1965,1964,1966,-1,1965,1966,1967,-1,1967,1966,1938,-1,1967,1938,1937,-1,1935,1933,1941,-1,1941,1933,1939,-1,1941,1939,1943,-1,1943,1939,1938,-1,1943,1938,1966,-1,1948,1946,1962,-1,1966,1964,1943,-1,1943,1964,1962,-1,1943,1962,1944,-1,1944,1962,1946,-1,1960,1958,1956,-1,1956,1954,1960,-1,1960,1954,1952,-1,1960,1952,1962,-1,1962,1952,1950,-1,1962,1950,1948,-1,1968,1969,1970,-1,1970,1969,1971,-1,1969,1968,1972,-1,1973,1974,1972,-1,1972,1974,1975,-1,1972,1975,1969,-1,1970,1971,1976,-1,1976,1971,1977,-1,1976,1977,1978,-1,1978,1977,1979,-1,1978,1979,1980,-1,1978,1980,1981,-1,1981,1980,1982,-1,1981,1982,1983,-1,1983,1982,1984,-1,1983,1984,1985,-1,1985,1984,1986,-1,1985,1986,1987,-1,1987,1986,1988,-1,1987,1988,1989,-1,1989,1988,1990,-1,1989,1990,1991,-1,1991,1990,1992,-1,1991,1992,1993,-1,1993,1992,1994,-1,1993,1994,1995,-1,1995,1994,1996,-1,1995,1996,1997,-1,1997,1996,1998,-1,1997,1998,1999,-1,1999,1998,2000,-1,1999,2000,2001,-1,2001,2000,1974,-1,2001,1974,1973,-1,1971,1969,1977,-1,1977,1969,1975,-1,1990,1988,1974,-1,1998,1996,1994,-1,1998,1994,2000,-1,1977,1975,1979,-1,1979,1975,1974,-1,1979,1974,1980,-1,1980,1974,1982,-1,2000,1994,1974,-1,1974,1994,1992,-1,1974,1992,1990,-1,1988,1986,1974,-1,1974,1986,1984,-1,1974,1984,1982,-1,2002,2003,2004,-1,2004,2003,2005,-1,2003,2002,2006,-1,2007,2008,2006,-1,2006,2008,2009,-1,2006,2009,2003,-1,2004,2005,2010,-1,2010,2005,2011,-1,2010,2011,2012,-1,2012,2011,2013,-1,2012,2013,2014,-1,2012,2014,2015,-1,2015,2014,2016,-1,2015,2016,2017,-1,2017,2016,2018,-1,2017,2018,2019,-1,2019,2018,2020,-1,2019,2020,2021,-1,2021,2020,2022,-1,2021,2022,2023,-1,2023,2022,2024,-1,2023,2024,2025,-1,2025,2024,2026,-1,2025,2026,2027,-1,2027,2026,2028,-1,2027,2028,2029,-1,2029,2028,2030,-1,2029,2030,2031,-1,2031,2030,2032,-1,2031,2032,2033,-1,2033,2032,2034,-1,2033,2034,2035,-1,2035,2034,2008,-1,2035,2008,2007,-1,2005,2003,2011,-1,2011,2003,2009,-1,2026,2024,2008,-1,2008,2034,2032,-1,2008,2018,2016,-1,2032,2030,2008,-1,2008,2030,2028,-1,2008,2028,2026,-1,2024,2022,2008,-1,2008,2022,2020,-1,2008,2020,2018,-1,2011,2009,2013,-1,2013,2009,2008,-1,2013,2008,2014,-1,2014,2008,2016,-1,2036,2037,2038,-1,2038,2037,2039,-1,2037,2036,2040,-1,2041,2042,2040,-1,2040,2042,2043,-1,2040,2043,2037,-1,2038,2039,2044,-1,2044,2039,2045,-1,2044,2045,2046,-1,2046,2045,2047,-1,2046,2047,2048,-1,2046,2048,2049,-1,2049,2048,2050,-1,2049,2050,2051,-1,2051,2050,2052,-1,2051,2052,2053,-1,2053,2052,2054,-1,2053,2054,2055,-1,2055,2054,2056,-1,2055,2056,2057,-1,2057,2056,2058,-1,2057,2058,2059,-1,2059,2058,2060,-1,2059,2060,2061,-1,2061,2060,2062,-1,2061,2062,2063,-1,2063,2062,2064,-1,2063,2064,2065,-1,2065,2064,2066,-1,2065,2066,2067,-1,2067,2066,2068,-1,2067,2068,2069,-1,2069,2068,2042,-1,2069,2042,2041,-1,2039,2037,2045,-1,2045,2037,2043,-1,2045,2043,2047,-1,2047,2043,2042,-1,2047,2042,2048,-1,2058,2056,2042,-1,2042,2056,2054,-1,2054,2052,2042,-1,2042,2052,2050,-1,2042,2050,2048,-1,2064,2062,2066,-1,2066,2062,2068,-1,2068,2062,2042,-1,2042,2062,2060,-1,2042,2060,2058,-1,2070,2071,2072,-1,2072,2071,2073,-1,2071,2070,2074,-1,2075,2076,2074,-1,2074,2076,2077,-1,2074,2077,2071,-1,2072,2073,2078,-1,2078,2073,2079,-1,2078,2079,2080,-1,2080,2079,2081,-1,2080,2081,2082,-1,2080,2082,2083,-1,2083,2082,2084,-1,2083,2084,2085,-1,2085,2084,2086,-1,2085,2086,2087,-1,2087,2086,2088,-1,2087,2088,2089,-1,2089,2088,2090,-1,2089,2090,2091,-1,2091,2090,2092,-1,2091,2092,2093,-1,2093,2092,2094,-1,2093,2094,2095,-1,2095,2094,2096,-1,2095,2096,2097,-1,2097,2096,2098,-1,2097,2098,2099,-1,2099,2098,2100,-1,2099,2100,2101,-1,2101,2100,2102,-1,2101,2102,2103,-1,2103,2102,2076,-1,2103,2076,2075,-1,2073,2071,2079,-1,2079,2071,2077,-1,2094,2092,2076,-1,2076,2102,2100,-1,2076,2086,2084,-1,2100,2098,2076,-1,2076,2098,2096,-1,2076,2096,2094,-1,2092,2090,2076,-1,2076,2090,2088,-1,2076,2088,2086,-1,2079,2077,2081,-1,2081,2077,2076,-1,2081,2076,2082,-1,2082,2076,2084,-1,2104,2105,2106,-1,2106,2105,2107,-1,2105,2104,2108,-1,2109,2110,2108,-1,2108,2110,2111,-1,2108,2111,2105,-1,2106,2107,2112,-1,2112,2107,2113,-1,2112,2113,2114,-1,2114,2113,2115,-1,2114,2115,2116,-1,2114,2116,2117,-1,2117,2116,2118,-1,2117,2118,2119,-1,2119,2118,2120,-1,2119,2120,2121,-1,2121,2120,2122,-1,2121,2122,2123,-1,2123,2122,2124,-1,2123,2124,2125,-1,2125,2124,2126,-1,2125,2126,2127,-1,2127,2126,2128,-1,2127,2128,2129,-1,2129,2128,2130,-1,2129,2130,2131,-1,2131,2130,2132,-1,2131,2132,2133,-1,2133,2132,2134,-1,2133,2134,2135,-1,2135,2134,2136,-1,2135,2136,2137,-1,2137,2136,2110,-1,2137,2110,2109,-1,2107,2105,2113,-1,2113,2105,2111,-1,2115,2113,2111,-1,2111,2110,2115,-1,2115,2110,2136,-1,2115,2136,2134,-1,2134,2132,2115,-1,2115,2132,2130,-1,2115,2130,2128,-1,2118,2124,2120,-1,2120,2124,2122,-1,2128,2126,2115,-1,2115,2126,2124,-1,2115,2124,2116,-1,2116,2124,2118,-1,2138,2139,2140,-1,2140,2139,2141,-1,2139,2138,2142,-1,2143,2144,2142,-1,2142,2144,2145,-1,2142,2145,2139,-1,2140,2141,2146,-1,2146,2141,2147,-1,2146,2147,2148,-1,2148,2147,2149,-1,2148,2149,2150,-1,2148,2150,2151,-1,2151,2150,2152,-1,2151,2152,2153,-1,2153,2152,2154,-1,2153,2154,2155,-1,2155,2154,2156,-1,2155,2156,2157,-1,2157,2156,2158,-1,2157,2158,2159,-1,2159,2158,2160,-1,2159,2160,2161,-1,2161,2160,2162,-1,2161,2162,2163,-1,2163,2162,2164,-1,2163,2164,2165,-1,2165,2164,2166,-1,2165,2166,2167,-1,2167,2166,2168,-1,2167,2168,2169,-1,2169,2168,2170,-1,2169,2170,2171,-1,2171,2170,2144,-1,2171,2144,2143,-1,2141,2139,2147,-1,2147,2139,2145,-1,2164,2162,2160,-1,2170,2160,2144,-1,2144,2160,2158,-1,2170,2168,2160,-1,2160,2168,2166,-1,2160,2166,2164,-1,2158,2156,2144,-1,2144,2156,2154,-1,2144,2154,2152,-1,2147,2145,2149,-1,2149,2145,2144,-1,2149,2144,2150,-1,2150,2144,2152,-1,2172,2173,2174,-1,2174,2173,2175,-1,2173,2172,2176,-1,2177,2178,2176,-1,2176,2178,2179,-1,2176,2179,2173,-1,2174,2175,2180,-1,2180,2175,2181,-1,2180,2181,2182,-1,2182,2181,2183,-1,2182,2183,2184,-1,2182,2184,2185,-1,2185,2184,2186,-1,2185,2186,2187,-1,2187,2186,2188,-1,2187,2188,2189,-1,2189,2188,2190,-1,2189,2190,2191,-1,2191,2190,2192,-1,2191,2192,2193,-1,2193,2192,2194,-1,2193,2194,2195,-1,2195,2194,2196,-1,2195,2196,2197,-1,2197,2196,2198,-1,2197,2198,2199,-1,2199,2198,2200,-1,2199,2200,2201,-1,2201,2200,2202,-1,2201,2202,2203,-1,2203,2202,2204,-1,2203,2204,2205,-1,2205,2204,2178,-1,2205,2178,2177,-1,2175,2173,2181,-1,2181,2173,2179,-1,2196,2194,2178,-1,2181,2179,2183,-1,2183,2179,2178,-1,2202,2200,2198,-1,2196,2178,2198,-1,2198,2178,2204,-1,2198,2204,2202,-1,2194,2192,2178,-1,2178,2192,2190,-1,2178,2190,2188,-1,2188,2186,2178,-1,2178,2186,2184,-1,2178,2184,2183,-1,2206,2207,2208,-1,2208,2207,2209,-1,2207,2206,2210,-1,2211,2212,2210,-1,2210,2212,2213,-1,2210,2213,2207,-1,2208,2209,2214,-1,2214,2209,2215,-1,2214,2215,2216,-1,2216,2215,2217,-1,2216,2217,2218,-1,2216,2218,2219,-1,2219,2218,2220,-1,2219,2220,2221,-1,2221,2220,2222,-1,2221,2222,2223,-1,2223,2222,2224,-1,2223,2224,2225,-1,2225,2224,2226,-1,2225,2226,2227,-1,2227,2226,2228,-1,2227,2228,2229,-1,2229,2228,2230,-1,2229,2230,2231,-1,2231,2230,2232,-1,2231,2232,2233,-1,2233,2232,2234,-1,2233,2234,2235,-1,2235,2234,2236,-1,2235,2236,2237,-1,2237,2236,2238,-1,2237,2238,2239,-1,2239,2238,2212,-1,2239,2212,2211,-1,2209,2207,2215,-1,2215,2207,2213,-1,2222,2220,2212,-1,2215,2213,2217,-1,2217,2213,2212,-1,2217,2212,2218,-1,2218,2212,2220,-1,2234,2226,2236,-1,2236,2226,2238,-1,2234,2232,2226,-1,2226,2232,2230,-1,2226,2230,2228,-1,2238,2226,2212,-1,2212,2226,2224,-1,2212,2224,2222,-1,2240,2241,2242,-1,2242,2241,2243,-1,2241,2240,2244,-1,2245,2246,2244,-1,2244,2246,2247,-1,2244,2247,2241,-1,2242,2243,2248,-1,2248,2243,2249,-1,2248,2249,2250,-1,2250,2249,2251,-1,2250,2251,2252,-1,2250,2252,2253,-1,2253,2252,2254,-1,2253,2254,2255,-1,2255,2254,2256,-1,2255,2256,2257,-1,2257,2256,2258,-1,2257,2258,2259,-1,2259,2258,2260,-1,2259,2260,2261,-1,2261,2260,2262,-1,2261,2262,2263,-1,2263,2262,2264,-1,2263,2264,2265,-1,2265,2264,2266,-1,2265,2266,2267,-1,2267,2266,2268,-1,2267,2268,2269,-1,2269,2268,2270,-1,2269,2270,2271,-1,2271,2270,2272,-1,2271,2272,2273,-1,2273,2272,2246,-1,2273,2246,2245,-1,2243,2241,2249,-1,2249,2241,2247,-1,2249,2247,2251,-1,2251,2247,2246,-1,2251,2246,2272,-1,2272,2270,2251,-1,2251,2270,2268,-1,2251,2268,2266,-1,2266,2264,2251,-1,2251,2264,2262,-1,2251,2262,2260,-1,2260,2258,2251,-1,2251,2258,2256,-1,2251,2256,2252,-1,2252,2256,2254,-1,2274,2275,2276,-1,2276,2275,2277,-1,2275,2274,2278,-1,2279,2280,2278,-1,2278,2280,2281,-1,2278,2281,2275,-1,2276,2277,2282,-1,2282,2277,2283,-1,2282,2283,2284,-1,2284,2283,2285,-1,2284,2285,2286,-1,2284,2286,2287,-1,2287,2286,2288,-1,2287,2288,2289,-1,2289,2288,2290,-1,2289,2290,2291,-1,2291,2290,2292,-1,2291,2292,2293,-1,2293,2292,2294,-1,2293,2294,2295,-1,2295,2294,2296,-1,2295,2296,2297,-1,2297,2296,2298,-1,2297,2298,2299,-1,2299,2298,2300,-1,2299,2300,2301,-1,2301,2300,2302,-1,2301,2302,2303,-1,2303,2302,2304,-1,2303,2304,2305,-1,2305,2304,2306,-1,2305,2306,2307,-1,2307,2306,2280,-1,2307,2280,2279,-1,2277,2275,2283,-1,2283,2275,2281,-1,2285,2283,2281,-1,2281,2280,2285,-1,2285,2280,2306,-1,2285,2306,2304,-1,2304,2302,2285,-1,2285,2302,2300,-1,2285,2300,2298,-1,2290,2288,2292,-1,2292,2288,2294,-1,2298,2296,2285,-1,2285,2296,2294,-1,2285,2294,2286,-1,2286,2294,2288,-1,2308,2309,2310,-1,2310,2309,2311,-1,2309,2308,2312,-1,2313,2314,2312,-1,2312,2314,2315,-1,2312,2315,2309,-1,2310,2311,2316,-1,2316,2311,2317,-1,2316,2317,2318,-1,2318,2317,2319,-1,2318,2319,2320,-1,2318,2320,2321,-1,2321,2320,2322,-1,2321,2322,2323,-1,2323,2322,2324,-1,2323,2324,2325,-1,2325,2324,2326,-1,2325,2326,2327,-1,2327,2326,2328,-1,2327,2328,2329,-1,2329,2328,2330,-1,2329,2330,2331,-1,2331,2330,2332,-1,2331,2332,2333,-1,2333,2332,2334,-1,2333,2334,2335,-1,2335,2334,2336,-1,2335,2336,2337,-1,2337,2336,2338,-1,2337,2338,2339,-1,2339,2338,2340,-1,2339,2340,2341,-1,2341,2340,2314,-1,2341,2314,2313,-1,2311,2309,2317,-1,2317,2309,2315,-1,2317,2315,2319,-1,2319,2315,2314,-1,2319,2314,2320,-1,2314,2334,2332,-1,2334,2314,2336,-1,2336,2314,2340,-1,2336,2340,2338,-1,2332,2330,2314,-1,2314,2330,2328,-1,2314,2328,2326,-1,2326,2324,2314,-1,2314,2324,2322,-1,2314,2322,2320,-1,2342,2343,2344,-1,2344,2343,2345,-1,2343,2342,2346,-1,2347,2348,2346,-1,2346,2348,2349,-1,2346,2349,2343,-1,2344,2345,2350,-1,2350,2345,2351,-1,2350,2351,2352,-1,2352,2351,2353,-1,2352,2353,2354,-1,2352,2354,2355,-1,2355,2354,2356,-1,2355,2356,2357,-1,2357,2356,2358,-1,2357,2358,2359,-1,2359,2358,2360,-1,2359,2360,2361,-1,2361,2360,2362,-1,2361,2362,2363,-1,2363,2362,2364,-1,2363,2364,2365,-1,2365,2364,2366,-1,2365,2366,2367,-1,2367,2366,2368,-1,2367,2368,2369,-1,2369,2368,2370,-1,2369,2370,2371,-1,2371,2370,2372,-1,2371,2372,2373,-1,2373,2372,2374,-1,2373,2374,2375,-1,2375,2374,2348,-1,2375,2348,2347,-1,2345,2343,2351,-1,2351,2343,2349,-1,2351,2349,2353,-1,2353,2349,2348,-1,2364,2348,2366,-1,2366,2348,2368,-1,2368,2348,2370,-1,2370,2348,2374,-1,2370,2374,2372,-1,2364,2362,2348,-1,2348,2362,2360,-1,2348,2360,2358,-1,2358,2356,2348,-1,2348,2356,2354,-1,2348,2354,2353,-1,2376,2377,2378,-1,2378,2377,2379,-1,2377,2376,2380,-1,2381,2382,2380,-1,2380,2382,2383,-1,2380,2383,2377,-1,2378,2379,2384,-1,2384,2379,2385,-1,2384,2385,2386,-1,2386,2385,2387,-1,2386,2387,2388,-1,2386,2388,2389,-1,2389,2388,2390,-1,2389,2390,2391,-1,2391,2390,2392,-1,2391,2392,2393,-1,2393,2392,2394,-1,2393,2394,2395,-1,2395,2394,2396,-1,2395,2396,2397,-1,2397,2396,2398,-1,2397,2398,2399,-1,2399,2398,2400,-1,2399,2400,2401,-1,2401,2400,2402,-1,2401,2402,2403,-1,2403,2402,2404,-1,2403,2404,2405,-1,2405,2404,2406,-1,2405,2406,2407,-1,2407,2406,2408,-1,2407,2408,2409,-1,2409,2408,2382,-1,2409,2382,2381,-1,2379,2377,2385,-1,2385,2377,2383,-1,2392,2390,2382,-1,2404,2396,2406,-1,2406,2396,2408,-1,2404,2402,2396,-1,2396,2402,2400,-1,2396,2400,2398,-1,2408,2396,2382,-1,2382,2396,2394,-1,2382,2394,2392,-1,2385,2383,2387,-1,2387,2383,2382,-1,2387,2382,2388,-1,2388,2382,2390,-1,2410,2411,2412,-1,2412,2411,2413,-1,2411,2410,2414,-1,2415,2416,2414,-1,2414,2416,2417,-1,2414,2417,2411,-1,2412,2413,2418,-1,2418,2413,2419,-1,2418,2419,2420,-1,2420,2419,2421,-1,2420,2421,2422,-1,2420,2422,2423,-1,2423,2422,2424,-1,2423,2424,2425,-1,2425,2424,2426,-1,2425,2426,2427,-1,2427,2426,2428,-1,2427,2428,2429,-1,2429,2428,2430,-1,2429,2430,2431,-1,2431,2430,2432,-1,2431,2432,2433,-1,2433,2432,2434,-1,2433,2434,2435,-1,2435,2434,2436,-1,2435,2436,2437,-1,2437,2436,2438,-1,2437,2438,2439,-1,2439,2438,2440,-1,2439,2440,2441,-1,2441,2440,2442,-1,2441,2442,2443,-1,2443,2442,2416,-1,2443,2416,2415,-1,2413,2411,2419,-1,2419,2411,2417,-1,2419,2417,2421,-1,2421,2417,2416,-1,2421,2416,2442,-1,2442,2440,2421,-1,2421,2440,2438,-1,2421,2438,2436,-1,2436,2434,2421,-1,2421,2434,2432,-1,2421,2432,2430,-1,2430,2428,2421,-1,2421,2428,2426,-1,2421,2426,2422,-1,2422,2426,2424,-1,2444,2445,2446,-1,2446,2445,2447,-1,2445,2444,2448,-1,2449,2450,2448,-1,2448,2450,2451,-1,2448,2451,2445,-1,2446,2447,2452,-1,2452,2447,2453,-1,2452,2453,2454,-1,2454,2453,2455,-1,2454,2455,2456,-1,2454,2456,2457,-1,2457,2456,2458,-1,2457,2458,2459,-1,2459,2458,2460,-1,2459,2460,2461,-1,2461,2460,2462,-1,2461,2462,2463,-1,2463,2462,2464,-1,2463,2464,2465,-1,2465,2464,2466,-1,2465,2466,2467,-1,2467,2466,2468,-1,2467,2468,2469,-1,2469,2468,2470,-1,2469,2470,2471,-1,2471,2470,2472,-1,2471,2472,2473,-1,2473,2472,2474,-1,2473,2474,2475,-1,2475,2474,2476,-1,2475,2476,2477,-1,2477,2476,2450,-1,2477,2450,2449,-1,2447,2445,2453,-1,2453,2445,2451,-1,2468,2466,2450,-1,2474,2472,2470,-1,2460,2458,2450,-1,2453,2451,2455,-1,2455,2451,2450,-1,2455,2450,2456,-1,2456,2450,2458,-1,2468,2450,2470,-1,2470,2450,2476,-1,2470,2476,2474,-1,2466,2464,2450,-1,2450,2464,2462,-1,2450,2462,2460,-1,2478,2479,2480,-1,2480,2479,2481,-1,2479,2478,2482,-1,2483,2484,2482,-1,2482,2484,2485,-1,2482,2485,2479,-1,2480,2481,2486,-1,2486,2481,2487,-1,2486,2487,2488,-1,2488,2487,2489,-1,2488,2489,2490,-1,2488,2490,2491,-1,2491,2490,2492,-1,2491,2492,2493,-1,2493,2492,2494,-1,2493,2494,2495,-1,2495,2494,2496,-1,2495,2496,2497,-1,2497,2496,2498,-1,2497,2498,2499,-1,2499,2498,2500,-1,2499,2500,2501,-1,2501,2500,2502,-1,2501,2502,2503,-1,2503,2502,2504,-1,2503,2504,2505,-1,2505,2504,2506,-1,2505,2506,2507,-1,2507,2506,2508,-1,2507,2508,2509,-1,2509,2508,2510,-1,2509,2510,2511,-1,2511,2510,2484,-1,2511,2484,2483,-1,2481,2479,2487,-1,2487,2479,2485,-1,2504,2502,2500,-1,2487,2485,2489,-1,2489,2485,2484,-1,2489,2484,2490,-1,2510,2508,2500,-1,2500,2508,2506,-1,2500,2506,2504,-1,2510,2500,2484,-1,2484,2500,2498,-1,2484,2498,2496,-1,2496,2494,2484,-1,2484,2494,2492,-1,2484,2492,2490,-1,2512,2513,2514,-1,2514,2513,2515,-1,2513,2512,2516,-1,2517,2518,2516,-1,2516,2518,2519,-1,2516,2519,2513,-1,2514,2515,2520,-1,2520,2515,2521,-1,2520,2521,2522,-1,2522,2521,2523,-1,2522,2523,2524,-1,2522,2524,2525,-1,2525,2524,2526,-1,2525,2526,2527,-1,2527,2526,2528,-1,2527,2528,2529,-1,2529,2528,2530,-1,2529,2530,2531,-1,2531,2530,2532,-1,2531,2532,2533,-1,2533,2532,2534,-1,2533,2534,2535,-1,2535,2534,2536,-1,2535,2536,2537,-1,2537,2536,2538,-1,2537,2538,2539,-1,2539,2538,2540,-1,2539,2540,2541,-1,2541,2540,2542,-1,2541,2542,2543,-1,2543,2542,2544,-1,2543,2544,2545,-1,2545,2544,2518,-1,2545,2518,2517,-1,2515,2513,2521,-1,2521,2513,2519,-1,2536,2534,2518,-1,2518,2544,2542,-1,2518,2528,2526,-1,2542,2540,2518,-1,2518,2540,2538,-1,2518,2538,2536,-1,2534,2532,2518,-1,2518,2532,2530,-1,2518,2530,2528,-1,2521,2519,2523,-1,2523,2519,2518,-1,2523,2518,2524,-1,2524,2518,2526,-1,2546,2547,2548,-1,2548,2547,2549,-1,2547,2546,2550,-1,2551,2552,2550,-1,2550,2552,2553,-1,2550,2553,2547,-1,2548,2549,2554,-1,2554,2549,2555,-1,2554,2555,2556,-1,2556,2555,2557,-1,2556,2557,2558,-1,2556,2558,2559,-1,2559,2558,2560,-1,2559,2560,2561,-1,2561,2560,2562,-1,2561,2562,2563,-1,2563,2562,2564,-1,2563,2564,2565,-1,2565,2564,2566,-1,2565,2566,2567,-1,2567,2566,2568,-1,2567,2568,2569,-1,2569,2568,2570,-1,2569,2570,2571,-1,2571,2570,2572,-1,2571,2572,2573,-1,2573,2572,2574,-1,2573,2574,2575,-1,2575,2574,2576,-1,2575,2576,2577,-1,2577,2576,2578,-1,2577,2578,2579,-1,2579,2578,2552,-1,2579,2552,2551,-1,2549,2547,2555,-1,2555,2547,2553,-1,2555,2553,2557,-1,2557,2553,2552,-1,2578,2560,2552,-1,2552,2560,2558,-1,2552,2558,2557,-1,2574,2566,2564,-1,2574,2572,2566,-1,2566,2572,2570,-1,2566,2570,2568,-1,2578,2576,2560,-1,2560,2576,2574,-1,2560,2574,2562,-1,2562,2574,2564,-1,2580,2581,2582,-1,2582,2581,2583,-1,2581,2580,2584,-1,2585,2586,2584,-1,2584,2586,2587,-1,2584,2587,2581,-1,2582,2583,2588,-1,2588,2583,2589,-1,2588,2589,2590,-1,2590,2589,2591,-1,2590,2591,2592,-1,2590,2592,2593,-1,2593,2592,2594,-1,2593,2594,2595,-1,2595,2594,2596,-1,2595,2596,2597,-1,2597,2596,2598,-1,2597,2598,2599,-1,2599,2598,2600,-1,2599,2600,2601,-1,2601,2600,2602,-1,2601,2602,2603,-1,2603,2602,2604,-1,2603,2604,2605,-1,2605,2604,2606,-1,2605,2606,2607,-1,2607,2606,2608,-1,2607,2608,2609,-1,2609,2608,2610,-1,2609,2610,2611,-1,2611,2610,2612,-1,2611,2612,2613,-1,2613,2612,2586,-1,2613,2586,2585,-1,2583,2581,2589,-1,2589,2581,2587,-1,2591,2589,2587,-1,2587,2586,2591,-1,2591,2586,2612,-1,2591,2612,2610,-1,2600,2606,2602,-1,2602,2606,2604,-1,2600,2598,2606,-1,2606,2598,2596,-1,2606,2596,2594,-1,2610,2608,2591,-1,2591,2608,2606,-1,2591,2606,2592,-1,2592,2606,2594,-1,2614,2615,2616,-1,2616,2615,2617,-1,2616,2617,2618,-1,2618,2617,2619,-1,2619,2617,2620,-1,2619,2620,2621,-1,2621,2620,2622,-1,2622,2620,2623,-1,2622,2623,2624,-1,2625,2624,2626,-1,2626,2624,2623,-1,2625,2626,2627,-1,2627,2626,2615,-1,2627,2615,2614,-1,
        ]
    }
}
Shape{
    appearance Appearance {
        material  Material 	{
            diffuseColor 0.34901960784313724 0.34901960784313724 0.34901960784313724
            specularColor 0.023529411764705882 0.023529411764705882 0.023529411764705882
            ambientIntensity 0.498
            transparency 0.0
            shininess 0.5
        }
    }
    geometry IndexedFaceSet {
        ccw TRUE
        solid FALSE
        coord DEF co Coordinate {
            point [
                -1.5749 -1.4961 0.3386, -1.5749 -1.4961 0.3465, -1.5952 -1.4987 0.3386, -1.5952 -1.4987 0.3465, -1.6142 -1.5066 0.3386, -1.6142 -1.5066 0.3465, -1.6305 -1.5191 0.3386, -1.6305 -1.5191 0.3465, -1.643 -1.5354 0.3386, -1.643 -1.5354 0.3465, -1.6509 -1.5544 0.3386, -1.6509 -1.5544 0.3465, -1.6536 -1.5748 0.3386, -1.6536 -1.5748 0.3465, -1.6509 -1.5952 0.3386, -1.6509 -1.5952 0.3465, -1.643 -1.6142 0.3386, -1.643 -1.6142 0.3465, -1.6305 -1.6305 0.3386, -1.6305 -1.6305 0.3465, -1.6142 -1.643 0.3386, -1.6142 -1.643 0.3465, -1.5952 -1.6509 0.3386, -1.5952 -1.6509 0.3465, -1.5749 -1.6535 0.3386, -1.5749 -1.6535 0.3465, -1.5545 -1.6509 0.3386, -1.5545 -1.6509 0.3465, -1.5355 -1.643 0.3386, -1.5355 -1.643 0.3465, -1.5192 -1.6305 0.3386, -1.5192 -1.6305 0.3465, -1.5067 -1.6142 0.3386, -1.5067 -1.6142 0.3465, -1.4988 -1.5952 0.3386, -1.4988 -1.5952 0.3465, -1.4961 -1.5748 0.3386, -1.4961 -1.5748 0.3465, -1.4988 -1.5544 0.3386, -1.4988 -1.5544 0.3465, -1.5067 -1.5354 0.3386, -1.5067 -1.5354 0.3465, -1.5192 -1.5191 0.3386, -1.5192 -1.5191 0.3465, -1.5355 -1.5066 0.3386, -1.5355 -1.5066 0.3465, -1.5545 -1.4987 0.3386, -1.5545 -1.4987 0.3465, -1.5749 -1.5748 0.3386
            ]
        }
        coordIndex [
            0,1,2,-1,2,1,3,-1,2,3,4,-1,4,3,5,-1,4,5,6,-1,6,5,7,-1,6,7,8,-1,8,7,9,-1,8,9,10,-1,10,9,11,-1,10,11,12,-1,12,11,13,-1,12,13,14,-1,14,13,15,-1,14,15,16,-1,16,15,17,-1,16,17,18,-1,18,17,19,-1,18,19,20,-1,20,19,21,-1,20,21,22,-1,22,21,23,-1,22,23,24,-1,24,23,25,-1,24,25,26,-1,26,25,27,-1,26,27,28,-1,28,27,29,-1,28,29,30,-1,30,29,31,-1,30,31,32,-1,32,31,33,-1,32,33,34,-1,34,33,35,-1,34,35,36,-1,36,35,37,-1,36,37,38,-1,38,37,39,-1,38,39,40,-1,40,39,41,-1,40,41,42,-1,42,41,43,-1,42,43,44,-1,44,43,45,-1,44,45,46,-1,46,45,47,-1,46,47,0,-1,0,47,1,-1,44,46,48,-1,48,46,0,-1,48,0,2,-1,38,40,48,-1,48,40,42,-1,48,42,44,-1,32,34,48,-1,48,34,36,-1,48,36,38,-1,26,28,48,-1,48,28,30,-1,48,30,32,-1,20,22,48,-1,48,22,24,-1,48,24,26,-1,14,16,48,-1,48,16,18,-1,48,18,20,-1,8,10,48,-1,48,10,12,-1,48,12,14,-1,2,4,48,-1,48,4,6,-1,48,6,8,-1,
        ]
    }
}
Shape{
    appearance Appearance {
        material  Material 	{
            diffuseColor 1.0 1.0 1.0
            specularColor 0.8784313725490196 0.8784313725490196 0.8784313725490196
            ambientIntensity 1.0
            transparency 0.0
            shininess 0.5
        }
    }
    geometry IndexedFaceSet {
        ccw TRUE
        solid FALSE
        coord DEF co Coordinate {
            point [
                -0.0196 -0.0667 0.0079, 0.0197 -0.0821 0.0079, -0.0196 -0.0667 0.0, 0.0197 -0.0821 0.0, 0.0197 -0.0763 0.0079, 0.0197 -0.0763 0.0, 0.0087 -0.0723 0.0079, 0.0087 -0.0723 0.0, 0.0087 -0.0561 0.0079, 0.0087 -0.0561 0.0, 0.0197 -0.0523 0.0079, 0.0197 -0.0523 0.0, 0.0197 -0.0466 0.0079, 0.0197 -0.0466 0.0, -0.0196 -0.0614 0.0079, -0.0196 -0.0614 0.0, 0.0044 -0.0574 0.0079, -0.0121 -0.0633 0.0079, -0.0134 -0.0637 0.0079, -0.0148 -0.0639 0.0079, -0.0148 -0.064 0.0079, -0.0134 -0.0643 0.0079, -0.0121 -0.0646 0.0079, 0.0044 -0.0706 0.0079, 0.0044 -0.0574 0.0, 0.0044 -0.0706 0.0, -0.0121 -0.0633 0.0, -0.0134 -0.0637 0.0, -0.0148 -0.0639 0.0, -0.0148 -0.064 0.0, -0.0134 -0.0643 0.0, -0.0121 -0.0646 0.0, 0.0197 -0.0227 0.0079, 0.0197 -0.012 0.0079, 0.0197 -0.0227 0.0, 0.0197 -0.012 0.0, -0.0196 -0.012 0.0079, -0.0196 -0.012 0.0, -0.0196 -0.0231 0.0079, -0.0196 -0.0231 0.0, -0.0004 -0.0437 0.0079, -0.0004 -0.0437 0.0, -0.0041 -0.0434 0.0, -0.0041 -0.0434 0.0079, -0.008 -0.0423 0.0, -0.008 -0.0423 0.0079, -0.0114 -0.0405 0.0, -0.0114 -0.0405 0.0079, -0.0145 -0.0377 0.0, -0.0145 -0.0377 0.0079, -0.0145 -0.0377 0.0, -0.0145 -0.0377 0.0079, -0.0174 -0.0334 0.0, -0.0174 -0.0334 0.0079, -0.019 -0.0288 0.0, -0.019 -0.0288 0.0079, 0.0193 -0.0276 0.0, 0.0193 -0.0276 0.0079, 0.018 -0.0321 0.0, 0.018 -0.0321 0.0079, 0.0156 -0.0362 0.0, 0.0156 -0.0362 0.0079, 0.0125 -0.0395 0.0, 0.0125 -0.0395 0.0079, 0.009 -0.0417 0.0, 0.009 -0.0417 0.0079, 0.0048 -0.0431 0.0, 0.0048 -0.0431 0.0079, -0.0098 -0.0358 0.0079, -0.0118 -0.0339 0.0079, -0.0137 -0.031 0.0079, -0.0148 -0.0277 0.0079, -0.0153 -0.0231 0.0079, -0.0153 -0.0173 0.0079, 0.0154 -0.0173 0.0079, 0.0154 -0.0229 0.0079, 0.015 -0.027 0.0079, 0.014 -0.0303 0.0079, 0.0124 -0.033 0.0079, 0.0102 -0.0352 0.0079, 0.0075 -0.0369 0.0079, 0.0038 -0.038 0.0079, -0.0003 -0.0384 0.0079, -0.0042 -0.0381 0.0079, -0.0074 -0.0371 0.0079, -0.0153 -0.0231 0.0, -0.0153 -0.0173 0.0, -0.0148 -0.0277 0.0, -0.0137 -0.031 0.0, -0.0118 -0.0339 0.0, -0.0098 -0.0358 0.0, -0.0074 -0.0371 0.0, -0.0042 -0.0381 0.0, -0.0003 -0.0384 0.0, 0.0038 -0.038 0.0, 0.0075 -0.0369 0.0, 0.0102 -0.0352 0.0, 0.0124 -0.033 0.0, 0.014 -0.0303 0.0, 0.015 -0.027 0.0, 0.0154 -0.0229 0.0, 0.0154 -0.0173 0.0, 0.0154 -0.0043 0.0079, 0.0197 -0.0043 0.0079, 0.0154 -0.0043 0.0, 0.0197 -0.0043 0.0, 0.0197 0.0168 0.0079, 0.0197 0.0168 0.0, -0.0196 0.0168 0.0079, -0.0196 0.0168 0.0, -0.0196 -0.0034 0.0079, -0.0196 -0.0034 0.0, -0.0153 -0.0034 0.0079, -0.0153 -0.0034 0.0, -0.0153 0.0115 0.0079, -0.0153 0.0115 0.0, -0.0023 0.0115 0.0079, -0.0023 0.0115 0.0, -0.0023 -0.0024 0.0079, -0.0023 -0.0024 0.0, 0.002 -0.0024 0.0079, 0.002 -0.0024 0.0, 0.002 0.0115 0.0079, 0.002 0.0115 0.0, 0.0154 0.0115 0.0079, 0.0154 0.0115 0.0, 0.0134 0.0245 0.0079, 0.0177 0.0245 0.0079, 0.0134 0.0245 0.0, 0.0177 0.0245 0.0, 0.0194 0.0287 0.0079, 0.0202 0.0353 0.0079, 0.0202 0.0353 0.0, 0.0202 0.0343 0.0, 0.0202 0.0343 0.0079, 0.02 0.0327 0.0, 0.0194 0.0287 0.0, 0.02 0.0376 0.0, 0.0197 0.0402 0.0079, 0.0197 0.0402 0.0, 0.0184 0.044 0.0079, 0.0184 0.044 0.0, 0.0164 0.0472 0.0079, 0.0164 0.0472 0.0, 0.0133 0.0501 0.0079, 0.0133 0.0501 0.0, 0.0095 0.0522 0.0079, 0.0095 0.0522 0.0, 0.0054 0.0534 0.0079, 0.0054 0.0534 0.0, 0.0008 0.0538 0.0079, 0.0008 0.0538 0.0, -0.0201 0.0338 0.0079, -0.0201 0.0338 0.0, -0.0198 0.0377 0.0, -0.0198 0.0377 0.0079, -0.0185 0.0421 0.0, -0.0185 0.0421 0.0079, -0.0164 0.0458 0.0, -0.0164 0.0458 0.0079, -0.0129 0.0494 0.0, -0.0129 0.0494 0.0079, -0.0093 0.0517 0.0, -0.0093 0.0517 0.0079, -0.0048 0.0532 0.0, -0.0048 0.0532 0.0079, -0.0185 0.0245 0.0079, -0.0185 0.0245 0.0, -0.0198 0.029 0.0, -0.0198 0.029 0.0079, -0.0133 0.0245 0.0079, -0.0133 0.0245 0.0, -0.0158 0.0337 0.0079, -0.0158 0.0337 0.0, -0.0152 0.0289 0.0, -0.0152 0.0289 0.0079, 0.0005 0.0485 0.0079, 0.0005 0.0485 0.0, -0.0026 0.0483 0.0, -0.0026 0.0483 0.0079, -0.0068 0.0473 0.0, -0.0068 0.0473 0.0079, -0.0098 0.0456 0.0, -0.0098 0.0456 0.0079, -0.0125 0.0433 0.0, -0.0125 0.0433 0.0079, -0.0143 0.0405 0.0, -0.0143 0.0405 0.0079, -0.0154 0.0376 0.0, -0.0154 0.0376 0.0079, 0.0159 0.0346 0.0079, 0.0159 0.0346 0.0, 0.0155 0.0383 0.0, 0.0155 0.0383 0.0079, 0.0144 0.0411 0.0, 0.0144 0.0411 0.0079, 0.0128 0.0436 0.0, 0.0128 0.0436 0.0079, 0.0109 0.0454 0.0, 0.0109 0.0454 0.0079, 0.0081 0.047 0.0, 0.0081 0.047 0.0079, 0.0047 0.0481 0.0, 0.0047 0.0481 0.0079, 0.0138 0.0252 0.0, 0.0138 0.0252 0.0079, 0.0153 0.0294 0.0, 0.0153 0.0294 0.0079, 0.0154 0.0571 0.0079, 0.0197 0.0571 0.0079, 0.0154 0.0571 0.0, 0.0197 0.0571 0.0, 0.0197 0.0773 0.0079, 0.0197 0.0773 0.0, -0.0196 0.0773 0.0079, -0.0196 0.0773 0.0, -0.0196 0.072 0.0079, -0.0196 0.072 0.0, 0.0154 0.072 0.0079, 0.0154 0.072 0.0
            ]
        }
        coordIndex [
            0,1,2,-1,2,1,3,-1,1,4,3,-1,3,4,5,-1,4,6,5,-1,5,6,7,-1,6,8,7,-1,7,8,9,-1,8,10,9,-1,9,10,11,-1,10,12,11,-1,11,12,13,-1,12,14,13,-1,13,14,15,-1,14,0,15,-1,15,0,2,-1,16,17,14,-1,12,10,8,-1,17,18,14,-1,14,18,19,-1,14,19,0,-1,0,19,20,-1,0,20,21,-1,21,22,0,-1,0,22,23,-1,0,23,1,-1,4,1,6,-1,6,1,23,-1,6,23,8,-1,8,23,16,-1,8,16,12,-1,12,16,14,-1,16,23,24,-1,24,23,25,-1,17,16,26,-1,26,16,24,-1,17,26,27,-1,17,27,18,-1,18,27,28,-1,18,28,19,-1,20,19,29,-1,29,19,28,-1,20,29,30,-1,20,30,21,-1,21,30,31,-1,21,31,22,-1,23,22,25,-1,25,22,31,-1,32,33,34,-1,34,33,35,-1,33,36,35,-1,35,36,37,-1,36,38,37,-1,37,38,39,-1,40,41,42,-1,40,42,43,-1,43,42,44,-1,43,44,45,-1,45,44,46,-1,45,46,47,-1,47,46,48,-1,47,48,49,-1,49,48,50,-1,49,50,51,-1,51,50,52,-1,51,52,53,-1,53,52,54,-1,53,54,55,-1,55,54,39,-1,55,39,38,-1,32,34,56,-1,32,56,57,-1,57,56,58,-1,57,58,59,-1,59,58,60,-1,59,60,61,-1,61,60,62,-1,61,62,63,-1,63,62,64,-1,63,64,65,-1,65,64,66,-1,65,66,67,-1,67,66,41,-1,67,41,40,-1,45,47,68,-1,68,47,49,-1,68,49,69,-1,69,49,51,-1,69,51,70,-1,70,51,53,-1,70,53,71,-1,71,53,55,-1,71,55,72,-1,72,55,38,-1,72,38,73,-1,73,38,36,-1,73,36,74,-1,74,36,33,-1,74,33,75,-1,75,33,32,-1,75,32,76,-1,76,32,57,-1,76,57,77,-1,77,57,59,-1,77,59,78,-1,78,59,61,-1,78,61,79,-1,79,61,63,-1,79,63,80,-1,80,63,65,-1,80,65,81,-1,81,65,67,-1,81,67,82,-1,82,67,40,-1,82,40,83,-1,83,40,43,-1,83,43,84,-1,84,43,45,-1,84,45,68,-1,72,73,85,-1,85,73,86,-1,72,85,87,-1,72,87,71,-1,71,87,88,-1,71,88,70,-1,70,88,89,-1,70,89,69,-1,69,89,90,-1,69,90,68,-1,68,90,91,-1,68,91,84,-1,84,91,92,-1,84,92,83,-1,83,92,93,-1,83,93,82,-1,82,93,94,-1,82,94,81,-1,81,94,95,-1,81,95,80,-1,80,95,96,-1,80,96,79,-1,79,96,97,-1,79,97,78,-1,78,97,98,-1,78,98,77,-1,77,98,99,-1,77,99,76,-1,76,99,100,-1,76,100,75,-1,74,75,101,-1,101,75,100,-1,73,74,86,-1,86,74,101,-1,102,103,104,-1,104,103,105,-1,103,106,105,-1,105,106,107,-1,106,108,107,-1,107,108,109,-1,108,110,109,-1,109,110,111,-1,110,112,111,-1,111,112,113,-1,112,114,113,-1,113,114,115,-1,114,116,115,-1,115,116,117,-1,116,118,117,-1,117,118,119,-1,118,120,119,-1,119,120,121,-1,120,122,121,-1,121,122,123,-1,122,124,123,-1,123,124,125,-1,124,102,125,-1,125,102,104,-1,106,103,102,-1,102,124,106,-1,106,124,122,-1,106,122,108,-1,112,110,114,-1,114,110,108,-1,114,108,116,-1,116,108,122,-1,116,122,118,-1,118,122,120,-1,126,127,128,-1,128,127,129,-1,129,127,130,-1,131,132,133,-1,131,133,134,-1,134,133,135,-1,134,135,130,-1,130,135,136,-1,130,136,129,-1,132,131,137,-1,137,131,138,-1,137,138,139,-1,139,138,140,-1,139,140,141,-1,141,140,142,-1,141,142,143,-1,143,142,144,-1,143,144,145,-1,145,144,146,-1,145,146,147,-1,147,146,148,-1,147,148,149,-1,149,148,150,-1,149,150,151,-1,152,153,154,-1,152,154,155,-1,155,154,156,-1,155,156,157,-1,157,156,158,-1,157,158,159,-1,159,158,160,-1,159,160,161,-1,161,160,162,-1,161,162,163,-1,163,162,164,-1,163,164,165,-1,165,164,151,-1,165,151,150,-1,166,167,168,-1,166,168,169,-1,169,168,153,-1,169,153,152,-1,166,170,167,-1,167,170,171,-1,172,173,174,-1,172,174,175,-1,175,174,171,-1,175,171,170,-1,176,177,178,-1,176,178,179,-1,179,178,180,-1,179,180,181,-1,181,180,182,-1,181,182,183,-1,183,182,184,-1,183,184,185,-1,185,184,186,-1,185,186,187,-1,187,186,188,-1,187,188,189,-1,189,188,173,-1,189,173,172,-1,190,191,192,-1,190,192,193,-1,193,192,194,-1,193,194,195,-1,195,194,196,-1,195,196,197,-1,197,196,198,-1,197,198,199,-1,199,198,200,-1,199,200,201,-1,201,200,202,-1,201,202,203,-1,203,202,177,-1,203,177,176,-1,126,128,204,-1,126,204,205,-1,205,204,206,-1,205,206,207,-1,207,206,191,-1,207,191,190,-1,193,131,190,-1,190,131,134,-1,190,134,207,-1,207,134,130,-1,207,130,205,-1,205,130,127,-1,205,127,126,-1,170,166,175,-1,175,166,169,-1,175,169,172,-1,172,169,152,-1,172,152,189,-1,189,152,155,-1,189,155,187,-1,187,155,157,-1,187,157,185,-1,185,157,159,-1,185,159,183,-1,183,159,161,-1,183,161,181,-1,181,161,163,-1,181,163,179,-1,179,163,165,-1,179,165,176,-1,176,165,150,-1,176,150,203,-1,203,150,148,-1,203,148,201,-1,201,148,146,-1,201,146,199,-1,199,146,144,-1,199,144,197,-1,197,144,142,-1,197,142,195,-1,195,142,140,-1,195,140,193,-1,193,140,138,-1,193,138,131,-1,208,209,210,-1,210,209,211,-1,209,212,211,-1,211,212,213,-1,212,214,213,-1,213,214,215,-1,214,216,215,-1,215,216,217,-1,216,218,217,-1,217,218,219,-1,218,208,219,-1,219,208,210,-1,216,214,218,-1,218,214,212,-1,218,212,208,-1,208,212,209,-1,
        ]
    }
}
Shape{
    appearance Appearance {
        material  Material 	{
            diffuseColor 0.6666666666666666 0.6666666666666666 0.6666666666666666
            specularColor 0.4666666666666667 0.4666666666666667 0.4666666666666667
            ambientIntensity 0.6667
            transparency 0.0
            shininess 0.5
        }
    }
    geometry IndexedFaceSet {
        ccw TRUE
        solid FALSE
        coord DEF co Coordinate {
            point [
                0.0044 -0.0574 0.0, 0.0044 -0.0706 0.0, -0.0121 -0.0633 0.0, -0.0121 -0.0646 0.0, -0.0134 -0.0637 0.0, -0.0134 -0.0643 0.0, -0.0148 -0.0639 0.0, -0.0148 -0.064 0.0, -0.0153 -0.0173 0.0, 0.0154 -0.0173 0.0, -0.0153 -0.0231 0.0, 0.0154 -0.0229 0.0, 0.015 -0.027 0.0, -0.0003 -0.0384 0.0, -0.0042 -0.0381 0.0, -0.0074 -0.0371 0.0, -0.0148 -0.0277 0.0, 0.014 -0.0303 0.0, 0.0124 -0.033 0.0, 0.0102 -0.0352 0.0, 0.0075 -0.0369 0.0, 0.0038 -0.038 0.0, -0.0098 -0.0358 0.0, -0.0118 -0.0339 0.0, -0.0137 -0.031 0.0
            ]
        }
        coordIndex [
            0,1,2,-1,2,1,3,-1,2,3,4,-1,4,3,5,-1,4,5,6,-1,6,5,7,-1,8,9,10,-1,10,9,11,-1,10,11,12,-1,13,14,10,-1,10,14,15,-1,10,15,16,-1,12,17,10,-1,10,17,18,-1,10,18,19,-1,19,20,10,-1,10,20,21,-1,10,21,13,-1,22,23,15,-1,15,23,24,-1,15,24,16,-1,
        ]
    }
}