#VRML V2.0 utf8
# 3D model generated by easyeda2kicad.py (https://github.com/uPesy/easyeda2kicad.py)

Shape{
    appearance Appearance {
        material  Material 	{
            diffuseColor 0.6666666666666666 0.6666666666666666 0.6666666666666666
            specularColor 0.4666666666666667 0.4666666666666667 0.4666666666666667
            ambientIntensity 0.6667
            transparency 0.0
            shininess 0.5
        }
    }
    geometry IndexedFaceSet {
        ccw TRUE
        solid FALSE
        coord DEF co Coordinate {
            point [
                1.0039 -0.0081 0.0, 1.0039 -1.0039 0.0, 0.02 -1.0039 0.0, 0.0049 -0.0431 0.0, 0.009 -0.0417 0.0, 0.0198 -0.0465 0.0, -0.019 -0.0288 0.0, -0.0174 -0.0334 0.0, -0.0196 -0.0614 0.0, 0.0198 -0.0523 0.0, 0.02 -0.0081 0.0, -0.0196 -0.0231 0.0, -1.004 -0.8661 0.0, -0.0196 -0.012 0.0, -1.004 -0.0081 0.0, 0.0198 -0.0821 0.0, 0.0198 -0.0763 0.0, 0.0125 -0.0394 0.0, 0.0156 -0.0362 0.0, 0.018 -0.0321 0.0, 0.0087 -0.0723 0.0, 0.0087 -0.0561 0.0, -0.0145 -0.0377 0.0, -0.0145 -0.0377 0.0, -0.0114 -0.0405 0.0, -0.008 -0.0423 0.0, -0.0041 -0.0434 0.0, -0.0004 -0.0437 0.0, 0.0193 -0.0275 0.0, 0.0198 -0.0227 0.0, 0.0198 -0.012 0.0, -0.0158 0.0337 0.0, -0.0153 0.0376 0.0, 0.0138 0.0252 0.0, -0.0132 0.0245 0.0, 0.0198 0.0168 0.0, -0.0196 0.0168 0.0, -0.0153 -0.0033 0.0, -0.0153 0.0116 0.0, -0.0023 0.0116 0.0, -0.0023 -0.0024 0.0, 0.002 -0.0024 0.0, 0.0164 0.0472 0.0, 0.0133 0.0501 0.0, 0.0198 0.0572 0.0, -0.0151 0.029 0.0, 0.0134 0.0245 0.0, -0.0196 -0.0033 0.0, -1.004 1.004 0.0, 0.02 1.004 0.0, 0.0198 0.0773 0.0, -0.0196 0.0773 0.0, -0.0196 0.072 0.0, -0.0092 0.0517 0.0, -0.0129 0.0494 0.0, -0.0163 0.0459 0.0, -0.0185 0.0421 0.0, 0.0154 0.0572 0.0, 0.0095 0.0522 0.0, 0.0154 0.072 0.0, -0.0198 0.0377 0.0, -0.0201 0.0338 0.0, -0.0198 0.0291 0.0, -0.0185 0.0245 0.0, 0.02 0.0377 0.0, 0.0197 0.0402 0.0, 0.0184 0.044 0.0, -0.0143 0.0406 0.0, -0.0124 0.0433 0.0, -0.0098 0.0457 0.0, 0.0005 0.0485 0.0, 0.0048 0.0481 0.0, 0.0081 0.0471 0.0, 0.0155 0.0383 0.0, 0.0159 0.0346 0.0, 0.0145 0.0412 0.0, 0.0128 0.0436 0.0, 0.0109 0.0454 0.0, 0.0153 0.0294 0.0, 0.0194 0.0287 0.0, 0.02 0.0327 0.0, -0.0068 0.0473 0.0, -0.0026 0.0483 0.0, 0.002 0.0116 0.0, 0.0154 0.0116 0.0, 0.0154 -0.0043 0.0, 0.0198 -0.0043 0.0, 0.0177 0.0245 0.0, 0.0054 0.0534 0.0, 0.0008 0.0538 0.0, -0.0048 0.0532 0.0, 0.0202 0.0353 0.0, 1.0039 1.004 0.0, 0.0202 0.0343 0.0, -0.8662 -1.0039 0.0, -0.0196 -0.0667 0.0
            ]
        }
        coordIndex [
            0,1,2,-1,3,4,5,-1,6,7,8,-1,9,5,10,-1,11,12,13,-1,13,12,14,-1,13,14,10,-1,15,16,10,-1,4,17,5,-1,5,17,18,-1,5,18,19,-1,10,16,9,-1,9,16,20,-1,9,20,21,-1,7,22,8,-1,8,22,23,-1,8,23,24,-1,24,25,8,-1,8,25,26,-1,8,26,5,-1,5,26,27,-1,5,27,3,-1,19,28,5,-1,5,28,29,-1,5,29,10,-1,10,29,30,-1,10,30,13,-1,31,32,33,-1,34,35,36,-1,37,38,39,-1,40,41,10,-1,42,43,44,-1,31,33,45,-1,45,33,46,-1,45,46,34,-1,39,40,37,-1,37,40,10,-1,37,10,47,-1,47,10,14,-1,47,14,36,-1,36,14,48,-1,49,50,48,-1,48,50,51,-1,48,51,52,-1,53,54,52,-1,52,54,55,-1,52,55,56,-1,44,43,57,-1,57,43,58,-1,57,58,59,-1,56,60,52,-1,52,60,61,-1,52,61,48,-1,48,61,62,-1,48,62,36,-1,36,62,63,-1,36,63,34,-1,64,65,44,-1,44,65,66,-1,44,66,42,-1,32,67,33,-1,33,67,68,-1,33,68,69,-1,70,71,33,-1,33,71,72,-1,73,74,75,-1,75,74,76,-1,72,77,33,-1,33,77,76,-1,33,76,78,-1,78,76,74,-1,79,80,35,-1,35,80,10,-1,69,81,33,-1,33,81,82,-1,33,82,70,-1,83,84,41,-1,41,84,85,-1,41,85,10,-1,10,85,86,-1,10,86,35,-1,34,46,35,-1,35,46,87,-1,35,87,79,-1,58,88,59,-1,59,88,89,-1,59,89,52,-1,52,89,90,-1,52,90,53,-1,44,50,64,-1,64,50,49,-1,64,49,91,-1,91,49,92,-1,91,92,93,-1,93,92,0,-1,93,0,80,-1,80,0,10,-1,10,0,2,-1,10,2,15,-1,15,2,94,-1,15,94,95,-1,95,94,12,-1,95,12,8,-1,8,12,11,-1,8,11,6,-1,
        ]
    }
}
Shape{
    appearance Appearance {
        material  Material 	{
            diffuseColor 0.20784313725490197 0.20784313725490197 0.20784313725490197
            specularColor 0.01568627450980392 0.01568627450980392 0.01568627450980392
            ambientIntensity 0.298
            transparency 0.0
            shininess 0.5
        }
    }
    geometry IndexedFaceSet {
        ccw TRUE
        solid FALSE
        coord DEF co Coordinate {
            point [
                -1.2979 1.4465 0.0197, -1.5748 1.5748 0.0197, -1.2992 1.4567 0.0197, -1.2992 1.5748 0.0197, -1.0644 -1.4465 0.0197, -1.0683 -1.437 0.0197, -0.8662 -1.0039 0.0197, -1.4289 -1.0745 0.0197, -1.437 -1.0682 0.0197, -1.004 -0.8661 0.0197, 1.4465 1.2979 0.0197, 1.5748 1.5748 0.0197, 1.4567 1.2992 0.0197, 1.5748 1.2992 0.0197, -1.294 1.437 0.0197, -1.2877 1.4289 0.0197, -1.004 1.004 0.0197, -1.2796 1.4226 0.0197, -1.2701 1.4187 0.0197, -1.4465 -0.9068 0.0197, -1.437 -0.8215 0.0197, -1.4289 -0.8152 0.0197, 1.4186 1.2701 0.0197, 1.4173 1.2599 0.0197, 1.0039 1.004 0.0197, -1.2599 1.4174 0.0197, -1.2497 1.4187 0.0197, -1.2402 1.4226 0.0197, -1.2205 1.4567 0.0197, -1.2205 1.5748 0.0197, -1.1418 1.5748 0.0197, 1.2978 -1.4465 0.0197, 1.5748 -1.5748 0.0197, 1.2992 -1.4567 0.0197, 1.2992 -1.5748 0.0197, -0.7596 -1.4288 0.0197, -0.7677 -1.4226 0.0197, -0.7772 -1.4186 0.0197, 1.437 1.294 0.0197, 1.4288 1.2877 0.0197, 1.4226 1.2796 0.0197, 1.4186 1.2497 0.0197, 1.4226 1.2402 0.0197, 1.4288 1.232 0.0197, 1.437 1.2258 0.0197, 1.4465 1.1404 0.0197, 1.437 1.1365 0.0197, 1.4288 1.1302 0.0197, 1.4226 1.1221 0.0197, 1.4186 1.1126 0.0197, 1.5748 -1.2992 0.0197, 1.4567 -1.2992 0.0197, 1.4465 -1.2978 0.0197, -1.1126 1.4187 0.0197, -1.1024 1.4174 0.0197, -1.0922 1.4187 0.0197, -1.0827 1.4226 0.0197, -1.1418 1.4567 0.0197, -1.1404 1.4465 0.0197, -1.2218 1.4465 0.0197, -1.1365 1.437 0.0197, -1.1302 1.4289 0.0197, -1.4465 -0.9829 0.0197, -1.437 -0.9789 0.0197, -1.4567 -1.063 0.0197, -1.4465 -1.0643 0.0197, -1.5748 1.2992 0.0197, -1.4567 1.2992 0.0197, -1.4465 1.2979 0.0197, -1.437 1.2258 0.0197, -1.4289 1.232 0.0197, -1.4465 1.1404 0.0197, -1.4226 1.2402 0.0197, -1.4187 1.2497 0.0197, 1.4567 1.2205 0.0197, 1.5748 1.2205 0.0197, 1.5748 1.1418 0.0197, 1.4173 1.1024 0.0197, 1.437 0.5066 0.0197, 1.4288 0.5003 0.0197, 1.4465 0.5919 0.0197, 1.4465 0.9069 0.0197, 1.437 0.8215 0.0197, 1.4288 0.8153 0.0197, 1.437 -1.2257 0.0197, 1.4288 -1.232 0.0197, 1.4465 -1.1404 0.0197, 1.4226 -1.2401 0.0197, 1.4186 -1.2496 0.0197, -1.0683 1.437 0.0197, -0.9829 1.4465 0.0197, -0.979 1.437 0.0197, -0.8215 1.437 0.0197, -0.8153 1.4289 0.0197, -0.8071 1.4226 0.0197, -0.7976 1.4187 0.0197, -1.4289 -0.9727 0.0197, -1.4226 -0.9645 0.0197, -1.4187 -0.955 0.0197, -1.4174 -0.9449 0.0197, -1.4187 -0.9347 0.0197, -1.4226 -0.9252 0.0197, -1.4289 -0.6577 0.0197, -1.4226 -0.6496 0.0197, -1.4187 -0.6401 0.0197, -1.4187 0.4827 0.0197, -1.4226 0.4922 0.0197, -1.5748 -0.9055 0.0197, -1.5748 -0.8267 0.0197, -1.4567 -0.9055 0.0197, -1.4567 -0.8267 0.0197, -1.4465 -0.8254 0.0197, -1.0746 -1.4288 0.0197, -1.0827 -1.4226 0.0197, -1.0922 -1.4186 0.0197, -1.4187 -1.1125 0.0197, -1.4174 -1.1023 0.0197, -1.4187 -1.0921 0.0197, -1.4226 -1.0826 0.0197, -0.7874 -1.4173 0.0197, -0.7976 -1.4186 0.0197, -0.8071 -1.4226 0.0197, -0.9843 -1.5748 0.0197, -1.063 -1.5748 0.0197, -0.9843 -1.4567 0.0197, -1.063 -1.4567 0.0197, -0.9829 -1.4465 0.0197, -0.979 -1.437 0.0197, 1.4465 1.2218 0.0197, 1.4567 1.1418 0.0197, 1.4186 1.0922 0.0197, 1.4226 1.0827 0.0197, 1.0039 -1.0039 0.0197, 1.4288 1.0746 0.0197, 1.437 1.0683 0.0197, 1.4465 1.0644 0.0197, 1.437 0.979 0.0197, 1.4288 0.9728 0.0197, 1.4226 0.8071 0.0197, 1.4186 0.7976 0.0197, 1.437 0.9108 0.0197, 1.4186 0.4623 0.0197, 1.4226 0.4528 0.0197, 1.5748 0.9055 0.0197, 1.5748 0.8268 0.0197, 1.4567 0.9055 0.0197, 1.4567 0.8268 0.0197, 1.4465 0.8255 0.0197, 1.4186 -0.9347 0.0197, 1.4173 -0.9449 0.0197, 1.4465 -0.9829 0.0197, 1.437 -1.0682 0.0197, 1.437 -0.9789 0.0197, 1.4288 -1.0745 0.0197, 1.5748 -1.1417 0.0197, 1.5748 -1.2204 0.0197, 1.4567 -1.1417 0.0197, 1.4567 -1.2204 0.0197, 1.4465 -1.2218 0.0197, -1.1221 1.4226 0.0197, -1.2258 1.437 0.0197, -1.232 1.4289 0.0197, -1.0746 1.4289 0.0197, -0.9551 1.4187 0.0197, -1.063 1.4567 0.0197, -1.063 1.5748 0.0197, -0.9843 1.5748 0.0197, -0.9728 1.4289 0.0197, -0.9646 1.4226 0.0197, -0.9449 1.4174 0.0197, -0.9347 1.4187 0.0197, -0.9252 1.4226 0.0197, -0.9171 1.4289 0.0197, -1.5748 -1.063 0.0197, -1.5748 -0.9842 0.0197, -1.4567 -0.9842 0.0197, -1.4187 -0.7976 0.0197, -1.4174 -0.7874 0.0197, -1.4187 -0.7772 0.0197, -1.4226 -0.7677 0.0197, -1.4187 0.3252 0.0197, -1.4226 0.3347 0.0197, -1.4226 1.0827 0.0197, -1.4465 0.9829 0.0197, -1.4289 1.0746 0.0197, -1.437 1.0683 0.0197, -1.4174 1.1024 0.0197, -1.4187 1.0922 0.0197, 1.063 -1.4567 0.0197, 1.063 -1.5748 0.0197, 0.9842 -1.5748 0.0197, 1.4173 0.7874 0.0197, 1.4226 0.6496 0.0197, 1.4226 0.7677 0.0197, 1.4288 0.7596 0.0197, 1.4186 0.6401 0.0197, 1.4173 0.63 0.0197, 1.4186 0.6198 0.0197, 1.4226 0.6103 0.0197, 1.4186 -0.0102 0.0197, 1.4226 -0.0197 0.0197, 1.4186 -1.27 0.0197, 1.4226 -1.2795 0.0197, 1.4288 -1.2877 0.0197, 1.437 -1.2939 0.0197, -1.0644 1.4465 0.0197, -0.9843 1.4567 0.0197, -0.668 1.4465 0.0197, -0.664 1.437 0.0197, -0.7533 1.437 0.0197, 0.8267 1.4567 0.0197, 0.8267 1.5748 0.0197, 0.9055 1.5748 0.0197, -1.5748 -0.748 0.0197, -1.5748 -0.6693 0.0197, -1.4567 -0.748 0.0197, -1.4567 -0.6693 0.0197, -1.4465 -0.7493 0.0197, -1.4465 -0.6679 0.0197, -1.437 -0.7533 0.0197, -1.437 -0.664 0.0197, -1.4289 -0.7595 0.0197, -1.4289 0.9171 0.0197, -1.437 0.8215 0.0197, -1.437 0.9108 0.0197, -1.4465 0.9069 0.0197, -1.4187 0.9347 0.0197, -1.4174 0.9449 0.0197, -1.4187 0.9551 0.0197, -1.4187 1.2701 0.0197, -1.4226 1.2796 0.0197, -1.4289 1.2877 0.0197, -1.437 1.294 0.0197, -1.5748 1.1418 0.0197, -1.5748 1.2205 0.0197, -1.4567 1.1418 0.0197, -1.4567 1.2205 0.0197, -1.4465 1.2218 0.0197, -1.1024 -1.4173 0.0197, -1.1126 -1.4186 0.0197, -1.1221 -1.4226 0.0197, -1.5748 -1.5748 0.0197, -1.5748 -1.2992 0.0197, -1.2992 -1.5748 0.0197, -1.4567 -1.2992 0.0197, -1.4465 -1.2978 0.0197, -1.437 -1.2939 0.0197, -1.2992 -1.4567 0.0197, -1.2979 -1.4465 0.0197, -1.232 -1.4288 0.0197, -1.4226 -1.2795 0.0197, -1.4187 -1.27 0.0197, -1.4174 -1.2598 0.0197, -1.4187 -1.2496 0.0197, -1.4289 -1.1302 0.0197, -1.437 -1.2257 0.0197, -1.437 -1.1364 0.0197, -1.4465 -1.1404 0.0197, -1.4226 -1.2401 0.0197, -1.4289 -1.232 0.0197, -1.4226 -1.122 0.0197, 1.0745 -1.4288 0.0197, 1.0682 -1.437 0.0197, 0.9789 -1.437 0.0197, 1.0643 -1.4465 0.0197, 0.9829 -1.4465 0.0197, 0.9842 -1.4567 0.0197, -0.9728 -1.4288 0.0197, -0.8268 -1.4567 0.0197, -0.8268 -1.5748 0.0197, -0.9055 -1.5748 0.0197, 1.4173 0.9449 0.0197, 1.4186 0.9551 0.0197, 1.4226 0.9646 0.0197, 1.4186 0.7772 0.0197, 1.437 0.7533 0.0197, 1.4465 0.7494 0.0197, 1.4288 0.6578 0.0197, 1.437 0.664 0.0197, 1.4288 0.6021 0.0197, 1.437 0.5959 0.0197, 1.4226 0.4922 0.0197, 1.4186 0.4827 0.0197, 1.4173 0.4725 0.0197, 1.4186 0.3048 0.0197, 1.4226 0.2953 0.0197, 1.4186 -0.1676 0.0197, 1.4226 -0.1771 0.0197, 1.4186 -0.3251 0.0197, 1.4226 -0.3346 0.0197, 1.4226 -0.4527 0.0197, 1.4186 -0.4826 0.0197, 1.4226 -0.4921 0.0197, 1.4186 -0.955 0.0197, 1.4226 -0.9645 0.0197, 1.4173 -1.1023 0.0197, 1.4288 -0.9727 0.0197, 1.4186 -1.0921 0.0197, 1.4226 -1.0826 0.0197, 1.4186 -1.1125 0.0197, 1.4226 -1.122 0.0197, 1.4288 -1.1302 0.0197, -0.9055 1.4567 0.0197, -0.9055 1.5748 0.0197, -0.8268 1.5748 0.0197, -0.7596 1.4289 0.0197, 1.0745 1.4289 0.0197, 1.0826 1.4226 0.0197, 0.9829 1.4465 0.0197, 1.0921 1.4187 0.0197, 0.9789 1.437 0.0197, 1.2992 1.5748 0.0197, 1.2992 1.4567 0.0197, 1.2978 1.4465 0.0197, 0.9055 1.4567 0.0197, 0.9068 1.4465 0.0197, 0.8254 1.4465 0.0197, 0.9108 1.437 0.0197, 0.917 1.4289 0.0197, -1.4226 -0.8071 0.0197, -1.437 -0.9108 0.0197, -1.4289 -0.917 0.0197, -1.4226 -0.6102 0.0197, -1.4187 -0.6197 0.0197, -1.4174 -0.6299 0.0197, -1.437 -0.5065 0.0197, -1.4289 -0.5002 0.0197, -1.4187 0.0102 0.0197, -1.4226 0.0197 0.0197, -1.4289 0.3428 0.0197, -1.437 0.3491 0.0197, -1.4465 0.4344 0.0197, -1.4226 0.9252 0.0197, -1.4289 0.8153 0.0197, -1.4567 0.8268 0.0197, -1.5748 0.8268 0.0197, -1.5748 0.9055 0.0197, -1.4226 0.9646 0.0197, -1.4289 0.9728 0.0197, -1.437 0.979 0.0197, -1.4187 1.1126 0.0197, -1.4226 1.1221 0.0197, -1.4289 1.1302 0.0197, -1.1418 -1.4567 0.0197, -1.1418 -1.5748 0.0197, -1.2205 -1.5748 0.0197, -1.2402 -1.4226 0.0197, -1.2497 -1.4186 0.0197, -1.2599 -1.4173 0.0197, -1.4567 -1.2204 0.0197, -1.5748 -1.2204 0.0197, -1.5748 -1.1417 0.0197, 0.9055 -1.4567 0.0197, 0.9055 -1.5748 0.0197, 0.8267 -1.5748 0.0197, 0.7772 -1.4186 0.0197, 0.7677 -1.4226 0.0197, 0.7595 -1.4288 0.0197, -0.9347 -1.4186 0.0197, -0.9449 -1.4173 0.0197, -0.9551 -1.4186 0.0197, -0.9646 -1.4226 0.0197, -0.9055 -1.4567 0.0197, -0.9069 -1.4465 0.0197, -0.8255 -1.4465 0.0197, -0.9108 -1.437 0.0197, -0.9171 -1.4288 0.0197, 1.4186 0.9347 0.0197, 1.4226 0.9252 0.0197, 1.4288 0.9171 0.0197, 1.5748 0.7481 0.0197, 1.5748 0.6693 0.0197, 1.4567 0.7481 0.0197, 1.4567 0.6693 0.0197, 1.4465 0.668 0.0197, 1.4186 0.1473 0.0197, 1.4226 0.1378 0.0197, 1.4288 -0.917 0.0197, 1.437 -0.8215 0.0197, 1.437 -0.9108 0.0197, 1.4465 -0.9068 0.0197, 1.4173 -1.2598 0.0197, 1.437 -1.1364 0.0197, -0.9108 1.437 0.0197, -0.9069 1.4465 0.0197, -0.8255 1.4465 0.0197, -0.8268 1.4567 0.0197, -0.6578 1.4289 0.0197, -0.6496 1.4226 0.0197, -0.6401 1.4187 0.0197, 0.9645 1.4226 0.0197, 0.9727 1.4289 0.0197, 0.9842 1.4567 0.0197, 0.9842 1.5748 0.0197, 1.063 1.5748 0.0197, 1.2257 1.437 0.0197, 1.232 1.4289 0.0197, 1.2401 1.4226 0.0197, 1.2496 1.4187 0.0197, 1.2598 1.4174 0.0197, 1.27 1.4187 0.0197, -1.437 0.4384 0.0197, -1.4289 0.4446 0.0197, -1.437 0.5959 0.0197, -1.4465 0.5919 0.0197, -1.4289 0.5003 0.0197, -1.437 0.5066 0.0197, -1.4289 0.6021 0.0197, -1.4226 0.6103 0.0197, -1.4187 0.6198 0.0197, -1.4174 0.63 0.0197, -1.5748 0.6693 0.0197, -1.5748 0.7481 0.0197, -1.4567 0.6693 0.0197, -1.4567 0.7481 0.0197, -1.4465 0.668 0.0197, -1.4465 0.7494 0.0197, -1.437 0.664 0.0197, -1.437 0.7533 0.0197, -1.4226 0.6496 0.0197, -1.4289 0.6578 0.0197, -1.4289 0.7596 0.0197, -1.4226 0.7677 0.0197, -1.4187 0.7772 0.0197, -1.4174 0.7874 0.0197, -1.4465 0.8255 0.0197, -1.4567 0.9055 0.0197, -1.5748 0.9843 0.0197, -1.5748 1.063 0.0197, -1.4567 0.9843 0.0197, -1.4567 1.063 0.0197, -1.4465 1.0644 0.0197, -1.4174 1.2599 0.0197, -1.437 1.1365 0.0197, -1.1302 -1.4288 0.0197, -1.1365 -1.437 0.0197, -1.2258 -1.437 0.0197, -1.1404 -1.4465 0.0197, -1.2218 -1.4465 0.0197, -1.2205 -1.4567 0.0197, -1.2701 -1.4186 0.0197, -1.2796 -1.4226 0.0197, -1.4289 -1.2877 0.0197, -1.2877 -1.4288 0.0197, -1.294 -1.437 0.0197, -1.4465 -1.2218 0.0197, -1.4567 -1.1417 0.0197, 0.917 -1.4288 0.0197, 0.9108 -1.437 0.0197, 0.8215 -1.437 0.0197, 0.9068 -1.4465 0.0197, 0.8254 -1.4465 0.0197, 0.8267 -1.4567 0.0197, 1.2939 -1.437 0.0197, 1.2877 -1.4288 0.0197, 1.2795 -1.4226 0.0197, 1.27 -1.4186 0.0197, 0.7533 -1.437 0.0197, 0.6679 -1.4465 0.0197, 0.664 -1.437 0.0197, 0.6577 -1.4288 0.0197, -0.7533 -1.437 0.0197, -0.6578 -1.4288 0.0197, -0.7494 -1.4465 0.0197, -0.664 -1.437 0.0197, 1.5748 1.063 0.0197, 1.5748 0.9843 0.0197, 1.4567 1.063 0.0197, 1.4567 0.9843 0.0197, 1.4465 0.9829 0.0197, 1.4567 -0.8267 0.0197, 1.5748 -0.8267 0.0197, 1.5748 -0.9055 0.0197, 1.5748 -0.9842 0.0197, 1.5748 -1.063 0.0197, 1.4567 -0.9842 0.0197, 1.4567 -1.063 0.0197, 1.4465 -1.0643 0.0197, -0.7874 1.4174 0.0197, -0.7772 1.4187 0.0197, -0.7677 1.4226 0.0197, 1.063 1.4567 0.0197, 1.0643 1.4465 0.0197, 1.0682 1.437 0.0197, 1.1023 1.4174 0.0197, 1.1125 1.4187 0.0197, 1.122 1.4226 0.0197, 1.1302 1.4289 0.0197, -1.4289 -0.6021 0.0197, -1.437 -0.5958 0.0197, -1.4465 -0.5919 0.0197, -1.437 -0.349 0.0197, -1.4289 -0.3428 0.0197, -1.4465 -0.4344 0.0197, -1.4226 0.4528 0.0197, -1.4187 0.4623 0.0197, -1.4174 0.4725 0.0197, -1.4567 0.5118 0.0197, -1.5748 0.5118 0.0197, -1.5748 0.5906 0.0197, -1.4187 0.6401 0.0197, -1.4187 0.7976 0.0197, -1.4226 0.8071 0.0197, 1.2598 -1.4173 0.0197, 1.2496 -1.4186 0.0197, 1.2401 -1.4226 0.0197, 0.748 -1.4567 0.0197, 0.748 -1.5748 0.0197, 0.6693 -1.5748 0.0197, 0.6496 -1.4226 0.0197, 0.6401 -1.4186 0.0197, 0.6299 -1.4173 0.0197, 0.6197 -1.4186 0.0197, -0.4827 -1.4186 0.0197, -0.4922 -1.4226 0.0197, -0.5919 -1.4465 0.0197, -0.5003 -1.4288 0.0197, -0.5066 -1.437 0.0197, -0.6693 -1.4567 0.0197, -0.6693 -1.5748 0.0197, -0.7481 -1.5748 0.0197, -0.9252 -1.4226 0.0197, -0.8215 -1.437 0.0197, -0.8153 -1.4288 0.0197, 1.5748 0.5906 0.0197, 1.5748 0.5118 0.0197, 1.4567 0.5906 0.0197, 1.4567 0.5118 0.0197, 1.4465 0.5105 0.0197, 1.4226 0.1772 0.0197, 1.4186 0.1677 0.0197, 1.437 -0.1234 0.0197, 1.4288 -0.1296 0.0197, 1.4288 -0.2871 0.0197, 1.4226 -0.2952 0.0197, 1.4186 -0.3047 0.0197, 1.4173 -0.3149 0.0197, 1.437 -0.349 0.0197, 1.4465 -0.4344 0.0197, 1.437 -0.4383 0.0197, 1.4186 -0.4622 0.0197, 1.4173 -0.4724 0.0197, 1.4465 -0.8254 0.0197, 1.4567 -0.9055 0.0197, -0.6021 1.4289 0.0197, -0.5959 1.437 0.0197, -0.5105 1.4465 0.0197, -0.4623 1.4187 0.0197, -0.4725 1.4174 0.0197, -0.4827 1.4187 0.0197, 1.2795 1.4226 0.0197, 1.2877 1.4289 0.0197, 1.2939 1.437 0.0197, -1.4187 -0.3251 0.0197, -1.4226 -0.4527 0.0197, -1.4289 -0.4446 0.0197, -1.437 -0.4383 0.0197, -1.4226 -0.3346 0.0197, -1.4289 -0.0278 0.0197, -1.4226 -0.0197 0.0197, -1.437 -0.1234 0.0197, -1.4567 0.3544 0.0197, -1.5748 0.3544 0.0197, -1.5748 0.4331 0.0197, -1.4465 0.5105 0.0197, -1.4567 0.5906 0.0197, 1.1125 -1.4186 0.0197, 1.1023 -1.4173 0.0197, 0.9727 -1.4288 0.0197, 1.0921 -1.4186 0.0197, 1.0826 -1.4226 0.0197, 0.7493 -1.4465 0.0197, 0.6693 -1.4567 0.0197, -0.5959 -1.437 0.0197, -0.6021 -1.4288 0.0197, -0.4725 -1.4173 0.0197, -0.0197 -1.4226 0.0197, -0.0279 -1.4288 0.0197, -0.1378 -1.4226 0.0197, 0.0197 -1.4226 0.0197, 0.1575 -1.4173 0.0197, 0.1473 -1.4186 0.0197, -0.668 -1.4465 0.0197, -0.7481 -1.4567 0.0197, 1.4288 0.4446 0.0197, 1.4226 0.3347 0.0197, 1.4186 0.3252 0.0197, 1.4173 0.315 0.0197, 1.437 0.0341 0.0197, 1.4288 0.0279 0.0197, 1.4288 -0.0278 0.0197, 1.437 -0.0341 0.0197, 1.4465 -0.038 0.0197, 1.4226 -0.1378 0.0197, 1.4186 -0.1473 0.0197, 1.4173 -0.1575 0.0197, 1.4288 -0.1853 0.0197, 1.437 -0.1915 0.0197, 1.437 -0.2808 0.0197, 1.4465 -0.2769 0.0197, 1.4288 -0.3428 0.0197, 1.4288 -0.4446 0.0197, 1.4226 -0.9252 0.0197, 1.4288 -0.8152 0.0197, -0.7481 1.4567 0.0197, -0.7481 1.5748 0.0197, -0.6693 1.5748 0.0197, -0.5066 1.437 0.0197, -0.5003 1.4289 0.0197, -0.4922 1.4226 0.0197, -0.1575 1.4174 0.0197, -0.1473 1.4187 0.0197, 1.1417 1.4567 0.0197, 1.1417 1.5748 0.0197, 1.2204 1.5748 0.0197, -1.5748 -0.5905 0.0197, -1.5748 -0.5118 0.0197, -1.4567 -0.5905 0.0197, -1.4567 -0.5118 0.0197, -1.4465 -0.5104 0.0197, -1.4465 -0.1955 0.0197, -1.437 -0.1915 0.0197, -1.437 -0.2808 0.0197, -1.4226 -0.1378 0.0197, -1.4187 -0.1473 0.0197, -1.4174 -0.1575 0.0197, -1.4289 -0.1296 0.0197, -1.4465 0.0381 0.0197, -1.437 0.1234 0.0197, -1.437 0.0341 0.0197, -1.4289 0.1297 0.0197, -1.4226 0.1378 0.0197, -1.4226 0.1772 0.0197, -1.4187 0.1677 0.0197, -1.4174 0.1575 0.0197, -1.4465 0.353 0.0197, -1.4567 0.4331 0.0197, 0.8071 -1.4226 0.0197, 0.7976 -1.4186 0.0197, 0.7874 -1.4173 0.0197, 1.2204 -1.4567 0.0197, 1.2204 -1.5748 0.0197, 1.1417 -1.5748 0.0197, 0.1915 -1.437 0.0197, 0.3047 -1.4186 0.0197, 0.2952 -1.4226 0.0197, 0.2871 -1.4288 0.0197, 0.2808 -1.437 0.0197, 0.1955 -1.4465 0.0197, -0.1195 -1.4465 0.0197, -0.1234 -1.437 0.0197, -0.0341 -1.437 0.0197, 1.437 0.4384 0.0197, 1.4465 0.4344 0.0197, 1.4288 0.3428 0.0197, 1.437 0.3491 0.0197, 1.4173 0.1575 0.0197, 1.4226 0.0197 0.0197, 1.4186 0.0102 0.0197, 1.4173 0.0 0.0197, 1.4567 -0.3543 0.0197, 1.5748 -0.3543 0.0197, 1.5748 -0.433 0.0197, 1.437 -0.5958 0.0197, 1.4465 -0.5919 0.0197, 1.4288 -0.5002 0.0197, 1.437 -0.5065 0.0197, 1.4186 -0.6197 0.0197, 1.4226 -0.6102 0.0197, 1.4288 -0.6021 0.0197, 1.4173 -0.6299 0.0197, 1.4186 -0.6401 0.0197, 1.4226 -0.6496 0.0197, 1.4226 -0.7677 0.0197, 1.4186 -0.7772 0.0197, 1.4173 -0.7874 0.0197, -0.7494 1.4465 0.0197, -0.6693 1.4567 0.0197, -0.63 1.4174 0.0197, -0.6198 1.4187 0.0197, -0.6103 1.4226 0.0197, -0.3048 1.4187 0.0197, -0.2953 1.4226 0.0197, -0.1853 1.4289 0.0197, -0.2872 1.4289 0.0197, -0.1916 1.437 0.0197, 0.1575 1.4174 0.0197, 0.1676 1.4187 0.0197, 0.6299 1.4174 0.0197, 0.6401 1.4187 0.0197, 1.1364 1.437 0.0197, 1.1404 1.4465 0.0197, 1.2218 1.4465 0.0197, 1.2204 1.4567 0.0197, -1.4226 -0.2952 0.0197, -1.4289 -0.2871 0.0197, -1.4226 -0.1771 0.0197, -1.4289 -0.1853 0.0197, -1.4187 0.1473 0.0197, -1.4289 0.0279 0.0197, -1.4289 0.2872 0.0197, -1.4226 0.2953 0.0197, -1.4187 0.3048 0.0197, -1.4174 0.315 0.0197, 1.1302 -1.4288 0.0197, 1.122 -1.4226 0.0197, 1.2218 -1.4465 0.0197, 1.2257 -1.437 0.0197, 1.232 -1.4288 0.0197, 0.9645 -1.4226 0.0197, 0.955 -1.4186 0.0197, 0.9449 -1.4173 0.0197, 0.9347 -1.4186 0.0197, 1.1417 -1.4567 0.0197, 1.1404 -1.4465 0.0197, 1.1364 -1.437 0.0197, -0.5118 -1.4567 0.0197, -0.5118 -1.5748 0.0197, -0.5906 -1.5748 0.0197, -0.1297 -1.4288 0.0197, 1.5748 0.4331 0.0197, 1.5748 0.3544 0.0197, 1.4567 0.4331 0.0197, 1.4567 0.3544 0.0197, 1.4465 0.353 0.0197, 1.4288 0.2872 0.0197, 1.437 0.1916 0.0197, 1.4288 0.1853 0.0197, 1.4567 -0.1968 0.0197, 1.5748 -0.1968 0.0197, 1.5748 -0.2756 0.0197, 1.4465 -0.353 0.0197, 1.4567 -0.433 0.0197, 1.4186 -0.7976 0.0197, 1.4226 -0.8071 0.0197, -0.5906 1.4567 0.0197, -0.5906 1.5748 0.0197, -0.5118 1.5748 0.0197, -0.1677 1.4187 0.0197, -1.5748 -0.433 0.0197, -1.5748 -0.3543 0.0197, -1.4567 -0.433 0.0197, -1.4567 -0.3543 0.0197, -1.4465 -0.353 0.0197, -1.4174 -0.3149 0.0197, -1.4187 -0.0102 0.0197, -1.4174 0.0 0.0197, -1.4289 0.1853 0.0197, -1.437 0.1916 0.0197, -1.437 0.2809 0.0197, -1.4465 0.277 0.0197, 0.8152 -1.4288 0.0197, 0.9252 -1.4226 0.0197, -0.5105 -1.4465 0.0197, -0.5906 -1.4567 0.0197, 0.4527 -1.4226 0.0197, 0.4446 -1.4288 0.0197, 0.3428 -1.4288 0.0197, 0.4383 -1.437 0.0197, 0.4344 -1.4465 0.0197, -0.3252 -1.4186 0.0197, -0.3347 -1.4226 0.0197, -0.4344 -1.4465 0.0197, -0.3428 -1.4288 0.0197, -0.3491 -1.437 0.0197, 1.4567 0.2756 0.0197, 1.5748 0.2756 0.0197, 1.5748 0.1969 0.0197, 1.4465 -0.1955 0.0197, 1.4567 -0.2756 0.0197, 1.4567 -0.5118 0.0197, 1.5748 -0.5118 0.0197, 1.5748 -0.5905 0.0197, 1.4288 -0.6577 0.0197, 1.437 -0.664 0.0197, 1.4465 -0.6679 0.0197, 1.4288 -0.7595 0.0197, 1.437 -0.7533 0.0197, -0.5919 1.4465 0.0197, -0.5118 1.4567 0.0197, 0.1296 1.4289 0.0197, 0.0102 1.4187 0.0197, 0.0197 1.4226 0.0197, -0.4528 1.4226 0.0197, -0.4446 1.4289 0.0197, -0.3252 1.4187 0.0197, -0.4384 1.437 0.0197, -0.3347 1.4226 0.0197, 0.1473 1.4187 0.0197, 0.7493 1.4465 0.0197, 0.7533 1.437 0.0197, 0.664 1.437 0.0197, -1.4226 -0.4921 0.0197, -1.4187 -0.4826 0.0197, -1.4174 -0.4724 0.0197, -1.4187 -0.4622 0.0197, -1.4187 -0.1676 0.0197, -1.4187 -0.3047 0.0197, 0.0341 -1.437 0.0197, 0.1296 -1.4288 0.0197, 0.038 -1.4465 0.0197, 0.1234 -1.437 0.0197, 0.1378 -1.4226 0.0197, 0.0278 -1.4288 0.0197, 0.3346 -1.4226 0.0197, 0.4724 -1.4173 0.0197, 0.4622 -1.4186 0.0197, 0.4826 -1.4186 0.0197, 0.5919 -1.4465 0.0197, 0.4921 -1.4226 0.0197, 0.5002 -1.4288 0.0197, 1.437 0.2809 0.0197, 1.4465 0.277 0.0197, 1.4465 0.1955 0.0197, 1.4567 0.1969 0.0197, 1.5748 -0.0393 0.0197, 1.5748 -0.1181 0.0197, 1.4567 -0.0393 0.0197, 1.4567 -0.1181 0.0197, 1.4465 -0.1194 0.0197, 1.4465 -0.5104 0.0197, 1.4567 -0.5905 0.0197, 1.5748 -0.6693 0.0197, 1.5748 -0.748 0.0197, 1.4567 -0.6693 0.0197, 1.4567 -0.748 0.0197, 1.4465 -0.7493 0.0197, -0.1772 1.4226 0.0197, -0.315 1.4174 0.0197, 0.5002 1.4289 0.0197, 0.5958 1.437 0.0197, 0.4921 1.4226 0.0197, 0.4826 1.4187 0.0197, 0.6021 1.4289 0.0197, 0.6102 1.4226 0.0197, 0.6197 1.4187 0.0197, -1.4567 -0.2756 0.0197, -1.5748 -0.2756 0.0197, -1.5748 -0.1968 0.0197, -1.5748 0.0394 0.0197, -1.5748 0.1181 0.0197, -1.4567 0.0394 0.0197, -1.4567 0.1181 0.0197, -1.4465 0.1195 0.0197, -1.4567 0.1969 0.0197, -1.5748 0.1969 0.0197, -1.5748 0.2756 0.0197, 0.2756 -1.4567 0.0197, 0.2756 -1.5748 0.0197, 0.1968 -1.5748 0.0197, 0.1181 -1.4567 0.0197, 0.1181 -1.5748 0.0197, 0.0393 -1.5748 0.0197, 0.433 -1.4567 0.0197, 0.433 -1.5748 0.0197, 0.3543 -1.5748 0.0197, 1.5748 0.1181 0.0197, 1.5748 0.0394 0.0197, 1.4567 0.1181 0.0197, 1.4567 0.0394 0.0197, 1.4465 0.1195 0.0197, 1.4465 0.0381 0.0197, 1.437 0.1234 0.0197, 1.4288 0.1297 0.0197, -0.2756 1.4567 0.0197, -0.2756 1.5748 0.0197, -0.1969 1.5748 0.0197, -0.0279 1.4289 0.0197, -0.1378 1.4226 0.0197, 0.1378 1.4226 0.0197, -0.0 1.4174 0.0197, -0.0102 1.4187 0.0197, -0.0197 1.4226 0.0197, 0.5118 1.4567 0.0197, 0.5118 1.5748 0.0197, 0.5905 1.5748 0.0197, 0.7874 1.4174 0.0197, 0.7976 1.4187 0.0197, 0.8071 1.4226 0.0197, -1.4465 -0.2769 0.0197, -1.4567 -0.1968 0.0197, -1.5748 -0.1181 0.0197, -1.5748 -0.0393 0.0197, -1.4567 -0.1181 0.0197, -1.4567 -0.0393 0.0197, -1.4465 -0.1194 0.0197, -1.4465 -0.038 0.0197, -1.437 -0.0341 0.0197, -1.4465 0.1955 0.0197, -1.4567 0.2756 0.0197, 0.2769 -1.4465 0.0197, 0.1968 -1.4567 0.0197, -0.0394 -1.4567 0.0197, -0.0394 -1.5748 0.0197, -0.1181 -1.5748 0.0197, 0.1194 -1.4465 0.0197, 0.0393 -1.4567 0.0197, 0.3543 -1.4567 0.0197, 0.353 -1.4465 0.0197, 0.349 -1.437 0.0197, -0.3544 -1.4567 0.0197, -0.3544 -1.5748 0.0197, -0.4331 -1.5748 0.0197, -0.1575 -1.4173 0.0197, -0.1677 -1.4186 0.0197, -0.1772 -1.4226 0.0197, -0.1853 -1.4288 0.0197, -0.2809 1.437 0.0197, -0.277 1.4465 0.0197, -0.1955 1.4465 0.0197, -0.1969 1.4567 0.0197, 0.0393 1.4567 0.0197, 0.0393 1.5748 0.0197, 0.1181 1.5748 0.0197, -0.1297 1.4289 0.0197, -0.1234 1.437 0.0197, -0.0341 1.437 0.0197, -0.0381 1.4465 0.0197, 0.1915 1.437 0.0197, 0.2952 1.4226 0.0197, 0.1853 1.4289 0.0197, 0.1771 1.4226 0.0197, 0.3047 1.4187 0.0197, 0.3149 1.4174 0.0197, 0.3251 1.4187 0.0197, 0.4446 1.4289 0.0197, 0.4383 1.437 0.0197, 0.3346 1.4226 0.0197, 0.3428 1.4289 0.0197, 0.5065 1.437 0.0197, 0.5104 1.4465 0.0197, 0.5919 1.4465 0.0197, 0.5905 1.4567 0.0197, 0.6496 1.4226 0.0197, 0.6577 1.4289 0.0197, 0.7595 1.4289 0.0197, 0.7677 1.4226 0.0197, 0.7772 1.4187 0.0197, 0.9347 1.4187 0.0197, 0.9449 1.4174 0.0197, 0.955 1.4187 0.0197, -0.0381 -1.4465 0.0197, -0.1181 -1.4567 0.0197, -0.353 -1.4465 0.0197, -0.4331 -1.4567 0.0197, 0.5905 -1.4567 0.0197, 0.5905 -1.5748 0.0197, 0.5118 -1.5748 0.0197, 0.0278 1.4289 0.0197, 0.0341 1.437 0.0197, 0.1234 1.437 0.0197, 0.038 1.4465 0.0197, 0.1194 1.4465 0.0197, 0.1181 1.4567 0.0197, -0.4331 1.4567 0.0197, -0.4331 1.5748 0.0197, -0.3544 1.5748 0.0197, 0.2769 1.4465 0.0197, 0.2808 1.437 0.0197, 0.2871 1.4289 0.0197, 0.3543 1.4567 0.0197, 0.3543 1.5748 0.0197, 0.433 1.5748 0.0197, 0.4527 1.4226 0.0197, 0.4622 1.4187 0.0197, 0.4724 1.4174 0.0197, -0.2809 -1.437 0.0197, -0.2872 -1.4288 0.0197, 0.5118 -1.4567 0.0197, 0.5104 -1.4465 0.0197, 0.5065 -1.437 0.0197, -0.3544 1.4567 0.0197, -0.353 1.4465 0.0197, -0.4344 1.4465 0.0197, -0.3491 1.437 0.0197, -0.3428 1.4289 0.0197, -0.1181 1.4567 0.0197, -0.1181 1.5748 0.0197, -0.0394 1.5748 0.0197, 0.1968 1.4567 0.0197, 0.1968 1.5748 0.0197, 0.2756 1.5748 0.0197, 0.349 1.437 0.0197, 0.353 1.4465 0.0197, 0.4344 1.4465 0.0197, 0.433 1.4567 0.0197, 0.6693 1.4567 0.0197, 0.6693 1.5748 0.0197, 0.748 1.5748 0.0197, 0.9252 1.4226 0.0197, 0.8215 1.437 0.0197, 0.8152 1.4289 0.0197, 0.6102 -1.4226 0.0197, 0.6021 -1.4288 0.0197, 0.5958 -1.437 0.0197, -0.6496 -1.4226 0.0197, -0.6401 -1.4186 0.0197, -0.1195 1.4465 0.0197, -0.0394 1.4567 0.0197, 0.1955 1.4465 0.0197, 0.2756 1.4567 0.0197, 0.6679 1.4465 0.0197, 0.748 1.4567 0.0197, -0.1969 -1.4567 0.0197, -0.1969 -1.5748 0.0197, -0.2756 -1.5748 0.0197, 0.0102 -1.4186 0.0197, -0.0 -1.4173 0.0197, -0.1916 -1.437 0.0197, -0.1955 -1.4465 0.0197, -0.277 -1.4465 0.0197, -0.2756 -1.4567 0.0197, -0.2953 -1.4226 0.0197, -0.3048 -1.4186 0.0197, -0.315 -1.4173 0.0197, 0.3251 -1.4186 0.0197, 0.3149 -1.4173 0.0197, -0.1473 -1.4186 0.0197, -0.0102 -1.4186 0.0197, 0.1676 -1.4186 0.0197, 0.1771 -1.4226 0.0197, 0.1853 -1.4288 0.0197, -0.4384 -1.437 0.0197, -0.4446 -1.4288 0.0197, -0.4528 -1.4226 0.0197, -0.4623 -1.4186 0.0197, -0.6103 -1.4226 0.0197, -0.6198 -1.4186 0.0197, -0.63 -1.4173 0.0197, -0.4331 1.5748 0.0799, -0.5118 1.5748 0.0799, -1.5748 1.5748 0.3937, 1.5748 1.5748 0.3937, 0.9842 1.5748 0.0799, 0.9055 1.5748 0.0799, -0.3544 1.5748 0.0799, -0.7481 1.5748 0.0799, -0.8268 1.5748 0.0799, 1.063 1.5748 0.0799, 1.2992 1.5748 0.0799, 1.2204 1.5748 0.0799, 0.3543 1.5748 0.0799, 0.2756 1.5748 0.0799, -0.9843 1.5748 0.0799, 1.1417 1.5748 0.0799, 0.433 1.5748 0.0799, -0.6693 1.5748 0.0799, -1.063 1.5748 0.0799, -1.1418 1.5748 0.0799, 0.6693 1.5748 0.0799, 0.5905 1.5748 0.0799, -0.5906 1.5748 0.0799, -0.9055 1.5748 0.0799, 0.748 1.5748 0.0799, 0.1181 1.5748 0.0799, 0.1968 1.5748 0.0799, -0.1181 1.5748 0.0799, -0.1969 1.5748 0.0799, -1.2992 1.5748 0.0799, -1.2205 1.5748 0.0799, 0.8267 1.5748 0.0799, 0.5118 1.5748 0.0799, -0.0394 1.5748 0.0799, 0.0393 1.5748 0.0799, -0.2756 1.5748 0.0799, -1.5748 1.2992 0.0799, -1.5748 1.2205 0.0799, -1.5748 -1.5748 0.3937, -1.5748 1.063 0.0799, -1.5748 0.7481 0.0799, -1.5748 0.4331 0.0799, -1.5748 -0.8267 0.0799, -1.5748 0.9843 0.0799, -1.5748 0.9055 0.0799, -1.5748 0.3544 0.0799, -1.5748 0.2756 0.0799, -1.5748 -0.9055 0.0799, -1.5748 -0.9842 0.0799, -1.5748 1.1418 0.0799, -1.5748 0.6693 0.0799, -1.5748 0.5906 0.0799, -1.5748 0.8268 0.0799, -1.5748 0.5118 0.0799, -1.5748 0.1181 0.0799, -1.5748 -1.1417 0.0799, -1.5748 -1.063 0.0799, -1.5748 0.0394 0.0799, -1.5748 -0.0393 0.0799, -1.5748 0.1969 0.0799, -1.5748 -1.2992 0.0799, -1.5748 -1.2204 0.0799, -1.5748 -0.1968 0.0799, -1.5748 -0.2756 0.0799, -1.5748 -0.3543 0.0799, -1.5748 -0.1181 0.0799, -1.5748 -0.5118 0.0799, -1.5748 -0.5905 0.0799, -1.5748 -0.6693 0.0799, -1.5748 -0.433 0.0799, -1.5748 -0.748 0.0799, -0.9843 -1.5748 0.0799, -0.9055 -1.5748 0.0799, 1.5748 -1.5748 0.3937, -1.2992 -1.5748 0.0799, -1.2205 -1.5748 0.0799, -1.063 -1.5748 0.0799, -0.3544 -1.5748 0.0799, -0.2756 -1.5748 0.0799, -1.1418 -1.5748 0.0799, -0.7481 -1.5748 0.0799, -0.6693 -1.5748 0.0799, -0.5906 -1.5748 0.0799, -0.8268 -1.5748 0.0799, -0.0394 -1.5748 0.0799, 0.0393 -1.5748 0.0799, 0.9055 -1.5748 0.0799, 0.9842 -1.5748 0.0799, -0.4331 -1.5748 0.0799, -0.1181 -1.5748 0.0799, 0.8267 -1.5748 0.0799, -0.5118 -1.5748 0.0799, -0.1969 -1.5748 0.0799, 0.2756 -1.5748 0.0799, 0.3543 -1.5748 0.0799, 0.1968 -1.5748 0.0799, 1.1417 -1.5748 0.0799, 1.063 -1.5748 0.0799, 0.1181 -1.5748 0.0799, 0.5905 -1.5748 0.0799, 0.6693 -1.5748 0.0799, 1.2992 -1.5748 0.0799, 1.2204 -1.5748 0.0799, 0.5118 -1.5748 0.0799, 0.433 -1.5748 0.0799, 0.748 -1.5748 0.0799, 1.5748 -1.2992 0.0799, 1.5748 -1.2204 0.0799, 1.5748 -0.748 0.0799, 1.5748 0.2756 0.0799, 1.5748 0.3544 0.0799, 1.5748 0.5118 0.0799, 1.5748 0.5906 0.0799, 1.5748 0.4331 0.0799, 1.5748 0.6693 0.0799, 1.5748 1.1418 0.0799, 1.5748 -1.1417 0.0799, 1.5748 -1.063 0.0799, 1.5748 0.7481 0.0799, 1.5748 0.8268 0.0799, 1.5748 -0.6693 0.0799, 1.5748 -0.5905 0.0799, 1.5748 1.2992 0.0799, 1.5748 1.2205 0.0799, 1.5748 -0.9842 0.0799, 1.5748 -0.9055 0.0799, 1.5748 0.1969 0.0799, 1.5748 0.9055 0.0799, 1.5748 0.9843 0.0799, 1.5748 -0.8267 0.0799, 1.5748 1.063 0.0799, 1.5748 -0.5118 0.0799, 1.5748 -0.433 0.0799, 1.5748 -0.3543 0.0799, 1.5748 -0.2756 0.0799, 1.5748 -0.1968 0.0799, 1.5748 -0.1181 0.0799, 1.5748 -0.0393 0.0799, 1.5748 0.0394 0.0799, 1.5748 0.1181 0.0799, -1.4187 -1.4465 0.3937, -1.4174 -1.4567 0.3937, -1.4187 -1.4669 0.3937, -1.4226 -1.4763 0.3937, -1.4226 -1.437 0.3937, -1.4289 -1.4288 0.3937, -1.4567 -1.496 0.3937, -1.4669 -1.4947 0.3937, -1.4764 -1.4908 0.3937, -1.4846 -1.4845 0.3937, -1.4908 -1.4763 0.3937, -1.4669 -1.4186 0.3937, -1.4567 -1.4173 0.3937, -1.4465 -1.4186 0.3937, -1.437 -1.4226 0.3937, -1.4289 -1.4845 0.3937, -1.437 -1.4908 0.3937, -1.4465 -1.4947 0.3937, -1.4908 -1.437 0.3937, -1.4948 -1.4465 0.3937, -1.4846 -1.4288 0.3937, -1.4764 -1.4226 0.3937, -1.4948 -1.4669 0.3937, -1.4961 -1.4567 0.3937
            ]
        }
        coordIndex [
            0,1,2,-1,2,1,3,-1,4,5,6,-1,7,8,9,-1,10,11,12,-1,12,11,13,-1,0,14,1,-1,1,14,15,-1,1,15,16,-1,16,15,17,-1,16,17,18,-1,19,20,21,-1,22,23,24,-1,18,25,16,-1,16,25,26,-1,16,26,27,-1,28,29,30,-1,31,32,33,-1,33,32,34,-1,35,36,6,-1,6,36,37,-1,10,38,11,-1,11,38,39,-1,11,39,24,-1,24,39,40,-1,24,40,22,-1,23,41,24,-1,24,41,42,-1,24,42,43,-1,44,45,46,-1,46,47,44,-1,44,47,48,-1,44,48,49,-1,50,32,51,-1,51,32,52,-1,53,54,16,-1,16,54,55,-1,16,55,56,-1,30,57,28,-1,28,57,58,-1,28,58,59,-1,59,58,60,-1,59,60,61,-1,62,63,64,-1,64,63,9,-1,64,9,65,-1,65,9,8,-1,66,1,67,-1,67,1,68,-1,69,70,71,-1,71,70,72,-1,71,72,73,-1,74,75,76,-1,77,24,49,-1,49,24,43,-1,49,43,44,-1,78,79,80,-1,81,82,83,-1,84,85,86,-1,86,85,87,-1,86,87,88,-1,89,90,91,-1,92,93,16,-1,16,93,94,-1,16,94,95,-1,63,96,9,-1,9,96,97,-1,9,97,98,-1,98,99,9,-1,9,99,100,-1,9,100,101,-1,102,103,9,-1,9,103,104,-1,105,106,16,-1,107,108,109,-1,109,108,110,-1,109,110,19,-1,19,110,111,-1,19,111,20,-1,5,112,6,-1,6,112,113,-1,6,113,114,-1,115,116,6,-1,6,116,117,-1,6,117,9,-1,9,117,118,-1,9,118,7,-1,37,119,6,-1,6,119,120,-1,6,120,121,-1,122,123,124,-1,124,123,125,-1,124,125,126,-1,126,125,127,-1,44,128,45,-1,45,128,74,-1,45,74,129,-1,129,74,76,-1,77,130,24,-1,24,130,131,-1,24,131,132,-1,132,131,133,-1,132,133,134,-1,135,136,134,-1,134,136,137,-1,83,138,81,-1,81,138,139,-1,81,139,140,-1,141,142,132,-1,143,144,145,-1,145,144,146,-1,145,146,81,-1,81,146,147,-1,81,147,82,-1,132,148,149,-1,150,151,152,-1,152,151,153,-1,154,155,156,-1,156,155,157,-1,156,157,86,-1,86,157,158,-1,86,158,84,-1,61,159,59,-1,59,159,53,-1,59,53,160,-1,160,53,16,-1,160,16,161,-1,161,16,27,-1,56,162,16,-1,16,162,89,-1,16,89,163,-1,164,165,166,-1,91,167,89,-1,89,167,168,-1,89,168,163,-1,163,169,16,-1,16,169,170,-1,16,170,92,-1,92,170,171,-1,92,171,172,-1,173,174,64,-1,64,174,175,-1,64,175,62,-1,176,177,9,-1,9,177,178,-1,9,178,179,-1,180,181,16,-1,182,183,184,-1,184,183,185,-1,186,16,187,-1,187,16,182,-1,188,189,190,-1,139,191,132,-1,192,193,194,-1,195,196,132,-1,132,196,197,-1,132,197,198,-1,199,200,132,-1,201,202,132,-1,132,202,203,-1,132,203,32,-1,32,203,204,-1,32,204,52,-1,89,205,90,-1,90,205,164,-1,90,164,206,-1,206,164,166,-1,207,208,209,-1,210,211,212,-1,213,214,215,-1,215,214,216,-1,215,216,217,-1,217,216,218,-1,217,218,219,-1,102,9,220,-1,220,9,179,-1,220,179,218,-1,218,179,221,-1,218,221,219,-1,222,223,224,-1,224,223,225,-1,226,227,16,-1,16,227,228,-1,229,230,16,-1,16,230,231,-1,16,231,1,-1,1,231,232,-1,1,232,68,-1,233,234,235,-1,235,234,236,-1,235,236,71,-1,71,236,237,-1,71,237,69,-1,114,238,6,-1,6,238,239,-1,6,239,240,-1,241,242,243,-1,243,242,244,-1,244,245,243,-1,243,245,246,-1,243,246,247,-1,247,246,248,-1,249,250,251,-1,6,252,253,-1,254,255,256,-1,256,255,257,-1,253,258,6,-1,6,258,259,-1,6,259,115,-1,115,259,255,-1,115,255,260,-1,260,255,254,-1,261,262,263,-1,263,262,264,-1,263,264,265,-1,265,264,188,-1,265,188,266,-1,266,188,190,-1,4,6,125,-1,125,6,267,-1,125,267,127,-1,268,269,270,-1,271,132,272,-1,272,132,134,-1,272,134,273,-1,273,134,137,-1,192,195,193,-1,193,195,132,-1,193,132,274,-1,274,132,191,-1,194,275,192,-1,192,275,276,-1,192,276,277,-1,277,276,278,-1,198,279,79,-1,79,279,280,-1,79,280,80,-1,79,281,198,-1,198,281,282,-1,198,282,132,-1,132,282,283,-1,132,283,141,-1,284,285,132,-1,286,287,132,-1,288,289,290,-1,291,292,132,-1,149,293,132,-1,132,293,294,-1,132,294,295,-1,295,294,296,-1,295,296,297,-1,297,296,152,-1,297,152,298,-1,298,152,153,-1,295,299,132,-1,132,299,300,-1,132,300,301,-1,302,303,304,-1,209,208,305,-1,306,307,308,-1,308,307,309,-1,308,309,310,-1,311,11,312,-1,312,11,313,-1,212,314,210,-1,210,314,315,-1,210,315,316,-1,316,315,317,-1,316,317,318,-1,21,319,19,-1,19,319,176,-1,19,176,320,-1,320,176,9,-1,320,9,321,-1,321,9,101,-1,322,16,323,-1,323,16,9,-1,323,9,324,-1,324,9,104,-1,322,325,326,-1,327,328,16,-1,329,330,331,-1,222,332,223,-1,223,332,226,-1,223,226,333,-1,333,226,16,-1,334,335,336,-1,228,337,16,-1,16,337,338,-1,16,338,182,-1,182,338,339,-1,182,339,183,-1,186,340,16,-1,16,340,341,-1,16,341,342,-1,343,344,345,-1,249,346,250,-1,250,346,347,-1,250,347,348,-1,349,350,351,-1,352,353,354,-1,132,355,6,-1,6,355,356,-1,6,356,357,-1,358,359,6,-1,359,360,6,-1,6,360,361,-1,6,361,267,-1,270,362,268,-1,268,362,363,-1,268,363,364,-1,364,363,365,-1,364,365,366,-1,271,367,132,-1,132,367,368,-1,132,368,139,-1,139,368,369,-1,139,369,140,-1,370,371,372,-1,372,371,373,-1,372,373,276,-1,276,373,374,-1,276,374,278,-1,375,376,132,-1,377,378,379,-1,379,378,380,-1,201,132,381,-1,381,132,301,-1,381,301,88,-1,88,301,382,-1,88,382,86,-1,172,383,92,-1,92,383,384,-1,92,384,385,-1,385,384,302,-1,385,302,386,-1,386,302,304,-1,208,387,16,-1,16,387,388,-1,16,388,389,-1,24,390,391,-1,392,393,394,-1,395,396,24,-1,24,396,397,-1,397,398,24,-1,24,398,399,-1,24,399,400,-1,329,331,181,-1,181,331,401,-1,181,401,402,-1,403,106,404,-1,404,106,405,-1,404,405,406,-1,403,407,106,-1,106,407,408,-1,106,408,16,-1,16,408,409,-1,16,409,410,-1,411,412,413,-1,413,412,414,-1,413,414,415,-1,415,414,416,-1,415,416,417,-1,418,419,416,-1,416,419,420,-1,416,420,417,-1,421,422,16,-1,16,422,423,-1,16,423,424,-1,223,425,225,-1,225,425,334,-1,225,334,426,-1,426,334,336,-1,427,428,429,-1,429,428,430,-1,429,430,183,-1,183,430,431,-1,183,431,185,-1,229,16,432,-1,432,16,342,-1,432,342,73,-1,73,342,433,-1,73,433,71,-1,434,435,436,-1,436,435,437,-1,436,437,438,-1,438,437,343,-1,438,343,439,-1,439,343,345,-1,348,440,250,-1,250,440,441,-1,250,441,442,-1,442,441,443,-1,442,443,246,-1,246,443,444,-1,246,444,248,-1,251,252,249,-1,249,252,6,-1,249,6,436,-1,436,6,240,-1,436,240,434,-1,255,445,257,-1,257,445,349,-1,257,349,446,-1,446,349,351,-1,447,448,449,-1,449,448,450,-1,449,450,451,-1,451,450,352,-1,451,352,452,-1,452,352,354,-1,31,453,32,-1,32,453,454,-1,32,454,132,-1,132,454,455,-1,132,455,456,-1,457,458,357,-1,357,458,459,-1,357,459,460,-1,461,462,463,-1,463,462,464,-1,465,466,467,-1,467,466,468,-1,467,468,135,-1,135,468,469,-1,135,469,136,-1,470,471,472,-1,473,474,475,-1,475,474,476,-1,475,476,150,-1,150,476,477,-1,150,477,151,-1,95,478,16,-1,16,478,479,-1,16,479,208,-1,208,479,480,-1,208,480,305,-1,394,481,392,-1,392,481,482,-1,392,482,308,-1,308,482,483,-1,308,483,306,-1,310,309,391,-1,391,309,484,-1,391,484,24,-1,24,484,485,-1,24,485,395,-1,395,485,486,-1,395,486,487,-1,322,488,325,-1,325,488,489,-1,325,489,490,-1,491,492,493,-1,402,494,181,-1,181,494,495,-1,181,495,16,-1,16,495,496,-1,16,496,105,-1,497,498,499,-1,418,421,419,-1,419,421,16,-1,419,16,500,-1,500,16,410,-1,424,501,16,-1,16,501,502,-1,16,502,333,-1,456,503,132,-1,132,503,504,-1,132,504,505,-1,506,507,508,-1,460,509,357,-1,357,509,510,-1,357,510,6,-1,6,510,511,-1,6,511,512,-1,513,514,515,-1,515,514,516,-1,515,516,517,-1,518,519,520,-1,366,521,364,-1,364,521,358,-1,364,358,522,-1,522,358,6,-1,522,6,523,-1,523,6,121,-1,524,525,526,-1,526,525,527,-1,526,527,80,-1,80,527,528,-1,80,528,78,-1,285,529,530,-1,200,531,532,-1,533,534,287,-1,287,534,535,-1,287,535,132,-1,132,535,536,-1,537,538,539,-1,288,290,536,-1,536,290,540,-1,536,540,132,-1,132,540,541,-1,132,541,291,-1,378,542,380,-1,380,542,470,-1,380,470,543,-1,543,470,472,-1,544,545,546,-1,547,24,548,-1,548,24,16,-1,548,16,549,-1,400,550,24,-1,24,550,551,-1,24,551,11,-1,11,551,552,-1,11,552,313,-1,553,554,555,-1,555,556,553,-1,553,556,493,-1,553,493,557,-1,557,493,492,-1,558,559,560,-1,561,562,563,-1,406,564,404,-1,404,564,497,-1,404,497,565,-1,565,497,499,-1,566,567,132,-1,568,569,263,-1,263,569,570,-1,263,570,261,-1,457,571,458,-1,458,571,506,-1,458,506,572,-1,572,506,508,-1,515,573,513,-1,513,573,574,-1,513,574,575,-1,576,577,578,-1,579,580,581,-1,464,582,463,-1,463,582,518,-1,463,518,583,-1,583,518,520,-1,584,585,142,-1,142,585,586,-1,142,586,132,-1,132,586,587,-1,132,587,284,-1,376,588,589,-1,200,590,531,-1,531,590,591,-1,531,591,592,-1,532,593,200,-1,200,593,594,-1,200,594,132,-1,132,594,595,-1,132,595,286,-1,287,596,533,-1,533,596,597,-1,533,597,598,-1,598,597,599,-1,289,600,290,-1,290,600,537,-1,290,537,601,-1,601,537,539,-1,377,602,378,-1,378,602,148,-1,378,148,603,-1,603,148,132,-1,604,605,606,-1,546,607,16,-1,607,608,16,-1,16,608,609,-1,16,609,549,-1,610,611,24,-1,612,613,614,-1,615,616,617,-1,617,616,618,-1,617,618,490,-1,490,618,619,-1,490,619,325,-1,620,621,622,-1,623,16,624,-1,624,16,625,-1,560,559,626,-1,627,628,629,-1,629,628,630,-1,629,630,631,-1,632,16,633,-1,633,16,634,-1,330,635,331,-1,331,635,561,-1,331,561,636,-1,636,561,563,-1,637,638,132,-1,132,638,639,-1,132,639,355,-1,640,641,642,-1,643,644,645,-1,645,646,643,-1,643,646,647,-1,643,647,648,-1,649,650,651,-1,584,652,585,-1,585,652,653,-1,585,653,654,-1,654,653,655,-1,285,530,132,-1,132,530,656,-1,132,656,375,-1,589,657,376,-1,376,657,658,-1,376,658,132,-1,132,658,659,-1,132,659,199,-1,660,661,662,-1,663,292,664,-1,664,292,665,-1,664,665,666,-1,667,132,668,-1,668,132,292,-1,668,292,669,-1,669,292,663,-1,667,670,132,-1,132,670,671,-1,132,671,672,-1,673,674,132,-1,132,674,675,-1,209,676,207,-1,207,676,604,-1,207,604,677,-1,677,604,606,-1,389,678,16,-1,16,678,679,-1,16,679,546,-1,546,679,680,-1,546,680,544,-1,681,682,683,-1,683,682,684,-1,683,684,685,-1,686,687,24,-1,688,689,24,-1,487,690,395,-1,395,690,691,-1,395,691,692,-1,692,691,612,-1,692,612,693,-1,693,612,614,-1,694,695,696,-1,696,695,622,-1,696,622,697,-1,697,622,621,-1,634,16,698,-1,698,16,328,-1,698,328,631,-1,631,328,699,-1,631,699,629,-1,700,701,632,-1,632,701,702,-1,632,702,16,-1,16,702,703,-1,16,703,180,-1,704,705,706,-1,706,705,566,-1,706,566,707,-1,707,566,132,-1,707,132,708,-1,708,132,505,-1,709,132,568,-1,568,132,567,-1,568,567,569,-1,709,710,132,-1,132,710,711,-1,132,711,712,-1,642,713,640,-1,640,713,714,-1,640,714,706,-1,706,714,715,-1,706,715,704,-1,716,717,718,-1,651,650,577,-1,577,650,719,-1,577,719,578,-1,720,721,722,-1,722,721,723,-1,722,723,653,-1,653,723,724,-1,653,724,655,-1,725,726,285,-1,285,726,727,-1,285,727,529,-1,728,729,730,-1,537,731,538,-1,538,731,660,-1,538,660,732,-1,732,660,662,-1,675,733,132,-1,132,733,734,-1,132,734,603,-1,735,736,737,-1,610,24,738,-1,739,740,741,-1,741,740,742,-1,741,742,493,-1,493,742,743,-1,493,743,491,-1,553,744,16,-1,626,559,623,-1,623,559,745,-1,623,745,16,-1,16,745,746,-1,16,746,327,-1,632,747,700,-1,700,747,748,-1,700,748,749,-1,749,748,750,-1,637,132,751,-1,751,132,712,-1,751,712,449,-1,449,712,752,-1,449,752,447,-1,517,753,515,-1,515,753,716,-1,515,716,754,-1,754,716,718,-1,755,756,757,-1,757,756,758,-1,757,758,759,-1,760,761,762,-1,762,761,763,-1,762,763,764,-1,765,766,767,-1,597,768,599,-1,599,768,728,-1,599,728,769,-1,769,728,730,-1,770,771,772,-1,672,773,132,-1,132,773,774,-1,132,774,673,-1,673,774,775,-1,673,775,776,-1,776,775,777,-1,545,778,546,-1,546,778,735,-1,546,735,779,-1,779,735,737,-1,780,781,782,-1,783,784,785,-1,785,784,786,-1,785,786,787,-1,686,24,788,-1,789,790,791,-1,326,792,322,-1,322,792,793,-1,322,793,16,-1,16,793,794,-1,16,794,553,-1,553,794,795,-1,553,795,554,-1,625,16,796,-1,796,16,744,-1,796,744,696,-1,696,744,797,-1,696,797,694,-1,798,799,800,-1,800,799,801,-1,581,802,579,-1,579,802,799,-1,579,799,803,-1,803,799,798,-1,804,805,757,-1,757,805,806,-1,757,806,755,-1,807,808,809,-1,809,808,810,-1,725,811,726,-1,726,811,812,-1,726,812,813,-1,813,812,765,-1,813,765,814,-1,814,765,767,-1,815,816,817,-1,817,816,818,-1,817,818,592,-1,592,818,819,-1,592,819,531,-1,666,820,664,-1,664,820,770,-1,664,770,821,-1,821,770,772,-1,822,823,824,-1,824,823,825,-1,824,825,775,-1,775,825,826,-1,775,826,777,-1,683,827,681,-1,681,827,738,-1,681,738,828,-1,828,738,24,-1,828,24,785,-1,785,24,547,-1,785,547,783,-1,829,830,831,-1,831,830,832,-1,830,833,832,-1,832,833,834,-1,832,834,24,-1,24,834,835,-1,24,835,688,-1,836,837,838,-1,839,840,841,-1,841,840,842,-1,841,842,627,-1,627,842,843,-1,627,843,628,-1,844,845,846,-1,847,848,849,-1,850,851,852,-1,853,854,855,-1,856,857,858,-1,858,857,859,-1,858,859,860,-1,860,859,861,-1,860,861,862,-1,862,861,588,-1,862,588,863,-1,863,588,376,-1,864,865,866,-1,867,611,868,-1,780,869,781,-1,781,869,788,-1,781,788,870,-1,870,788,24,-1,870,24,871,-1,871,24,611,-1,871,611,872,-1,872,611,867,-1,873,874,875,-1,876,877,24,-1,24,877,878,-1,622,879,620,-1,620,879,836,-1,620,836,880,-1,880,836,838,-1,881,882,883,-1,883,882,884,-1,883,884,885,-1,885,884,886,-1,885,886,560,-1,560,886,887,-1,560,887,558,-1,748,888,750,-1,750,888,844,-1,750,844,889,-1,889,844,846,-1,647,890,648,-1,648,890,847,-1,648,847,891,-1,891,847,849,-1,892,893,894,-1,801,895,800,-1,800,895,850,-1,800,850,896,-1,896,850,852,-1,855,897,853,-1,853,897,898,-1,853,898,759,-1,759,898,899,-1,759,899,757,-1,900,901,902,-1,903,904,6,-1,6,904,905,-1,6,905,906,-1,684,907,685,-1,685,907,908,-1,685,908,909,-1,909,908,864,-1,909,864,910,-1,910,864,866,-1,911,912,913,-1,868,914,867,-1,867,914,915,-1,867,915,916,-1,916,915,917,-1,918,919,920,-1,920,919,921,-1,921,919,687,-1,687,919,922,-1,687,922,24,-1,24,922,923,-1,24,923,924,-1,925,924,926,-1,926,924,927,-1,926,927,928,-1,829,929,830,-1,830,929,930,-1,830,930,931,-1,931,930,873,-1,931,873,932,-1,932,873,875,-1,689,933,790,-1,790,933,934,-1,790,934,791,-1,790,935,689,-1,689,935,936,-1,689,936,24,-1,24,936,937,-1,24,937,876,-1,938,939,24,-1,24,939,940,-1,24,940,390,-1,651,941,649,-1,649,941,892,-1,649,892,942,-1,942,892,894,-1,764,943,762,-1,762,943,900,-1,762,900,944,-1,944,900,902,-1,945,946,947,-1,782,948,780,-1,780,948,949,-1,780,949,950,-1,950,949,951,-1,950,951,952,-1,952,951,911,-1,952,911,953,-1,953,911,913,-1,954,955,956,-1,957,958,918,-1,918,958,959,-1,918,959,919,-1,960,961,962,-1,925,963,924,-1,924,963,964,-1,924,964,24,-1,24,964,965,-1,24,965,832,-1,906,966,967,-1,947,968,945,-1,945,968,969,-1,945,969,808,-1,808,969,970,-1,808,970,810,-1,956,971,954,-1,954,971,972,-1,954,972,973,-1,973,972,974,-1,973,974,786,-1,786,974,975,-1,786,975,787,-1,976,977,978,-1,979,980,981,-1,928,982,926,-1,926,982,983,-1,926,983,984,-1,984,983,960,-1,984,960,985,-1,985,960,962,-1,986,987,988,-1,318,989,316,-1,316,989,938,-1,316,938,990,-1,990,938,24,-1,990,24,991,-1,991,24,878,-1,512,992,6,-1,6,992,993,-1,6,993,994,-1,461,35,462,-1,462,35,6,-1,462,6,995,-1,995,6,996,-1,915,997,917,-1,917,997,976,-1,917,976,998,-1,998,976,978,-1,918,999,957,-1,957,999,979,-1,957,979,1000,-1,1000,979,981,-1,791,1001,789,-1,789,1001,986,-1,789,986,1002,-1,1002,986,988,-1,1003,1004,1005,-1,1006,1007,6,-1,906,1008,966,-1,966,1008,1009,-1,966,1009,1010,-1,1010,1009,1003,-1,1010,1003,1011,-1,1011,1003,1005,-1,967,1012,906,-1,906,1012,1013,-1,906,1013,6,-1,6,1013,1014,-1,1015,1016,6,-1,903,6,1017,-1,1017,6,1007,-1,1017,1007,578,-1,578,1007,1018,-1,578,1018,576,-1,804,1015,805,-1,805,1015,6,-1,805,6,807,-1,807,6,994,-1,807,994,808,-1,579,1006,580,-1,580,1006,6,-1,580,6,1019,-1,1019,6,1016,-1,1019,1016,1020,-1,1020,1016,644,-1,1020,644,1021,-1,1021,644,643,-1,762,1022,760,-1,760,1022,1023,-1,760,1023,1014,-1,1014,1023,1024,-1,1014,1024,6,-1,6,1024,1025,-1,6,1025,575,-1,574,1026,575,-1,575,1026,1027,-1,575,1027,6,-1,6,1027,1028,-1,6,1028,996,-1,1029,1030,1031,-1,1032,11,311,-1,1033,1034,1031,-1,1035,956,955,-1,1036,1037,1031,-1,1038,394,393,-1,311,1039,1032,-1,1032,1039,1040,-1,1032,1040,1031,-1,1041,1042,1031,-1,1043,166,165,-1,393,1033,1038,-1,1038,1033,1031,-1,1038,1031,1044,-1,1044,1031,1040,-1,1044,1040,613,-1,613,1040,614,-1,1045,962,961,-1,1046,606,605,-1,1047,1048,1031,-1,1049,1050,1031,-1,605,1036,1046,-1,1046,1036,1031,-1,1046,1031,1051,-1,1051,1031,1030,-1,1051,1030,736,-1,736,1030,737,-1,165,1047,1043,-1,1043,1047,1031,-1,1043,1031,1052,-1,1052,1031,1037,-1,1052,1037,303,-1,303,1037,304,-1,1053,988,987,-1,1054,1031,1055,-1,1055,1031,1042,-1,1055,1042,980,-1,980,1042,981,-1,1056,1057,1031,-1,3,1,1058,-1,1058,1,1031,-1,1058,1031,1059,-1,1059,1031,1048,-1,1059,1048,29,-1,29,1048,30,-1,987,1049,1053,-1,1053,1049,1031,-1,1053,1031,1060,-1,1060,1031,1034,-1,1060,1034,211,-1,211,1034,212,-1,961,1041,1045,-1,1045,1041,1031,-1,1045,1031,1061,-1,1061,1031,1050,-1,1061,1050,874,-1,874,1050,875,-1,1062,978,977,-1,977,1056,1062,-1,1062,1056,1031,-1,1062,1031,1063,-1,1063,1031,1054,-1,1063,1054,912,-1,912,1054,913,-1,955,1029,1035,-1,1035,1029,1031,-1,1035,1031,1064,-1,1064,1031,1057,-1,1064,1057,865,-1,865,1057,866,-1,1031,1,66,-1,66,1065,1031,-1,1031,1065,1066,-1,1031,1066,1067,-1,1068,428,427,-1,1069,412,411,-1,1070,563,562,-1,1071,108,107,-1,1072,1073,1067,-1,1074,1075,1067,-1,1076,1077,1067,-1,427,1072,1068,-1,1068,1072,1067,-1,1068,1067,1078,-1,1078,1067,1066,-1,1078,1066,233,-1,233,1066,234,-1,1079,1080,1067,-1,411,1079,1069,-1,1069,1079,1067,-1,1069,1067,1081,-1,1081,1067,1073,-1,1081,1073,335,-1,335,1073,336,-1,562,1074,1070,-1,1070,1074,1067,-1,1070,1067,1082,-1,1082,1067,1080,-1,1082,1080,498,-1,498,1080,499,-1,1083,840,839,-1,1084,1067,1085,-1,1085,1067,1077,-1,1085,1077,173,-1,173,1077,174,-1,1086,1087,1067,-1,839,1086,1083,-1,1083,1086,1067,-1,1083,1067,1088,-1,1088,1067,1075,-1,1088,1075,845,-1,845,1075,846,-1,242,241,1089,-1,1089,241,1067,-1,1089,1067,1090,-1,1090,1067,1084,-1,1090,1084,350,-1,350,1084,351,-1,1091,838,837,-1,1092,1093,1067,-1,837,1092,1091,-1,1091,1092,1067,-1,1091,1067,1094,-1,1094,1067,1087,-1,1094,1087,881,-1,881,1087,882,-1,1095,616,615,-1,1096,1097,1067,-1,615,1096,1095,-1,1095,1096,1067,-1,1095,1067,1098,-1,1098,1067,1093,-1,1098,1093,739,-1,739,1093,740,-1,107,1076,1071,-1,1071,1076,1067,-1,1071,1067,1099,-1,1099,1067,1097,-1,1099,1097,213,-1,213,1097,214,-1,1067,241,243,-1,1100,1101,1102,-1,243,1103,1067,-1,1067,1103,1104,-1,1067,1104,1102,-1,1105,123,122,-1,1106,1107,1102,-1,122,1100,1105,-1,1105,1100,1102,-1,1105,1102,1108,-1,1108,1102,1104,-1,1108,1104,344,-1,344,1104,345,-1,1109,520,519,-1,1110,1111,1102,-1,519,1110,1109,-1,1109,1110,1102,-1,1109,1102,1112,-1,1112,1102,1101,-1,1112,1101,269,-1,269,1101,270,-1,1113,1114,1102,-1,1115,1116,1102,-1,1117,902,901,-1,1118,894,893,-1,1119,354,353,-1,901,1106,1117,-1,1117,1106,1102,-1,1117,1102,1120,-1,1120,1102,1111,-1,1120,1111,717,-1,717,1111,718,-1,893,1113,1118,-1,1118,1113,1102,-1,1118,1102,1121,-1,1121,1102,1107,-1,1121,1107,1004,-1,1004,1107,1005,-1,1122,1123,1102,-1,1124,849,848,-1,1125,1102,1126,-1,1126,1102,1116,-1,1126,1116,189,-1,189,1116,190,-1,848,1122,1124,-1,1124,1122,1102,-1,1124,1102,1127,-1,1127,1102,1114,-1,1127,1114,851,-1,851,1114,852,-1,1128,1129,1102,-1,34,32,1130,-1,1130,32,1102,-1,1130,1102,1131,-1,1131,1102,1125,-1,1131,1125,641,-1,641,1125,642,-1,1132,947,946,-1,946,1128,1132,-1,1132,1128,1102,-1,1132,1102,1133,-1,1133,1102,1123,-1,1133,1123,854,-1,854,1123,855,-1,353,1115,1119,-1,1119,1115,1102,-1,1119,1102,1134,-1,1134,1102,1129,-1,1134,1129,507,-1,507,1129,508,-1,32,50,1102,-1,1102,50,1135,-1,1102,1135,1136,-1,1137,823,822,-1,1102,1138,1139,-1,525,524,1140,-1,1140,524,1141,-1,721,720,1139,-1,1139,720,1142,-1,1139,1142,1102,-1,1143,371,370,-1,1144,76,75,-1,155,154,1136,-1,1136,154,1145,-1,1136,1145,1102,-1,1102,1145,1146,-1,1147,1148,1032,-1,1102,1149,1150,-1,370,1147,1143,-1,1143,1147,1032,-1,1143,1032,1141,-1,1141,1032,1102,-1,1141,1102,1140,-1,1140,1102,1142,-1,13,11,1151,-1,1151,11,1032,-1,1151,1032,1152,-1,474,473,1146,-1,1146,473,1153,-1,1146,1153,1102,-1,1102,1153,1154,-1,1155,767,766,-1,144,143,1148,-1,1148,143,1156,-1,1148,1156,1032,-1,1032,1156,1157,-1,472,471,1154,-1,1154,471,1158,-1,1154,1158,1102,-1,1102,1158,1137,-1,1102,1137,1149,-1,1149,1137,822,-1,75,1152,1144,-1,1144,1152,1032,-1,1144,1032,1159,-1,1159,1032,1157,-1,1159,1157,465,-1,465,1157,466,-1,772,771,1150,-1,1150,771,1160,-1,1150,1160,1102,-1,1102,1160,1161,-1,662,661,1161,-1,1161,661,1162,-1,1161,1162,1102,-1,1102,1162,1163,-1,730,729,1163,-1,1163,729,1164,-1,1163,1164,1102,-1,1102,1164,1165,-1,816,815,1165,-1,1165,815,1166,-1,1165,1166,1102,-1,1102,1166,1167,-1,857,856,1167,-1,1167,856,1168,-1,1167,1168,1102,-1,1102,1168,1155,-1,1102,1155,1138,-1,1138,1155,766,-1,1169,1170,1102,-1,1102,1170,1171,-1,1102,1171,1172,-1,1169,1102,1173,-1,1173,1102,1032,-1,1173,1032,1174,-1,1175,1176,1067,-1,1176,1177,1067,-1,1067,1177,1178,-1,1067,1178,1179,-1,1180,1181,1031,-1,1031,1181,1182,-1,1031,1182,1032,-1,1032,1182,1183,-1,1032,1183,1174,-1,1172,1184,1102,-1,1102,1184,1185,-1,1102,1185,1067,-1,1067,1185,1186,-1,1067,1186,1175,-1,1187,1031,1188,-1,1188,1031,1067,-1,1187,1189,1031,-1,1031,1189,1190,-1,1031,1190,1180,-1,1179,1191,1067,-1,1067,1191,1192,-1,1067,1192,1188,-1,
        ]
    }
}
Shape{
    appearance Appearance {
        material  Material 	{
            diffuseColor 0.6666666666666666 0.6666666666666666 0.6666666666666666
            specularColor 0.4666666666666667 0.4666666666666667 0.4666666666666667
            ambientIntensity 0.6667
            transparency 0.0
            shininess 0.5
        }
    }
    geometry IndexedFaceSet {
        ccw TRUE
        solid FALSE
        coord DEF co Coordinate {
            point [
                -1.5748 1.2992 0.0799, -1.5752 1.2992 0.0799, -1.5748 1.2205 0.0799, -1.5752 1.2205 0.0799, -1.5748 1.2992 0.0197, -1.4567 1.2992 0.0197, -1.4567 1.2992 0.0, -1.5752 1.2992 0.0, -1.5748 1.2205 0.0197, -1.5752 1.2205 0.0, -1.4567 1.2205 0.0197, -1.4567 1.2205 0.0, -1.4465 1.2218 0.0, -1.4465 1.2218 0.0197, -1.437 1.2258 0.0, -1.437 1.2258 0.0197, -1.4289 1.232 0.0, -1.4289 1.232 0.0197, -1.4226 1.2402 0.0, -1.4226 1.2402 0.0197, -1.4187 1.2497 0.0, -1.4187 1.2497 0.0197, -1.4174 1.2599 0.0, -1.4174 1.2599 0.0197, -1.4187 1.2701 0.0, -1.4187 1.2701 0.0197, -1.4226 1.2796 0.0, -1.4226 1.2796 0.0197, -1.4289 1.2877 0.0, -1.4289 1.2877 0.0197, -1.437 1.294 0.0, -1.437 1.294 0.0197, -1.4465 1.2979 0.0, -1.4465 1.2979 0.0197, -1.5748 1.1418 0.0799, -1.5752 1.1418 0.0799, -1.5748 1.063 0.0799, -1.5752 1.063 0.0799, -1.5748 1.1418 0.0197, -1.4567 1.1418 0.0197, -1.4567 1.1418 0.0, -1.5752 1.1418 0.0, -1.5748 1.063 0.0197, -1.5752 1.063 0.0, -1.4567 1.063 0.0197, -1.4567 1.063 0.0, -1.4465 1.0644 0.0, -1.4465 1.0644 0.0197, -1.437 1.0683 0.0, -1.437 1.0683 0.0197, -1.4289 1.0746 0.0, -1.4289 1.0746 0.0197, -1.4226 1.0827 0.0, -1.4226 1.0827 0.0197, -1.4187 1.0922 0.0, -1.4187 1.0922 0.0197, -1.4174 1.1024 0.0, -1.4174 1.1024 0.0197, -1.4187 1.1126 0.0, -1.4187 1.1126 0.0197, -1.4226 1.1221 0.0, -1.4226 1.1221 0.0197, -1.4289 1.1302 0.0, -1.4289 1.1302 0.0197, -1.437 1.1365 0.0, -1.437 1.1365 0.0197, -1.4465 1.1404 0.0, -1.4465 1.1404 0.0197, -1.5748 0.9843 0.0799, -1.5752 0.9843 0.0799, -1.5748 0.9055 0.0799, -1.5752 0.9055 0.0799, -1.5748 0.9843 0.0197, -1.4567 0.9843 0.0197, -1.4567 0.9843 0.0, -1.5752 0.9843 0.0, -1.5748 0.9055 0.0197, -1.5752 0.9055 0.0, -1.4567 0.9055 0.0197, -1.4567 0.9055 0.0, -1.4465 0.9069 0.0, -1.4465 0.9069 0.0197, -1.437 0.9108 0.0, -1.437 0.9108 0.0197, -1.4289 0.9171 0.0, -1.4289 0.9171 0.0197, -1.4226 0.9252 0.0, -1.4226 0.9252 0.0197, -1.4187 0.9347 0.0, -1.4187 0.9347 0.0197, -1.4174 0.9449 0.0, -1.4174 0.9449 0.0197, -1.4187 0.9551 0.0, -1.4187 0.9551 0.0197, -1.4226 0.9646 0.0, -1.4226 0.9646 0.0197, -1.4289 0.9728 0.0, -1.4289 0.9728 0.0197, -1.437 0.979 0.0, -1.437 0.979 0.0197, -1.4465 0.9829 0.0, -1.4465 0.9829 0.0197, -1.5748 0.8268 0.0799, -1.5752 0.8268 0.0799, -1.5748 0.7481 0.0799, -1.5752 0.7481 0.0799, -1.5748 0.8268 0.0197, -1.4567 0.8268 0.0197, -1.4567 0.8268 0.0, -1.5752 0.8268 0.0, -1.5748 0.7481 0.0197, -1.5752 0.7481 0.0, -1.4567 0.7481 0.0197, -1.4567 0.7481 0.0, -1.4465 0.7494 0.0, -1.4465 0.7494 0.0197, -1.437 0.7533 0.0, -1.437 0.7533 0.0197, -1.4289 0.7596 0.0, -1.4289 0.7596 0.0197, -1.4226 0.7677 0.0, -1.4226 0.7677 0.0197, -1.4187 0.7772 0.0, -1.4187 0.7772 0.0197, -1.4174 0.7874 0.0, -1.4174 0.7874 0.0197, -1.4187 0.7976 0.0, -1.4187 0.7976 0.0197, -1.4226 0.8071 0.0, -1.4226 0.8071 0.0197, -1.4289 0.8153 0.0, -1.4289 0.8153 0.0197, -1.437 0.8215 0.0, -1.437 0.8215 0.0197, -1.4465 0.8255 0.0, -1.4465 0.8255 0.0197, -1.5748 0.6693 0.0799, -1.5752 0.6693 0.0799, -1.5748 0.5906 0.0799, -1.5752 0.5906 0.0799, -1.5748 0.6693 0.0197, -1.4567 0.6693 0.0197, -1.4567 0.6693 0.0, -1.5752 0.6693 0.0, -1.5748 0.5906 0.0197, -1.5752 0.5906 0.0, -1.4567 0.5906 0.0197, -1.4567 0.5906 0.0, -1.4465 0.5919 0.0, -1.4465 0.5919 0.0197, -1.437 0.5959 0.0, -1.437 0.5959 0.0197, -1.4289 0.6021 0.0, -1.4289 0.6021 0.0197, -1.4226 0.6103 0.0, -1.4226 0.6103 0.0197, -1.4187 0.6198 0.0, -1.4187 0.6198 0.0197, -1.4174 0.63 0.0, -1.4174 0.63 0.0197, -1.4187 0.6401 0.0, -1.4187 0.6401 0.0197, -1.4226 0.6496 0.0, -1.4226 0.6496 0.0197, -1.4289 0.6578 0.0, -1.4289 0.6578 0.0197, -1.437 0.664 0.0, -1.437 0.664 0.0197, -1.4465 0.668 0.0, -1.4465 0.668 0.0197, -1.5748 0.5118 0.0799, -1.5752 0.5118 0.0799, -1.5748 0.4331 0.0799, -1.5752 0.4331 0.0799, -1.5748 0.5118 0.0197, -1.4567 0.5118 0.0197, -1.4567 0.5118 0.0, -1.5752 0.5118 0.0, -1.5748 0.4331 0.0197, -1.5752 0.4331 0.0, -1.4567 0.4331 0.0197, -1.4567 0.4331 0.0, -1.4465 0.4344 0.0, -1.4465 0.4344 0.0197, -1.437 0.4384 0.0, -1.437 0.4384 0.0197, -1.4289 0.4446 0.0, -1.4289 0.4446 0.0197, -1.4226 0.4528 0.0, -1.4226 0.4528 0.0197, -1.4187 0.4623 0.0, -1.4187 0.4623 0.0197, -1.4174 0.4725 0.0, -1.4174 0.4725 0.0197, -1.4187 0.4827 0.0, -1.4187 0.4827 0.0197, -1.4226 0.4922 0.0, -1.4226 0.4922 0.0197, -1.4289 0.5003 0.0, -1.4289 0.5003 0.0197, -1.437 0.5066 0.0, -1.437 0.5066 0.0197, -1.4465 0.5105 0.0, -1.4465 0.5105 0.0197, -1.5748 0.3544 0.0799, -1.5752 0.3544 0.0799, -1.5748 0.2756 0.0799, -1.5752 0.2756 0.0799, -1.5748 0.3544 0.0197, -1.4567 0.3544 0.0197, -1.4567 0.3544 0.0, -1.5752 0.3544 0.0, -1.5748 0.2756 0.0197, -1.5752 0.2756 0.0, -1.4567 0.2756 0.0197, -1.4567 0.2756 0.0, -1.4465 0.277 0.0, -1.4465 0.277 0.0197, -1.437 0.2809 0.0, -1.437 0.2809 0.0197, -1.4289 0.2872 0.0, -1.4289 0.2872 0.0197, -1.4226 0.2953 0.0, -1.4226 0.2953 0.0197, -1.4187 0.3048 0.0, -1.4187 0.3048 0.0197, -1.4174 0.315 0.0, -1.4174 0.315 0.0197, -1.4187 0.3252 0.0, -1.4187 0.3252 0.0197, -1.4226 0.3347 0.0, -1.4226 0.3347 0.0197, -1.4289 0.3428 0.0, -1.4289 0.3428 0.0197, -1.437 0.3491 0.0, -1.437 0.3491 0.0197, -1.4465 0.353 0.0, -1.4465 0.353 0.0197, -1.5748 0.1969 0.0799, -1.5752 0.1969 0.0799, -1.5748 0.1181 0.0799, -1.5752 0.1181 0.0799, -1.5748 0.1969 0.0197, -1.4567 0.1969 0.0197, -1.4567 0.1969 0.0, -1.5752 0.1969 0.0, -1.5748 0.1181 0.0197, -1.5752 0.1181 0.0, -1.4567 0.1181 0.0197, -1.4567 0.1181 0.0, -1.4465 0.1195 0.0, -1.4465 0.1195 0.0197, -1.437 0.1234 0.0, -1.437 0.1234 0.0197, -1.4289 0.1297 0.0, -1.4289 0.1297 0.0197, -1.4226 0.1378 0.0, -1.4226 0.1378 0.0197, -1.4187 0.1473 0.0, -1.4187 0.1473 0.0197, -1.4174 0.1575 0.0, -1.4174 0.1575 0.0197, -1.4187 0.1677 0.0, -1.4187 0.1677 0.0197, -1.4226 0.1772 0.0, -1.4226 0.1772 0.0197, -1.4289 0.1853 0.0, -1.4289 0.1853 0.0197, -1.437 0.1916 0.0, -1.437 0.1916 0.0197, -1.4465 0.1955 0.0, -1.4465 0.1955 0.0197, -1.5748 0.0394 0.0799, -1.5752 0.0394 0.0799, -1.5748 -0.0393 0.0799, -1.5752 -0.0393 0.0799, -1.5748 0.0394 0.0197, -1.4567 0.0394 0.0197, -1.4567 0.0394 0.0, -1.5752 0.0394 0.0, -1.5748 -0.0393 0.0197, -1.5752 -0.0393 0.0, -1.4567 -0.0393 0.0197, -1.4567 -0.0393 0.0, -1.4465 -0.038 0.0, -1.4465 -0.038 0.0197, -1.437 -0.0341 0.0, -1.437 -0.0341 0.0197, -1.4289 -0.0278 0.0, -1.4289 -0.0278 0.0197, -1.4226 -0.0197 0.0, -1.4226 -0.0197 0.0197, -1.4187 -0.0102 0.0, -1.4187 -0.0102 0.0197, -1.4174 0.0 0.0, -1.4174 0.0 0.0197, -1.4187 0.0102 0.0, -1.4187 0.0102 0.0197, -1.4226 0.0197 0.0, -1.4226 0.0197 0.0197, -1.4289 0.0279 0.0, -1.4289 0.0279 0.0197, -1.437 0.0341 0.0, -1.437 0.0341 0.0197, -1.4465 0.0381 0.0, -1.4465 0.0381 0.0197, -1.5748 -0.1181 0.0799, -1.5752 -0.1181 0.0799, -1.5748 -0.1968 0.0799, -1.5752 -0.1968 0.0799, -1.5748 -0.1181 0.0197, -1.4567 -0.1181 0.0197, -1.4567 -0.1181 0.0, -1.5752 -0.1181 0.0, -1.5748 -0.1968 0.0197, -1.5752 -0.1968 0.0, -1.4567 -0.1968 0.0197, -1.4567 -0.1968 0.0, -1.4465 -0.1955 0.0, -1.4465 -0.1955 0.0197, -1.437 -0.1915 0.0, -1.437 -0.1915 0.0197, -1.4289 -0.1853 0.0, -1.4289 -0.1853 0.0197, -1.4226 -0.1771 0.0, -1.4226 -0.1771 0.0197, -1.4187 -0.1676 0.0, -1.4187 -0.1676 0.0197, -1.4174 -0.1575 0.0, -1.4174 -0.1575 0.0197, -1.4187 -0.1473 0.0, -1.4187 -0.1473 0.0197, -1.4226 -0.1378 0.0, -1.4226 -0.1378 0.0197, -1.4289 -0.1296 0.0, -1.4289 -0.1296 0.0197, -1.437 -0.1234 0.0, -1.437 -0.1234 0.0197, -1.4465 -0.1194 0.0, -1.4465 -0.1194 0.0197, -1.5748 -0.2756 0.0799, -1.5752 -0.2756 0.0799, -1.5748 -0.3543 0.0799, -1.5752 -0.3543 0.0799, -1.5748 -0.2756 0.0197, -1.4567 -0.2756 0.0197, -1.4567 -0.2756 0.0, -1.5752 -0.2756 0.0, -1.5748 -0.3543 0.0197, -1.5752 -0.3543 0.0, -1.4567 -0.3543 0.0197, -1.4567 -0.3543 0.0, -1.4465 -0.353 0.0, -1.4465 -0.353 0.0197, -1.437 -0.349 0.0, -1.437 -0.349 0.0197, -1.4289 -0.3428 0.0, -1.4289 -0.3428 0.0197, -1.4226 -0.3346 0.0, -1.4226 -0.3346 0.0197, -1.4187 -0.3251 0.0, -1.4187 -0.3251 0.0197, -1.4174 -0.3149 0.0, -1.4174 -0.3149 0.0197, -1.4187 -0.3047 0.0, -1.4187 -0.3047 0.0197, -1.4226 -0.2952 0.0, -1.4226 -0.2952 0.0197, -1.4289 -0.2871 0.0, -1.4289 -0.2871 0.0197, -1.437 -0.2808 0.0, -1.437 -0.2808 0.0197, -1.4465 -0.2769 0.0, -1.4465 -0.2769 0.0197, -1.5748 -0.433 0.0799, -1.5752 -0.433 0.0799, -1.5748 -0.5118 0.0799, -1.5752 -0.5118 0.0799, -1.5748 -0.433 0.0197, -1.4567 -0.433 0.0197, -1.4567 -0.433 0.0, -1.5752 -0.433 0.0, -1.5748 -0.5118 0.0197, -1.5752 -0.5118 0.0, -1.4567 -0.5118 0.0197, -1.4567 -0.5118 0.0, -1.4465 -0.5104 0.0, -1.4465 -0.5104 0.0197, -1.437 -0.5065 0.0, -1.437 -0.5065 0.0197, -1.4289 -0.5002 0.0, -1.4289 -0.5002 0.0197, -1.4226 -0.4921 0.0, -1.4226 -0.4921 0.0197, -1.4187 -0.4826 0.0, -1.4187 -0.4826 0.0197, -1.4174 -0.4724 0.0, -1.4174 -0.4724 0.0197, -1.4187 -0.4622 0.0, -1.4187 -0.4622 0.0197, -1.4226 -0.4527 0.0, -1.4226 -0.4527 0.0197, -1.4289 -0.4446 0.0, -1.4289 -0.4446 0.0197, -1.437 -0.4383 0.0, -1.437 -0.4383 0.0197, -1.4465 -0.4344 0.0, -1.4465 -0.4344 0.0197, -1.5748 -0.5905 0.0799, -1.5752 -0.5905 0.0799, -1.5748 -0.6693 0.0799, -1.5752 -0.6693 0.0799, -1.5748 -0.5905 0.0197, -1.4567 -0.5905 0.0197, -1.4567 -0.5905 0.0, -1.5752 -0.5905 0.0, -1.5748 -0.6693 0.0197, -1.5752 -0.6693 0.0, -1.4567 -0.6693 0.0197, -1.4567 -0.6693 0.0, -1.4465 -0.6679 0.0, -1.4465 -0.6679 0.0197, -1.437 -0.664 0.0, -1.437 -0.664 0.0197, -1.4289 -0.6577 0.0, -1.4289 -0.6577 0.0197, -1.4226 -0.6496 0.0, -1.4226 -0.6496 0.0197, -1.4187 -0.6401 0.0, -1.4187 -0.6401 0.0197, -1.4174 -0.6299 0.0, -1.4174 -0.6299 0.0197, -1.4187 -0.6197 0.0, -1.4187 -0.6197 0.0197, -1.4226 -0.6102 0.0, -1.4226 -0.6102 0.0197, -1.4289 -0.6021 0.0, -1.4289 -0.6021 0.0197, -1.437 -0.5958 0.0, -1.437 -0.5958 0.0197, -1.4465 -0.5919 0.0, -1.4465 -0.5919 0.0197, -1.5748 -0.748 0.0799, -1.5752 -0.748 0.0799, -1.5748 -0.8267 0.0799, -1.5752 -0.8267 0.0799, -1.5748 -0.748 0.0197, -1.4567 -0.748 0.0197, -1.4567 -0.748 0.0, -1.5752 -0.748 0.0, -1.5748 -0.8267 0.0197, -1.5752 -0.8267 0.0, -1.4567 -0.8267 0.0197, -1.4567 -0.8267 0.0, -1.4465 -0.8254 0.0, -1.4465 -0.8254 0.0197, -1.437 -0.8215 0.0, -1.437 -0.8215 0.0197, -1.4289 -0.8152 0.0, -1.4289 -0.8152 0.0197, -1.4226 -0.8071 0.0, -1.4226 -0.8071 0.0197, -1.4187 -0.7976 0.0, -1.4187 -0.7976 0.0197, -1.4174 -0.7874 0.0, -1.4174 -0.7874 0.0197, -1.4187 -0.7772 0.0, -1.4187 -0.7772 0.0197, -1.4226 -0.7677 0.0, -1.4226 -0.7677 0.0197, -1.4289 -0.7595 0.0, -1.4289 -0.7595 0.0197, -1.437 -0.7533 0.0, -1.437 -0.7533 0.0197, -1.4465 -0.7493 0.0, -1.4465 -0.7493 0.0197, -1.5748 -0.9055 0.0799, -1.5752 -0.9055 0.0799, -1.5748 -0.9842 0.0799, -1.5752 -0.9842 0.0799, -1.5748 -0.9055 0.0197, -1.4567 -0.9055 0.0197, -1.4567 -0.9055 0.0, -1.5752 -0.9055 0.0, -1.5748 -0.9842 0.0197, -1.5752 -0.9842 0.0, -1.4567 -0.9842 0.0197, -1.4567 -0.9842 0.0, -1.4465 -0.9829 0.0, -1.4465 -0.9829 0.0197, -1.437 -0.9789 0.0, -1.437 -0.9789 0.0197, -1.4289 -0.9727 0.0, -1.4289 -0.9727 0.0197, -1.4226 -0.9645 0.0, -1.4226 -0.9645 0.0197, -1.4187 -0.955 0.0, -1.4187 -0.955 0.0197, -1.4174 -0.9449 0.0, -1.4174 -0.9449 0.0197, -1.4187 -0.9347 0.0, -1.4187 -0.9347 0.0197, -1.4226 -0.9252 0.0, -1.4226 -0.9252 0.0197, -1.4289 -0.917 0.0, -1.4289 -0.917 0.0197, -1.437 -0.9108 0.0, -1.437 -0.9108 0.0197, -1.4465 -0.9068 0.0, -1.4465 -0.9068 0.0197, -1.5748 -1.063 0.0799, -1.5752 -1.063 0.0799, -1.5748 -1.1417 0.0799, -1.5752 -1.1417 0.0799, -1.5748 -1.063 0.0197, -1.4567 -1.063 0.0197, -1.4567 -1.063 0.0, -1.5752 -1.063 0.0, -1.5748 -1.1417 0.0197, -1.5752 -1.1417 0.0, -1.4567 -1.1417 0.0197, -1.4567 -1.1417 0.0, -1.4465 -1.1404 0.0, -1.4465 -1.1404 0.0197, -1.437 -1.1364 0.0, -1.437 -1.1364 0.0197, -1.4289 -1.1302 0.0, -1.4289 -1.1302 0.0197, -1.4226 -1.122 0.0, -1.4226 -1.122 0.0197, -1.4187 -1.1125 0.0, -1.4187 -1.1125 0.0197, -1.4174 -1.1023 0.0, -1.4174 -1.1023 0.0197, -1.4187 -1.0921 0.0, -1.4187 -1.0921 0.0197, -1.4226 -1.0826 0.0, -1.4226 -1.0826 0.0197, -1.4289 -1.0745 0.0, -1.4289 -1.0745 0.0197, -1.437 -1.0682 0.0, -1.437 -1.0682 0.0197, -1.4465 -1.0643 0.0, -1.4465 -1.0643 0.0197, -1.5748 -1.2204 0.0799, -1.5752 -1.2204 0.0799, -1.5748 -1.2992 0.0799, -1.5752 -1.2992 0.0799, -1.5748 -1.2204 0.0197, -1.4567 -1.2204 0.0197, -1.4567 -1.2204 0.0, -1.5752 -1.2204 0.0, -1.5748 -1.2992 0.0197, -1.5752 -1.2992 0.0, -1.4567 -1.2992 0.0197, -1.4567 -1.2992 0.0, -1.4465 -1.2978 0.0, -1.4465 -1.2978 0.0197, -1.437 -1.2939 0.0, -1.437 -1.2939 0.0197, -1.4289 -1.2877 0.0, -1.4289 -1.2877 0.0197, -1.4226 -1.2795 0.0, -1.4226 -1.2795 0.0197, -1.4187 -1.27 0.0, -1.4187 -1.27 0.0197, -1.4174 -1.2598 0.0, -1.4174 -1.2598 0.0197, -1.4187 -1.2496 0.0, -1.4187 -1.2496 0.0197, -1.4226 -1.2401 0.0, -1.4226 -1.2401 0.0197, -1.4289 -1.232 0.0, -1.4289 -1.232 0.0197, -1.437 -1.2257 0.0, -1.437 -1.2257 0.0197, -1.4465 -1.2218 0.0, -1.4465 -1.2218 0.0197, 1.2992 1.5748 0.0799, 1.2992 1.5752 0.0799, 1.2204 1.5748 0.0799, 1.2204 1.5752 0.0799, 1.2992 1.5748 0.0197, 1.2992 1.4567 0.0197, 1.2992 1.4567 0.0, 1.2992 1.5752 0.0, 1.2204 1.5748 0.0197, 1.2204 1.5752 0.0, 1.2204 1.4567 0.0197, 1.2204 1.4567 0.0, 1.2218 1.4465 0.0, 1.2218 1.4465 0.0197, 1.2257 1.437 0.0, 1.2257 1.437 0.0197, 1.232 1.4289 0.0, 1.232 1.4289 0.0197, 1.2401 1.4226 0.0, 1.2401 1.4226 0.0197, 1.2496 1.4187 0.0, 1.2496 1.4187 0.0197, 1.2598 1.4174 0.0, 1.2598 1.4174 0.0197, 1.27 1.4187 0.0, 1.27 1.4187 0.0197, 1.2795 1.4226 0.0, 1.2795 1.4226 0.0197, 1.2877 1.4289 0.0, 1.2877 1.4289 0.0197, 1.2939 1.437 0.0, 1.2939 1.437 0.0197, 1.2978 1.4465 0.0, 1.2978 1.4465 0.0197, 1.5748 -1.2992 0.0799, 1.5752 -1.2992 0.0799, 1.5748 -1.2204 0.0799, 1.5752 -1.2204 0.0799, 1.5748 -1.2992 0.0197, 1.4567 -1.2992 0.0197, 1.4567 -1.2992 0.0, 1.5752 -1.2992 0.0, 1.5748 -1.2204 0.0197, 1.5752 -1.2204 0.0, 1.4567 -1.2204 0.0197, 1.4567 -1.2204 0.0, 1.4465 -1.2218 0.0, 1.4465 -1.2218 0.0197, 1.437 -1.2257 0.0, 1.437 -1.2257 0.0197, 1.4288 -1.232 0.0, 1.4288 -1.232 0.0197, 1.4226 -1.2401 0.0, 1.4226 -1.2401 0.0197, 1.4186 -1.2496 0.0, 1.4186 -1.2496 0.0197, 1.4173 -1.2598 0.0, 1.4173 -1.2598 0.0197, 1.4186 -1.27 0.0, 1.4186 -1.27 0.0197, 1.4226 -1.2795 0.0, 1.4226 -1.2795 0.0197, 1.4288 -1.2877 0.0, 1.4288 -1.2877 0.0197, 1.437 -1.2939 0.0, 1.437 -1.2939 0.0197, 1.4465 -1.2978 0.0, 1.4465 -1.2978 0.0197, -1.2992 -1.5748 0.0799, -1.2992 -1.5752 0.0799, -1.2205 -1.5748 0.0799, -1.2205 -1.5752 0.0799, -1.2992 -1.5748 0.0197, -1.2992 -1.4567 0.0197, -1.2992 -1.4567 0.0, -1.2992 -1.5752 0.0, -1.2205 -1.5748 0.0197, -1.2205 -1.5752 0.0, -1.2205 -1.4567 0.0197, -1.2205 -1.4567 0.0, -1.2218 -1.4465 0.0, -1.2218 -1.4465 0.0197, -1.2258 -1.437 0.0, -1.2258 -1.437 0.0197, -1.232 -1.4288 0.0, -1.232 -1.4288 0.0197, -1.2402 -1.4226 0.0, -1.2402 -1.4226 0.0197, -1.2497 -1.4186 0.0, -1.2497 -1.4186 0.0197, -1.2599 -1.4173 0.0, -1.2599 -1.4173 0.0197, -1.2701 -1.4186 0.0, -1.2701 -1.4186 0.0197, -1.2796 -1.4226 0.0, -1.2796 -1.4226 0.0197, -1.2877 -1.4288 0.0, -1.2877 -1.4288 0.0197, -1.294 -1.437 0.0, -1.294 -1.437 0.0197, -1.2979 -1.4465 0.0, -1.2979 -1.4465 0.0197, 1.1417 1.5748 0.0799, 1.1417 1.5752 0.0799, 1.063 1.5748 0.0799, 1.063 1.5752 0.0799, 1.1417 1.5748 0.0197, 1.1417 1.4567 0.0197, 1.1417 1.4567 0.0, 1.1417 1.5752 0.0, 1.063 1.5748 0.0197, 1.063 1.5752 0.0, 1.063 1.4567 0.0197, 1.063 1.4567 0.0, 1.0643 1.4465 0.0, 1.0643 1.4465 0.0197, 1.0682 1.437 0.0, 1.0682 1.437 0.0197, 1.0745 1.4289 0.0, 1.0745 1.4289 0.0197, 1.0826 1.4226 0.0, 1.0826 1.4226 0.0197, 1.0921 1.4187 0.0, 1.0921 1.4187 0.0197, 1.1023 1.4174 0.0, 1.1023 1.4174 0.0197, 1.1125 1.4187 0.0, 1.1125 1.4187 0.0197, 1.122 1.4226 0.0, 1.122 1.4226 0.0197, 1.1302 1.4289 0.0, 1.1302 1.4289 0.0197, 1.1364 1.437 0.0, 1.1364 1.437 0.0197, 1.1404 1.4465 0.0, 1.1404 1.4465 0.0197, 0.9842 1.5748 0.0799, 0.9842 1.5752 0.0799, 0.9055 1.5748 0.0799, 0.9055 1.5752 0.0799, 0.9842 1.5748 0.0197, 0.9842 1.4567 0.0197, 0.9842 1.4567 0.0, 0.9842 1.5752 0.0, 0.9055 1.5748 0.0197, 0.9055 1.5752 0.0, 0.9055 1.4567 0.0197, 0.9055 1.4567 0.0, 0.9068 1.4465 0.0, 0.9068 1.4465 0.0197, 0.9108 1.437 0.0, 0.9108 1.437 0.0197, 0.917 1.4289 0.0, 0.917 1.4289 0.0197, 0.9252 1.4226 0.0, 0.9252 1.4226 0.0197, 0.9347 1.4187 0.0, 0.9347 1.4187 0.0197, 0.9449 1.4174 0.0, 0.9449 1.4174 0.0197, 0.955 1.4187 0.0, 0.955 1.4187 0.0197, 0.9645 1.4226 0.0, 0.9645 1.4226 0.0197, 0.9727 1.4289 0.0, 0.9727 1.4289 0.0197, 0.9789 1.437 0.0, 0.9789 1.437 0.0197, 0.9829 1.4465 0.0, 0.9829 1.4465 0.0197, 0.8267 1.5748 0.0799, 0.8267 1.5752 0.0799, 0.748 1.5748 0.0799, 0.748 1.5752 0.0799, 0.8267 1.5748 0.0197, 0.8267 1.4567 0.0197, 0.8267 1.4567 0.0, 0.8267 1.5752 0.0, 0.748 1.5748 0.0197, 0.748 1.5752 0.0, 0.748 1.4567 0.0197, 0.748 1.4567 0.0, 0.7493 1.4465 0.0, 0.7493 1.4465 0.0197, 0.7533 1.437 0.0, 0.7533 1.437 0.0197, 0.7595 1.4289 0.0, 0.7595 1.4289 0.0197, 0.7677 1.4226 0.0, 0.7677 1.4226 0.0197, 0.7772 1.4187 0.0, 0.7772 1.4187 0.0197, 0.7874 1.4174 0.0, 0.7874 1.4174 0.0197, 0.7976 1.4187 0.0, 0.7976 1.4187 0.0197, 0.8071 1.4226 0.0, 0.8071 1.4226 0.0197, 0.8152 1.4289 0.0, 0.8152 1.4289 0.0197, 0.8215 1.437 0.0, 0.8215 1.437 0.0197, 0.8254 1.4465 0.0, 0.8254 1.4465 0.0197, 0.6693 1.5748 0.0799, 0.6693 1.5752 0.0799, 0.5905 1.5748 0.0799, 0.5905 1.5752 0.0799, 0.6693 1.5748 0.0197, 0.6693 1.4567 0.0197, 0.6693 1.4567 0.0, 0.6693 1.5752 0.0, 0.5905 1.5748 0.0197, 0.5905 1.5752 0.0, 0.5905 1.4567 0.0197, 0.5905 1.4567 0.0, 0.5919 1.4465 0.0, 0.5919 1.4465 0.0197, 0.5958 1.437 0.0, 0.5958 1.437 0.0197, 0.6021 1.4289 0.0, 0.6021 1.4289 0.0197, 0.6102 1.4226 0.0, 0.6102 1.4226 0.0197, 0.6197 1.4187 0.0, 0.6197 1.4187 0.0197, 0.6299 1.4174 0.0, 0.6299 1.4174 0.0197, 0.6401 1.4187 0.0, 0.6401 1.4187 0.0197, 0.6496 1.4226 0.0, 0.6496 1.4226 0.0197, 0.6577 1.4289 0.0, 0.6577 1.4289 0.0197, 0.664 1.437 0.0, 0.664 1.437 0.0197, 0.6679 1.4465 0.0, 0.6679 1.4465 0.0197, 0.5118 1.5748 0.0799, 0.5118 1.5752 0.0799, 0.433 1.5748 0.0799, 0.433 1.5752 0.0799, 0.5118 1.5748 0.0197, 0.5118 1.4567 0.0197, 0.5118 1.4567 0.0, 0.5118 1.5752 0.0, 0.433 1.5748 0.0197, 0.433 1.5752 0.0, 0.433 1.4567 0.0197, 0.433 1.4567 0.0, 0.4344 1.4465 0.0, 0.4344 1.4465 0.0197, 0.4383 1.437 0.0, 0.4383 1.437 0.0197, 0.4446 1.4289 0.0, 0.4446 1.4289 0.0197, 0.4527 1.4226 0.0, 0.4527 1.4226 0.0197, 0.4622 1.4187 0.0, 0.4622 1.4187 0.0197, 0.4724 1.4174 0.0, 0.4724 1.4174 0.0197, 0.4826 1.4187 0.0, 0.4826 1.4187 0.0197, 0.4921 1.4226 0.0, 0.4921 1.4226 0.0197, 0.5002 1.4289 0.0, 0.5002 1.4289 0.0197, 0.5065 1.437 0.0, 0.5065 1.437 0.0197, 0.5104 1.4465 0.0, 0.5104 1.4465 0.0197, 0.3543 1.5748 0.0799, 0.3543 1.5752 0.0799, 0.2756 1.5748 0.0799, 0.2756 1.5752 0.0799, 0.3543 1.5748 0.0197, 0.3543 1.4567 0.0197, 0.3543 1.4567 0.0, 0.3543 1.5752 0.0, 0.2756 1.5748 0.0197, 0.2756 1.5752 0.0, 0.2756 1.4567 0.0197, 0.2756 1.4567 0.0, 0.2769 1.4465 0.0, 0.2769 1.4465 0.0197, 0.2808 1.437 0.0, 0.2808 1.437 0.0197, 0.2871 1.4289 0.0, 0.2871 1.4289 0.0197, 0.2952 1.4226 0.0, 0.2952 1.4226 0.0197, 0.3047 1.4187 0.0, 0.3047 1.4187 0.0197, 0.3149 1.4174 0.0, 0.3149 1.4174 0.0197, 0.3251 1.4187 0.0, 0.3251 1.4187 0.0197, 0.3346 1.4226 0.0, 0.3346 1.4226 0.0197, 0.3428 1.4289 0.0, 0.3428 1.4289 0.0197, 0.349 1.437 0.0, 0.349 1.437 0.0197, 0.353 1.4465 0.0, 0.353 1.4465 0.0197, 0.1968 1.5748 0.0799, 0.1968 1.5752 0.0799, 0.1181 1.5748 0.0799, 0.1181 1.5752 0.0799, 0.1968 1.5748 0.0197, 0.1968 1.4567 0.0197, 0.1968 1.4567 0.0, 0.1968 1.5752 0.0, 0.1181 1.5748 0.0197, 0.1181 1.5752 0.0, 0.1181 1.4567 0.0197, 0.1181 1.4567 0.0, 0.1194 1.4465 0.0, 0.1194 1.4465 0.0197, 0.1234 1.437 0.0, 0.1234 1.437 0.0197, 0.1296 1.4289 0.0, 0.1296 1.4289 0.0197, 0.1378 1.4226 0.0, 0.1378 1.4226 0.0197, 0.1473 1.4187 0.0, 0.1473 1.4187 0.0197, 0.1575 1.4174 0.0, 0.1575 1.4174 0.0197, 0.1676 1.4187 0.0, 0.1676 1.4187 0.0197, 0.1771 1.4226 0.0, 0.1771 1.4226 0.0197, 0.1853 1.4289 0.0, 0.1853 1.4289 0.0197, 0.1915 1.437 0.0, 0.1915 1.437 0.0197, 0.1955 1.4465 0.0, 0.1955 1.4465 0.0197, 0.0393 1.5748 0.0799, 0.0393 1.5752 0.0799, -0.0394 1.5748 0.0799, -0.0394 1.5752 0.0799, 0.0393 1.5748 0.0197, 0.0393 1.4567 0.0197, 0.0393 1.4567 0.0, 0.0393 1.5752 0.0, -0.0394 1.5748 0.0197, -0.0394 1.5752 0.0, -0.0394 1.4567 0.0197, -0.0394 1.4567 0.0, -0.0381 1.4465 0.0, -0.0381 1.4465 0.0197, -0.0341 1.437 0.0, -0.0341 1.437 0.0197, -0.0279 1.4289 0.0, -0.0279 1.4289 0.0197, -0.0197 1.4226 0.0, -0.0197 1.4226 0.0197, -0.0102 1.4187 0.0, -0.0102 1.4187 0.0197, -0.0 1.4174 0.0, -0.0 1.4174 0.0197, 0.0102 1.4187 0.0, 0.0102 1.4187 0.0197, 0.0197 1.4226 0.0, 0.0197 1.4226 0.0197, 0.0278 1.4289 0.0, 0.0278 1.4289 0.0197, 0.0341 1.437 0.0, 0.0341 1.437 0.0197, 0.038 1.4465 0.0, 0.038 1.4465 0.0197, -0.1181 1.5748 0.0799, -0.1181 1.5752 0.0799, -0.1969 1.5748 0.0799, -0.1969 1.5752 0.0799, -0.1181 1.5748 0.0197, -0.1181 1.4567 0.0197, -0.1181 1.4567 0.0, -0.1181 1.5752 0.0, -0.1969 1.5748 0.0197, -0.1969 1.5752 0.0, -0.1969 1.4567 0.0197, -0.1969 1.4567 0.0, -0.1955 1.4465 0.0, -0.1955 1.4465 0.0197, -0.1916 1.437 0.0, -0.1916 1.437 0.0197, -0.1853 1.4289 0.0, -0.1853 1.4289 0.0197, -0.1772 1.4226 0.0, -0.1772 1.4226 0.0197, -0.1677 1.4187 0.0, -0.1677 1.4187 0.0197, -0.1575 1.4174 0.0, -0.1575 1.4174 0.0197, -0.1473 1.4187 0.0, -0.1473 1.4187 0.0197, -0.1378 1.4226 0.0, -0.1378 1.4226 0.0197, -0.1297 1.4289 0.0, -0.1297 1.4289 0.0197, -0.1234 1.437 0.0, -0.1234 1.437 0.0197, -0.1195 1.4465 0.0, -0.1195 1.4465 0.0197, -0.2756 1.5748 0.0799, -0.2756 1.5752 0.0799, -0.3544 1.5748 0.0799, -0.3544 1.5752 0.0799, -0.2756 1.5748 0.0197, -0.2756 1.4567 0.0197, -0.2756 1.4567 0.0, -0.2756 1.5752 0.0, -0.3544 1.5748 0.0197, -0.3544 1.5752 0.0, -0.3544 1.4567 0.0197, -0.3544 1.4567 0.0, -0.353 1.4465 0.0, -0.353 1.4465 0.0197, -0.3491 1.437 0.0, -0.3491 1.437 0.0197, -0.3428 1.4289 0.0, -0.3428 1.4289 0.0197, -0.3347 1.4226 0.0, -0.3347 1.4226 0.0197, -0.3252 1.4187 0.0, -0.3252 1.4187 0.0197, -0.315 1.4174 0.0, -0.315 1.4174 0.0197, -0.3048 1.4187 0.0, -0.3048 1.4187 0.0197, -0.2953 1.4226 0.0, -0.2953 1.4226 0.0197, -0.2872 1.4289 0.0, -0.2872 1.4289 0.0197, -0.2809 1.437 0.0, -0.2809 1.437 0.0197, -0.277 1.4465 0.0, -0.277 1.4465 0.0197, -0.4331 1.5748 0.0799, -0.4331 1.5752 0.0799, -0.5118 1.5748 0.0799, -0.5118 1.5752 0.0799, -0.4331 1.5748 0.0197, -0.4331 1.4567 0.0197, -0.4331 1.4567 0.0, -0.4331 1.5752 0.0, -0.5118 1.5748 0.0197, -0.5118 1.5752 0.0, -0.5118 1.4567 0.0197, -0.5118 1.4567 0.0, -0.5105 1.4465 0.0, -0.5105 1.4465 0.0197, -0.5066 1.437 0.0, -0.5066 1.437 0.0197, -0.5003 1.4289 0.0, -0.5003 1.4289 0.0197, -0.4922 1.4226 0.0, -0.4922 1.4226 0.0197, -0.4827 1.4187 0.0, -0.4827 1.4187 0.0197, -0.4725 1.4174 0.0, -0.4725 1.4174 0.0197, -0.4623 1.4187 0.0, -0.4623 1.4187 0.0197, -0.4528 1.4226 0.0, -0.4528 1.4226 0.0197, -0.4446 1.4289 0.0, -0.4446 1.4289 0.0197, -0.4384 1.437 0.0, -0.4384 1.437 0.0197, -0.4344 1.4465 0.0, -0.4344 1.4465 0.0197, -0.5906 1.5748 0.0799, -0.5906 1.5752 0.0799, -0.6693 1.5748 0.0799, -0.6693 1.5752 0.0799, -0.5906 1.5748 0.0197, -0.5906 1.4567 0.0197, -0.5906 1.4567 0.0, -0.5906 1.5752 0.0, -0.6693 1.5748 0.0197, -0.6693 1.5752 0.0, -0.6693 1.4567 0.0197, -0.6693 1.4567 0.0, -0.668 1.4465 0.0, -0.668 1.4465 0.0197, -0.664 1.437 0.0, -0.664 1.437 0.0197, -0.6578 1.4289 0.0, -0.6578 1.4289 0.0197, -0.6496 1.4226 0.0, -0.6496 1.4226 0.0197, -0.6401 1.4187 0.0, -0.6401 1.4187 0.0197, -0.63 1.4174 0.0, -0.63 1.4174 0.0197, -0.6198 1.4187 0.0, -0.6198 1.4187 0.0197, -0.6103 1.4226 0.0, -0.6103 1.4226 0.0197, -0.6021 1.4289 0.0, -0.6021 1.4289 0.0197, -0.5959 1.437 0.0, -0.5959 1.437 0.0197, -0.5919 1.4465 0.0, -0.5919 1.4465 0.0197, -0.7481 1.5748 0.0799, -0.7481 1.5752 0.0799, -0.8268 1.5748 0.0799, -0.8268 1.5752 0.0799, -0.7481 1.5748 0.0197, -0.7481 1.4567 0.0197, -0.7481 1.4567 0.0, -0.7481 1.5752 0.0, -0.8268 1.5748 0.0197, -0.8268 1.5752 0.0, -0.8268 1.4567 0.0197, -0.8268 1.4567 0.0, -0.8255 1.4465 0.0, -0.8255 1.4465 0.0197, -0.8215 1.437 0.0, -0.8215 1.437 0.0197, -0.8153 1.4289 0.0, -0.8153 1.4289 0.0197, -0.8071 1.4226 0.0, -0.8071 1.4226 0.0197, -0.7976 1.4187 0.0, -0.7976 1.4187 0.0197, -0.7874 1.4174 0.0, -0.7874 1.4174 0.0197, -0.7772 1.4187 0.0, -0.7772 1.4187 0.0197, -0.7677 1.4226 0.0, -0.7677 1.4226 0.0197, -0.7596 1.4289 0.0, -0.7596 1.4289 0.0197, -0.7533 1.437 0.0, -0.7533 1.437 0.0197, -0.7494 1.4465 0.0, -0.7494 1.4465 0.0197, -0.9055 1.5748 0.0799, -0.9055 1.5752 0.0799, -0.9843 1.5748 0.0799, -0.9843 1.5752 0.0799, -0.9055 1.5748 0.0197, -0.9055 1.4567 0.0197, -0.9055 1.4567 0.0, -0.9055 1.5752 0.0, -0.9843 1.5748 0.0197, -0.9843 1.5752 0.0, -0.9843 1.4567 0.0197, -0.9843 1.4567 0.0, -0.9829 1.4465 0.0, -0.9829 1.4465 0.0197, -0.979 1.437 0.0, -0.979 1.437 0.0197, -0.9728 1.4289 0.0, -0.9728 1.4289 0.0197, -0.9646 1.4226 0.0, -0.9646 1.4226 0.0197, -0.9551 1.4187 0.0, -0.9551 1.4187 0.0197, -0.9449 1.4174 0.0, -0.9449 1.4174 0.0197, -0.9347 1.4187 0.0, -0.9347 1.4187 0.0197, -0.9252 1.4226 0.0, -0.9252 1.4226 0.0197, -0.9171 1.4289 0.0, -0.9171 1.4289 0.0197, -0.9108 1.437 0.0, -0.9108 1.437 0.0197, -0.9069 1.4465 0.0, -0.9069 1.4465 0.0197, -1.063 1.5748 0.0799, -1.063 1.5752 0.0799, -1.1418 1.5748 0.0799, -1.1418 1.5752 0.0799, -1.063 1.5748 0.0197, -1.063 1.4567 0.0197, -1.063 1.4567 0.0, -1.063 1.5752 0.0, -1.1418 1.5748 0.0197, -1.1418 1.5752 0.0, -1.1418 1.4567 0.0197, -1.1418 1.4567 0.0, -1.1404 1.4465 0.0, -1.1404 1.4465 0.0197, -1.1365 1.437 0.0, -1.1365 1.437 0.0197, -1.1302 1.4289 0.0, -1.1302 1.4289 0.0197, -1.1221 1.4226 0.0, -1.1221 1.4226 0.0197, -1.1126 1.4187 0.0, -1.1126 1.4187 0.0197, -1.1024 1.4174 0.0, -1.1024 1.4174 0.0197, -1.0922 1.4187 0.0, -1.0922 1.4187 0.0197, -1.0827 1.4226 0.0, -1.0827 1.4226 0.0197, -1.0746 1.4289 0.0, -1.0746 1.4289 0.0197, -1.0683 1.437 0.0, -1.0683 1.437 0.0197, -1.0644 1.4465 0.0, -1.0644 1.4465 0.0197, -1.2205 1.5748 0.0799, -1.2205 1.5752 0.0799, -1.2992 1.5748 0.0799, -1.2992 1.5752 0.0799, -1.2205 1.5748 0.0197, -1.2205 1.4567 0.0197, -1.2205 1.4567 0.0, -1.2205 1.5752 0.0, -1.2992 1.5748 0.0197, -1.2992 1.5752 0.0, -1.2992 1.4567 0.0197, -1.2992 1.4567 0.0, -1.2979 1.4465 0.0, -1.2979 1.4465 0.0197, -1.294 1.437 0.0, -1.294 1.437 0.0197, -1.2877 1.4289 0.0, -1.2877 1.4289 0.0197, -1.2796 1.4226 0.0, -1.2796 1.4226 0.0197, -1.2701 1.4187 0.0, -1.2701 1.4187 0.0197, -1.2599 1.4174 0.0, -1.2599 1.4174 0.0197, -1.2497 1.4187 0.0, -1.2497 1.4187 0.0197, -1.2402 1.4226 0.0, -1.2402 1.4226 0.0197, -1.232 1.4289 0.0, -1.232 1.4289 0.0197, -1.2258 1.437 0.0, -1.2258 1.437 0.0197, -1.2218 1.4465 0.0, -1.2218 1.4465 0.0197, 1.5748 -1.1417 0.0799, 1.5752 -1.1417 0.0799, 1.5748 -1.063 0.0799, 1.5752 -1.063 0.0799, 1.5748 -1.1417 0.0197, 1.4567 -1.1417 0.0197, 1.4567 -1.1417 0.0, 1.5752 -1.1417 0.0, 1.5748 -1.063 0.0197, 1.5752 -1.063 0.0, 1.4567 -1.063 0.0197, 1.4567 -1.063 0.0, 1.4465 -1.0643 0.0, 1.4465 -1.0643 0.0197, 1.437 -1.0682 0.0, 1.437 -1.0682 0.0197, 1.4288 -1.0745 0.0, 1.4288 -1.0745 0.0197, 1.4226 -1.0826 0.0, 1.4226 -1.0826 0.0197, 1.4186 -1.0921 0.0, 1.4186 -1.0921 0.0197, 1.4173 -1.1023 0.0, 1.4173 -1.1023 0.0197, 1.4186 -1.1125 0.0, 1.4186 -1.1125 0.0197, 1.4226 -1.122 0.0, 1.4226 -1.122 0.0197, 1.4288 -1.1302 0.0, 1.4288 -1.1302 0.0197, 1.437 -1.1364 0.0, 1.437 -1.1364 0.0197, 1.4465 -1.1404 0.0, 1.4465 -1.1404 0.0197, 1.5748 -0.9842 0.0799, 1.5752 -0.9842 0.0799, 1.5748 -0.9055 0.0799, 1.5752 -0.9055 0.0799, 1.5748 -0.9842 0.0197, 1.4567 -0.9842 0.0197, 1.4567 -0.9842 0.0, 1.5752 -0.9842 0.0, 1.5748 -0.9055 0.0197, 1.5752 -0.9055 0.0, 1.4567 -0.9055 0.0197, 1.4567 -0.9055 0.0, 1.4465 -0.9068 0.0, 1.4465 -0.9068 0.0197, 1.437 -0.9108 0.0, 1.437 -0.9108 0.0197, 1.4288 -0.917 0.0, 1.4288 -0.917 0.0197, 1.4226 -0.9252 0.0, 1.4226 -0.9252 0.0197, 1.4186 -0.9347 0.0, 1.4186 -0.9347 0.0197, 1.4173 -0.9449 0.0, 1.4173 -0.9449 0.0197, 1.4186 -0.955 0.0, 1.4186 -0.955 0.0197, 1.4226 -0.9645 0.0, 1.4226 -0.9645 0.0197, 1.4288 -0.9727 0.0, 1.4288 -0.9727 0.0197, 1.437 -0.9789 0.0, 1.437 -0.9789 0.0197, 1.4465 -0.9829 0.0, 1.4465 -0.9829 0.0197, 1.5748 -0.8267 0.0799, 1.5752 -0.8267 0.0799, 1.5748 -0.748 0.0799, 1.5752 -0.748 0.0799, 1.5748 -0.8267 0.0197, 1.4567 -0.8267 0.0197, 1.4567 -0.8267 0.0, 1.5752 -0.8267 0.0, 1.5748 -0.748 0.0197, 1.5752 -0.748 0.0, 1.4567 -0.748 0.0197, 1.4567 -0.748 0.0, 1.4465 -0.7493 0.0, 1.4465 -0.7493 0.0197, 1.437 -0.7533 0.0, 1.437 -0.7533 0.0197, 1.4288 -0.7595 0.0, 1.4288 -0.7595 0.0197, 1.4226 -0.7677 0.0, 1.4226 -0.7677 0.0197, 1.4186 -0.7772 0.0, 1.4186 -0.7772 0.0197, 1.4173 -0.7874 0.0, 1.4173 -0.7874 0.0197, 1.4186 -0.7976 0.0, 1.4186 -0.7976 0.0197, 1.4226 -0.8071 0.0, 1.4226 -0.8071 0.0197, 1.4288 -0.8152 0.0, 1.4288 -0.8152 0.0197, 1.437 -0.8215 0.0, 1.437 -0.8215 0.0197, 1.4465 -0.8254 0.0, 1.4465 -0.8254 0.0197, 1.5748 -0.6693 0.0799, 1.5752 -0.6693 0.0799, 1.5748 -0.5905 0.0799, 1.5752 -0.5905 0.0799, 1.5748 -0.6693 0.0197, 1.4567 -0.6693 0.0197, 1.4567 -0.6693 0.0, 1.5752 -0.6693 0.0, 1.5748 -0.5905 0.0197, 1.5752 -0.5905 0.0, 1.4567 -0.5905 0.0197, 1.4567 -0.5905 0.0, 1.4465 -0.5919 0.0, 1.4465 -0.5919 0.0197, 1.437 -0.5958 0.0, 1.437 -0.5958 0.0197, 1.4288 -0.6021 0.0, 1.4288 -0.6021 0.0197, 1.4226 -0.6102 0.0, 1.4226 -0.6102 0.0197, 1.4186 -0.6197 0.0, 1.4186 -0.6197 0.0197, 1.4173 -0.6299 0.0, 1.4173 -0.6299 0.0197, 1.4186 -0.6401 0.0, 1.4186 -0.6401 0.0197, 1.4226 -0.6496 0.0, 1.4226 -0.6496 0.0197, 1.4288 -0.6577 0.0, 1.4288 -0.6577 0.0197, 1.437 -0.664 0.0, 1.437 -0.664 0.0197, 1.4465 -0.6679 0.0, 1.4465 -0.6679 0.0197, 1.5748 -0.5118 0.0799, 1.5752 -0.5118 0.0799, 1.5748 -0.433 0.0799, 1.5752 -0.433 0.0799, 1.5748 -0.5118 0.0197, 1.4567 -0.5118 0.0197, 1.4567 -0.5118 0.0, 1.5752 -0.5118 0.0, 1.5748 -0.433 0.0197, 1.5752 -0.433 0.0, 1.4567 -0.433 0.0197, 1.4567 -0.433 0.0, 1.4465 -0.4344 0.0, 1.4465 -0.4344 0.0197, 1.437 -0.4383 0.0, 1.437 -0.4383 0.0197, 1.4288 -0.4446 0.0, 1.4288 -0.4446 0.0197, 1.4226 -0.4527 0.0, 1.4226 -0.4527 0.0197, 1.4186 -0.4622 0.0, 1.4186 -0.4622 0.0197, 1.4173 -0.4724 0.0, 1.4173 -0.4724 0.0197, 1.4186 -0.4826 0.0, 1.4186 -0.4826 0.0197, 1.4226 -0.4921 0.0, 1.4226 -0.4921 0.0197, 1.4288 -0.5002 0.0, 1.4288 -0.5002 0.0197, 1.437 -0.5065 0.0, 1.437 -0.5065 0.0197, 1.4465 -0.5104 0.0, 1.4465 -0.5104 0.0197, 1.5748 -0.3543 0.0799, 1.5752 -0.3543 0.0799, 1.5748 -0.2756 0.0799, 1.5752 -0.2756 0.0799, 1.5748 -0.3543 0.0197, 1.4567 -0.3543 0.0197, 1.4567 -0.3543 0.0, 1.5752 -0.3543 0.0, 1.5748 -0.2756 0.0197, 1.5752 -0.2756 0.0, 1.4567 -0.2756 0.0197, 1.4567 -0.2756 0.0, 1.4465 -0.2769 0.0, 1.4465 -0.2769 0.0197, 1.437 -0.2808 0.0, 1.437 -0.2808 0.0197, 1.4288 -0.2871 0.0, 1.4288 -0.2871 0.0197, 1.4226 -0.2952 0.0, 1.4226 -0.2952 0.0197, 1.4186 -0.3047 0.0, 1.4186 -0.3047 0.0197, 1.4173 -0.3149 0.0, 1.4173 -0.3149 0.0197, 1.4186 -0.3251 0.0, 1.4186 -0.3251 0.0197, 1.4226 -0.3346 0.0, 1.4226 -0.3346 0.0197, 1.4288 -0.3428 0.0, 1.4288 -0.3428 0.0197, 1.437 -0.349 0.0, 1.437 -0.349 0.0197, 1.4465 -0.353 0.0, 1.4465 -0.353 0.0197, 1.5748 -0.1968 0.0799, 1.5752 -0.1968 0.0799, 1.5748 -0.1181 0.0799, 1.5752 -0.1181 0.0799, 1.5748 -0.1968 0.0197, 1.4567 -0.1968 0.0197, 1.4567 -0.1968 0.0, 1.5752 -0.1968 0.0, 1.5748 -0.1181 0.0197, 1.5752 -0.1181 0.0, 1.4567 -0.1181 0.0197, 1.4567 -0.1181 0.0, 1.4465 -0.1194 0.0, 1.4465 -0.1194 0.0197, 1.437 -0.1234 0.0, 1.437 -0.1234 0.0197, 1.4288 -0.1296 0.0, 1.4288 -0.1296 0.0197, 1.4226 -0.1378 0.0, 1.4226 -0.1378 0.0197, 1.4186 -0.1473 0.0, 1.4186 -0.1473 0.0197, 1.4173 -0.1575 0.0, 1.4173 -0.1575 0.0197, 1.4186 -0.1676 0.0, 1.4186 -0.1676 0.0197, 1.4226 -0.1771 0.0, 1.4226 -0.1771 0.0197, 1.4288 -0.1853 0.0, 1.4288 -0.1853 0.0197, 1.437 -0.1915 0.0, 1.437 -0.1915 0.0197, 1.4465 -0.1955 0.0, 1.4465 -0.1955 0.0197, 1.5748 -0.0393 0.0799, 1.5752 -0.0393 0.0799, 1.5748 0.0394 0.0799, 1.5752 0.0394 0.0799, 1.5748 -0.0393 0.0197, 1.4567 -0.0393 0.0197, 1.4567 -0.0393 0.0, 1.5752 -0.0393 0.0, 1.5748 0.0394 0.0197, 1.5752 0.0394 0.0, 1.4567 0.0394 0.0197, 1.4567 0.0394 0.0, 1.4465 0.0381 0.0, 1.4465 0.0381 0.0197, 1.437 0.0341 0.0, 1.437 0.0341 0.0197, 1.4288 0.0279 0.0, 1.4288 0.0279 0.0197, 1.4226 0.0197 0.0, 1.4226 0.0197 0.0197, 1.4186 0.0102 0.0, 1.4186 0.0102 0.0197, 1.4173 0.0 0.0, 1.4173 0.0 0.0197, 1.4186 -0.0102 0.0, 1.4186 -0.0102 0.0197, 1.4226 -0.0197 0.0, 1.4226 -0.0197 0.0197, 1.4288 -0.0278 0.0, 1.4288 -0.0278 0.0197, 1.437 -0.0341 0.0, 1.437 -0.0341 0.0197, 1.4465 -0.038 0.0, 1.4465 -0.038 0.0197, 1.5748 0.1181 0.0799, 1.5752 0.1181 0.0799, 1.5748 0.1969 0.0799, 1.5752 0.1969 0.0799, 1.5748 0.1181 0.0197, 1.4567 0.1181 0.0197, 1.4567 0.1181 0.0, 1.5752 0.1181 0.0, 1.5748 0.1969 0.0197, 1.5752 0.1969 0.0, 1.4567 0.1969 0.0197, 1.4567 0.1969 0.0, 1.4465 0.1955 0.0, 1.4465 0.1955 0.0197, 1.437 0.1916 0.0, 1.437 0.1916 0.0197, 1.4288 0.1853 0.0, 1.4288 0.1853 0.0197, 1.4226 0.1772 0.0, 1.4226 0.1772 0.0197, 1.4186 0.1677 0.0, 1.4186 0.1677 0.0197, 1.4173 0.1575 0.0, 1.4173 0.1575 0.0197, 1.4186 0.1473 0.0, 1.4186 0.1473 0.0197, 1.4226 0.1378 0.0, 1.4226 0.1378 0.0197, 1.4288 0.1297 0.0, 1.4288 0.1297 0.0197, 1.437 0.1234 0.0, 1.437 0.1234 0.0197, 1.4465 0.1195 0.0, 1.4465 0.1195 0.0197, 1.5748 0.2756 0.0799, 1.5752 0.2756 0.0799, 1.5748 0.3544 0.0799, 1.5752 0.3544 0.0799, 1.5748 0.2756 0.0197, 1.4567 0.2756 0.0197, 1.4567 0.2756 0.0, 1.5752 0.2756 0.0, 1.5748 0.3544 0.0197, 1.5752 0.3544 0.0, 1.4567 0.3544 0.0197, 1.4567 0.3544 0.0, 1.4465 0.353 0.0, 1.4465 0.353 0.0197, 1.437 0.3491 0.0, 1.437 0.3491 0.0197, 1.4288 0.3428 0.0, 1.4288 0.3428 0.0197, 1.4226 0.3347 0.0, 1.4226 0.3347 0.0197, 1.4186 0.3252 0.0, 1.4186 0.3252 0.0197, 1.4173 0.315 0.0, 1.4173 0.315 0.0197, 1.4186 0.3048 0.0, 1.4186 0.3048 0.0197, 1.4226 0.2953 0.0, 1.4226 0.2953 0.0197, 1.4288 0.2872 0.0, 1.4288 0.2872 0.0197, 1.437 0.2809 0.0, 1.437 0.2809 0.0197, 1.4465 0.277 0.0, 1.4465 0.277 0.0197, 1.5748 0.4331 0.0799, 1.5752 0.4331 0.0799, 1.5748 0.5118 0.0799, 1.5752 0.5118 0.0799, 1.5748 0.4331 0.0197, 1.4567 0.4331 0.0197, 1.4567 0.4331 0.0, 1.5752 0.4331 0.0, 1.5748 0.5118 0.0197, 1.5752 0.5118 0.0, 1.4567 0.5118 0.0197, 1.4567 0.5118 0.0, 1.4465 0.5105 0.0, 1.4465 0.5105 0.0197, 1.437 0.5066 0.0, 1.437 0.5066 0.0197, 1.4288 0.5003 0.0, 1.4288 0.5003 0.0197, 1.4226 0.4922 0.0, 1.4226 0.4922 0.0197, 1.4186 0.4827 0.0, 1.4186 0.4827 0.0197, 1.4173 0.4725 0.0, 1.4173 0.4725 0.0197, 1.4186 0.4623 0.0, 1.4186 0.4623 0.0197, 1.4226 0.4528 0.0, 1.4226 0.4528 0.0197, 1.4288 0.4446 0.0, 1.4288 0.4446 0.0197, 1.437 0.4384 0.0, 1.437 0.4384 0.0197, 1.4465 0.4344 0.0, 1.4465 0.4344 0.0197, 1.5748 0.5906 0.0799, 1.5752 0.5906 0.0799, 1.5748 0.6693 0.0799, 1.5752 0.6693 0.0799, 1.5748 0.5906 0.0197, 1.4567 0.5906 0.0197, 1.4567 0.5906 0.0, 1.5752 0.5906 0.0, 1.5748 0.6693 0.0197, 1.5752 0.6693 0.0, 1.4567 0.6693 0.0197, 1.4567 0.6693 0.0, 1.4465 0.668 0.0, 1.4465 0.668 0.0197, 1.437 0.664 0.0, 1.437 0.664 0.0197, 1.4288 0.6578 0.0, 1.4288 0.6578 0.0197, 1.4226 0.6496 0.0, 1.4226 0.6496 0.0197, 1.4186 0.6401 0.0, 1.4186 0.6401 0.0197, 1.4173 0.63 0.0, 1.4173 0.63 0.0197, 1.4186 0.6198 0.0, 1.4186 0.6198 0.0197, 1.4226 0.6103 0.0, 1.4226 0.6103 0.0197, 1.4288 0.6021 0.0, 1.4288 0.6021 0.0197, 1.437 0.5959 0.0, 1.437 0.5959 0.0197, 1.4465 0.5919 0.0, 1.4465 0.5919 0.0197, 1.5748 0.7481 0.0799, 1.5752 0.7481 0.0799, 1.5748 0.8268 0.0799, 1.5752 0.8268 0.0799, 1.5748 0.7481 0.0197, 1.4567 0.7481 0.0197, 1.4567 0.7481 0.0, 1.5752 0.7481 0.0, 1.5748 0.8268 0.0197, 1.5752 0.8268 0.0, 1.4567 0.8268 0.0197, 1.4567 0.8268 0.0, 1.4465 0.8255 0.0, 1.4465 0.8255 0.0197, 1.437 0.8215 0.0, 1.437 0.8215 0.0197, 1.4288 0.8153 0.0, 1.4288 0.8153 0.0197, 1.4226 0.8071 0.0, 1.4226 0.8071 0.0197, 1.4186 0.7976 0.0, 1.4186 0.7976 0.0197, 1.4173 0.7874 0.0, 1.4173 0.7874 0.0197, 1.4186 0.7772 0.0, 1.4186 0.7772 0.0197, 1.4226 0.7677 0.0, 1.4226 0.7677 0.0197, 1.4288 0.7596 0.0, 1.4288 0.7596 0.0197, 1.437 0.7533 0.0, 1.437 0.7533 0.0197, 1.4465 0.7494 0.0, 1.4465 0.7494 0.0197, 1.5748 0.9055 0.0799, 1.5752 0.9055 0.0799, 1.5748 0.9843 0.0799, 1.5752 0.9843 0.0799, 1.5748 0.9055 0.0197, 1.4567 0.9055 0.0197, 1.4567 0.9055 0.0, 1.5752 0.9055 0.0, 1.5748 0.9843 0.0197, 1.5752 0.9843 0.0, 1.4567 0.9843 0.0197, 1.4567 0.9843 0.0, 1.4465 0.9829 0.0, 1.4465 0.9829 0.0197, 1.437 0.979 0.0, 1.437 0.979 0.0197, 1.4288 0.9728 0.0, 1.4288 0.9728 0.0197, 1.4226 0.9646 0.0, 1.4226 0.9646 0.0197, 1.4186 0.9551 0.0, 1.4186 0.9551 0.0197, 1.4173 0.9449 0.0, 1.4173 0.9449 0.0197, 1.4186 0.9347 0.0, 1.4186 0.9347 0.0197, 1.4226 0.9252 0.0, 1.4226 0.9252 0.0197, 1.4288 0.9171 0.0, 1.4288 0.9171 0.0197, 1.437 0.9108 0.0, 1.437 0.9108 0.0197, 1.4465 0.9069 0.0, 1.4465 0.9069 0.0197, 1.5748 1.063 0.0799, 1.5752 1.063 0.0799, 1.5748 1.1418 0.0799, 1.5752 1.1418 0.0799, 1.5748 1.063 0.0197, 1.4567 1.063 0.0197, 1.4567 1.063 0.0, 1.5752 1.063 0.0, 1.5748 1.1418 0.0197, 1.5752 1.1418 0.0, 1.4567 1.1418 0.0197, 1.4567 1.1418 0.0, 1.4465 1.1404 0.0, 1.4465 1.1404 0.0197, 1.437 1.1365 0.0, 1.437 1.1365 0.0197, 1.4288 1.1302 0.0, 1.4288 1.1302 0.0197, 1.4226 1.1221 0.0, 1.4226 1.1221 0.0197, 1.4186 1.1126 0.0, 1.4186 1.1126 0.0197, 1.4173 1.1024 0.0, 1.4173 1.1024 0.0197, 1.4186 1.0922 0.0, 1.4186 1.0922 0.0197, 1.4226 1.0827 0.0, 1.4226 1.0827 0.0197, 1.4288 1.0746 0.0, 1.4288 1.0746 0.0197, 1.437 1.0683 0.0, 1.437 1.0683 0.0197, 1.4465 1.0644 0.0, 1.4465 1.0644 0.0197, 1.5748 1.2205 0.0799, 1.5752 1.2205 0.0799, 1.5748 1.2992 0.0799, 1.5752 1.2992 0.0799, 1.5748 1.2205 0.0197, 1.4567 1.2205 0.0197, 1.4567 1.2205 0.0, 1.5752 1.2205 0.0, 1.5748 1.2992 0.0197, 1.5752 1.2992 0.0, 1.4567 1.2992 0.0197, 1.4567 1.2992 0.0, 1.4465 1.2979 0.0, 1.4465 1.2979 0.0197, 1.437 1.294 0.0, 1.437 1.294 0.0197, 1.4288 1.2877 0.0, 1.4288 1.2877 0.0197, 1.4226 1.2796 0.0, 1.4226 1.2796 0.0197, 1.4186 1.2701 0.0, 1.4186 1.2701 0.0197, 1.4173 1.2599 0.0, 1.4173 1.2599 0.0197, 1.4186 1.2497 0.0, 1.4186 1.2497 0.0197, 1.4226 1.2402 0.0, 1.4226 1.2402 0.0197, 1.4288 1.232 0.0, 1.4288 1.232 0.0197, 1.437 1.2258 0.0, 1.437 1.2258 0.0197, 1.4465 1.2218 0.0, 1.4465 1.2218 0.0197, -1.1418 -1.5748 0.0799, -1.1418 -1.5752 0.0799, -1.063 -1.5748 0.0799, -1.063 -1.5752 0.0799, -1.1418 -1.5748 0.0197, -1.1418 -1.4567 0.0197, -1.1418 -1.4567 0.0, -1.1418 -1.5752 0.0, -1.063 -1.5748 0.0197, -1.063 -1.5752 0.0, -1.063 -1.4567 0.0197, -1.063 -1.4567 0.0, -1.0644 -1.4465 0.0, -1.0644 -1.4465 0.0197, -1.0683 -1.437 0.0, -1.0683 -1.437 0.0197, -1.0746 -1.4288 0.0, -1.0746 -1.4288 0.0197, -1.0827 -1.4226 0.0, -1.0827 -1.4226 0.0197, -1.0922 -1.4186 0.0, -1.0922 -1.4186 0.0197, -1.1024 -1.4173 0.0, -1.1024 -1.4173 0.0197, -1.1126 -1.4186 0.0, -1.1126 -1.4186 0.0197, -1.1221 -1.4226 0.0, -1.1221 -1.4226 0.0197, -1.1302 -1.4288 0.0, -1.1302 -1.4288 0.0197, -1.1365 -1.437 0.0, -1.1365 -1.437 0.0197, -1.1404 -1.4465 0.0, -1.1404 -1.4465 0.0197, -0.9843 -1.5748 0.0799, -0.9843 -1.5752 0.0799, -0.9055 -1.5748 0.0799, -0.9055 -1.5752 0.0799, -0.9843 -1.5748 0.0197, -0.9843 -1.4567 0.0197, -0.9843 -1.4567 0.0, -0.9843 -1.5752 0.0, -0.9055 -1.5748 0.0197, -0.9055 -1.5752 0.0, -0.9055 -1.4567 0.0197, -0.9055 -1.4567 0.0, -0.9069 -1.4465 0.0, -0.9069 -1.4465 0.0197, -0.9108 -1.437 0.0, -0.9108 -1.437 0.0197, -0.9171 -1.4288 0.0, -0.9171 -1.4288 0.0197, -0.9252 -1.4226 0.0, -0.9252 -1.4226 0.0197, -0.9347 -1.4186 0.0, -0.9347 -1.4186 0.0197, -0.9449 -1.4173 0.0, -0.9449 -1.4173 0.0197, -0.9551 -1.4186 0.0, -0.9551 -1.4186 0.0197, -0.9646 -1.4226 0.0, -0.9646 -1.4226 0.0197, -0.9728 -1.4288 0.0, -0.9728 -1.4288 0.0197, -0.979 -1.437 0.0, -0.979 -1.437 0.0197, -0.9829 -1.4465 0.0, -0.9829 -1.4465 0.0197, -0.8268 -1.5748 0.0799, -0.8268 -1.5752 0.0799, -0.7481 -1.5748 0.0799, -0.7481 -1.5752 0.0799, -0.8268 -1.5748 0.0197, -0.8268 -1.4567 0.0197, -0.8268 -1.4567 0.0, -0.8268 -1.5752 0.0, -0.7481 -1.5748 0.0197, -0.7481 -1.5752 0.0, -0.7481 -1.4567 0.0197, -0.7481 -1.4567 0.0, -0.7494 -1.4465 0.0, -0.7494 -1.4465 0.0197, -0.7533 -1.437 0.0, -0.7533 -1.437 0.0197, -0.7596 -1.4288 0.0, -0.7596 -1.4288 0.0197, -0.7677 -1.4226 0.0, -0.7677 -1.4226 0.0197, -0.7772 -1.4186 0.0, -0.7772 -1.4186 0.0197, -0.7874 -1.4173 0.0, -0.7874 -1.4173 0.0197, -0.7976 -1.4186 0.0, -0.7976 -1.4186 0.0197, -0.8071 -1.4226 0.0, -0.8071 -1.4226 0.0197, -0.8153 -1.4288 0.0, -0.8153 -1.4288 0.0197, -0.8215 -1.437 0.0, -0.8215 -1.437 0.0197, -0.8255 -1.4465 0.0, -0.8255 -1.4465 0.0197, -0.6693 -1.5748 0.0799, -0.6693 -1.5752 0.0799, -0.5906 -1.5748 0.0799, -0.5906 -1.5752 0.0799, -0.6693 -1.5748 0.0197, -0.6693 -1.4567 0.0197, -0.6693 -1.4567 0.0, -0.6693 -1.5752 0.0, -0.5906 -1.5748 0.0197, -0.5906 -1.5752 0.0, -0.5906 -1.4567 0.0197, -0.5906 -1.4567 0.0, -0.5919 -1.4465 0.0, -0.5919 -1.4465 0.0197, -0.5959 -1.437 0.0, -0.5959 -1.437 0.0197, -0.6021 -1.4288 0.0, -0.6021 -1.4288 0.0197, -0.6103 -1.4226 0.0, -0.6103 -1.4226 0.0197, -0.6198 -1.4186 0.0, -0.6198 -1.4186 0.0197, -0.63 -1.4173 0.0, -0.63 -1.4173 0.0197, -0.6401 -1.4186 0.0, -0.6401 -1.4186 0.0197, -0.6496 -1.4226 0.0, -0.6496 -1.4226 0.0197, -0.6578 -1.4288 0.0, -0.6578 -1.4288 0.0197, -0.664 -1.437 0.0, -0.664 -1.437 0.0197, -0.668 -1.4465 0.0, -0.668 -1.4465 0.0197, -0.5118 -1.5748 0.0799, -0.5118 -1.5752 0.0799, -0.4331 -1.5748 0.0799, -0.4331 -1.5752 0.0799, -0.5118 -1.5748 0.0197, -0.5118 -1.4567 0.0197, -0.5118 -1.4567 0.0, -0.5118 -1.5752 0.0, -0.4331 -1.5748 0.0197, -0.4331 -1.5752 0.0, -0.4331 -1.4567 0.0197, -0.4331 -1.4567 0.0, -0.4344 -1.4465 0.0, -0.4344 -1.4465 0.0197, -0.4384 -1.437 0.0, -0.4384 -1.437 0.0197, -0.4446 -1.4288 0.0, -0.4446 -1.4288 0.0197, -0.4528 -1.4226 0.0, -0.4528 -1.4226 0.0197, -0.4623 -1.4186 0.0, -0.4623 -1.4186 0.0197, -0.4725 -1.4173 0.0, -0.4725 -1.4173 0.0197, -0.4827 -1.4186 0.0, -0.4827 -1.4186 0.0197, -0.4922 -1.4226 0.0, -0.4922 -1.4226 0.0197, -0.5003 -1.4288 0.0, -0.5003 -1.4288 0.0197, -0.5066 -1.437 0.0, -0.5066 -1.437 0.0197, -0.5105 -1.4465 0.0, -0.5105 -1.4465 0.0197, -0.3544 -1.5748 0.0799, -0.3544 -1.5752 0.0799, -0.2756 -1.5748 0.0799, -0.2756 -1.5752 0.0799, -0.3544 -1.5748 0.0197, -0.3544 -1.4567 0.0197, -0.3544 -1.4567 0.0, -0.3544 -1.5752 0.0, -0.2756 -1.5748 0.0197, -0.2756 -1.5752 0.0, -0.2756 -1.4567 0.0197, -0.2756 -1.4567 0.0, -0.277 -1.4465 0.0, -0.277 -1.4465 0.0197, -0.2809 -1.437 0.0, -0.2809 -1.437 0.0197, -0.2872 -1.4288 0.0, -0.2872 -1.4288 0.0197, -0.2953 -1.4226 0.0, -0.2953 -1.4226 0.0197, -0.3048 -1.4186 0.0, -0.3048 -1.4186 0.0197, -0.315 -1.4173 0.0, -0.315 -1.4173 0.0197, -0.3252 -1.4186 0.0, -0.3252 -1.4186 0.0197, -0.3347 -1.4226 0.0, -0.3347 -1.4226 0.0197, -0.3428 -1.4288 0.0, -0.3428 -1.4288 0.0197, -0.3491 -1.437 0.0, -0.3491 -1.437 0.0197, -0.353 -1.4465 0.0, -0.353 -1.4465 0.0197, -0.1969 -1.5748 0.0799, -0.1969 -1.5752 0.0799, -0.1181 -1.5748 0.0799, -0.1181 -1.5752 0.0799, -0.1969 -1.5748 0.0197, -0.1969 -1.4567 0.0197, -0.1969 -1.4567 0.0, -0.1969 -1.5752 0.0, -0.1181 -1.5748 0.0197, -0.1181 -1.5752 0.0, -0.1181 -1.4567 0.0197, -0.1181 -1.4567 0.0, -0.1195 -1.4465 0.0, -0.1195 -1.4465 0.0197, -0.1234 -1.437 0.0, -0.1234 -1.437 0.0197, -0.1297 -1.4288 0.0, -0.1297 -1.4288 0.0197, -0.1378 -1.4226 0.0, -0.1378 -1.4226 0.0197, -0.1473 -1.4186 0.0, -0.1473 -1.4186 0.0197, -0.1575 -1.4173 0.0, -0.1575 -1.4173 0.0197, -0.1677 -1.4186 0.0, -0.1677 -1.4186 0.0197, -0.1772 -1.4226 0.0, -0.1772 -1.4226 0.0197, -0.1853 -1.4288 0.0, -0.1853 -1.4288 0.0197, -0.1916 -1.437 0.0, -0.1916 -1.437 0.0197, -0.1955 -1.4465 0.0, -0.1955 -1.4465 0.0197, -0.0394 -1.5748 0.0799, -0.0394 -1.5752 0.0799, 0.0393 -1.5748 0.0799, 0.0393 -1.5752 0.0799, -0.0394 -1.5748 0.0197, -0.0394 -1.4567 0.0197, -0.0394 -1.4567 0.0, -0.0394 -1.5752 0.0, 0.0393 -1.5748 0.0197, 0.0393 -1.5752 0.0, 0.0393 -1.4567 0.0197, 0.0393 -1.4567 0.0, 0.038 -1.4465 0.0, 0.038 -1.4465 0.0197, 0.0341 -1.437 0.0, 0.0341 -1.437 0.0197, 0.0278 -1.4288 0.0, 0.0278 -1.4288 0.0197, 0.0197 -1.4226 0.0, 0.0197 -1.4226 0.0197, 0.0102 -1.4186 0.0, 0.0102 -1.4186 0.0197, -0.0 -1.4173 0.0, -0.0 -1.4173 0.0197, -0.0102 -1.4186 0.0, -0.0102 -1.4186 0.0197, -0.0197 -1.4226 0.0, -0.0197 -1.4226 0.0197, -0.0279 -1.4288 0.0, -0.0279 -1.4288 0.0197, -0.0341 -1.437 0.0, -0.0341 -1.437 0.0197, -0.0381 -1.4465 0.0, -0.0381 -1.4465 0.0197, 0.1181 -1.5748 0.0799, 0.1181 -1.5752 0.0799, 0.1968 -1.5748 0.0799, 0.1968 -1.5752 0.0799, 0.1181 -1.5748 0.0197, 0.1181 -1.4567 0.0197, 0.1181 -1.4567 0.0, 0.1181 -1.5752 0.0, 0.1968 -1.5748 0.0197, 0.1968 -1.5752 0.0, 0.1968 -1.4567 0.0197, 0.1968 -1.4567 0.0, 0.1955 -1.4465 0.0, 0.1955 -1.4465 0.0197, 0.1915 -1.437 0.0, 0.1915 -1.437 0.0197, 0.1853 -1.4288 0.0, 0.1853 -1.4288 0.0197, 0.1771 -1.4226 0.0, 0.1771 -1.4226 0.0197, 0.1676 -1.4186 0.0, 0.1676 -1.4186 0.0197, 0.1575 -1.4173 0.0, 0.1575 -1.4173 0.0197, 0.1473 -1.4186 0.0, 0.1473 -1.4186 0.0197, 0.1378 -1.4226 0.0, 0.1378 -1.4226 0.0197, 0.1296 -1.4288 0.0, 0.1296 -1.4288 0.0197, 0.1234 -1.437 0.0, 0.1234 -1.437 0.0197, 0.1194 -1.4465 0.0, 0.1194 -1.4465 0.0197, 0.2756 -1.5748 0.0799, 0.2756 -1.5752 0.0799, 0.3543 -1.5748 0.0799, 0.3543 -1.5752 0.0799, 0.2756 -1.5748 0.0197, 0.2756 -1.4567 0.0197, 0.2756 -1.4567 0.0, 0.2756 -1.5752 0.0, 0.3543 -1.5748 0.0197, 0.3543 -1.5752 0.0, 0.3543 -1.4567 0.0197, 0.3543 -1.4567 0.0, 0.353 -1.4465 0.0, 0.353 -1.4465 0.0197, 0.349 -1.437 0.0, 0.349 -1.437 0.0197, 0.3428 -1.4288 0.0, 0.3428 -1.4288 0.0197, 0.3346 -1.4226 0.0, 0.3346 -1.4226 0.0197, 0.3251 -1.4186 0.0, 0.3251 -1.4186 0.0197, 0.3149 -1.4173 0.0, 0.3149 -1.4173 0.0197, 0.3047 -1.4186 0.0, 0.3047 -1.4186 0.0197, 0.2952 -1.4226 0.0, 0.2952 -1.4226 0.0197, 0.2871 -1.4288 0.0, 0.2871 -1.4288 0.0197, 0.2808 -1.437 0.0, 0.2808 -1.437 0.0197, 0.2769 -1.4465 0.0, 0.2769 -1.4465 0.0197, 0.433 -1.5748 0.0799, 0.433 -1.5752 0.0799, 0.5118 -1.5748 0.0799, 0.5118 -1.5752 0.0799, 0.433 -1.5748 0.0197, 0.433 -1.4567 0.0197, 0.433 -1.4567 0.0, 0.433 -1.5752 0.0, 0.5118 -1.5748 0.0197, 0.5118 -1.5752 0.0, 0.5118 -1.4567 0.0197, 0.5118 -1.4567 0.0, 0.5104 -1.4465 0.0, 0.5104 -1.4465 0.0197, 0.5065 -1.437 0.0, 0.5065 -1.437 0.0197, 0.5002 -1.4288 0.0, 0.5002 -1.4288 0.0197, 0.4921 -1.4226 0.0, 0.4921 -1.4226 0.0197, 0.4826 -1.4186 0.0, 0.4826 -1.4186 0.0197, 0.4724 -1.4173 0.0, 0.4724 -1.4173 0.0197, 0.4622 -1.4186 0.0, 0.4622 -1.4186 0.0197, 0.4527 -1.4226 0.0, 0.4527 -1.4226 0.0197, 0.4446 -1.4288 0.0, 0.4446 -1.4288 0.0197, 0.4383 -1.437 0.0, 0.4383 -1.437 0.0197, 0.4344 -1.4465 0.0, 0.4344 -1.4465 0.0197, 0.5905 -1.5748 0.0799, 0.5905 -1.5752 0.0799, 0.6693 -1.5748 0.0799, 0.6693 -1.5752 0.0799, 0.5905 -1.5748 0.0197, 0.5905 -1.4567 0.0197, 0.5905 -1.4567 0.0, 0.5905 -1.5752 0.0, 0.6693 -1.5748 0.0197, 0.6693 -1.5752 0.0, 0.6693 -1.4567 0.0197, 0.6693 -1.4567 0.0, 0.6679 -1.4465 0.0, 0.6679 -1.4465 0.0197, 0.664 -1.437 0.0, 0.664 -1.437 0.0197, 0.6577 -1.4288 0.0, 0.6577 -1.4288 0.0197, 0.6496 -1.4226 0.0, 0.6496 -1.4226 0.0197, 0.6401 -1.4186 0.0, 0.6401 -1.4186 0.0197, 0.6299 -1.4173 0.0, 0.6299 -1.4173 0.0197, 0.6197 -1.4186 0.0, 0.6197 -1.4186 0.0197, 0.6102 -1.4226 0.0, 0.6102 -1.4226 0.0197, 0.6021 -1.4288 0.0, 0.6021 -1.4288 0.0197, 0.5958 -1.437 0.0, 0.5958 -1.437 0.0197, 0.5919 -1.4465 0.0, 0.5919 -1.4465 0.0197, 0.748 -1.5748 0.0799, 0.748 -1.5752 0.0799, 0.8267 -1.5748 0.0799, 0.8267 -1.5752 0.0799, 0.748 -1.5748 0.0197, 0.748 -1.4567 0.0197, 0.748 -1.4567 0.0, 0.748 -1.5752 0.0, 0.8267 -1.5748 0.0197, 0.8267 -1.5752 0.0, 0.8267 -1.4567 0.0197, 0.8267 -1.4567 0.0, 0.8254 -1.4465 0.0, 0.8254 -1.4465 0.0197, 0.8215 -1.437 0.0, 0.8215 -1.437 0.0197, 0.8152 -1.4288 0.0, 0.8152 -1.4288 0.0197, 0.8071 -1.4226 0.0, 0.8071 -1.4226 0.0197, 0.7976 -1.4186 0.0, 0.7976 -1.4186 0.0197, 0.7874 -1.4173 0.0, 0.7874 -1.4173 0.0197, 0.7772 -1.4186 0.0, 0.7772 -1.4186 0.0197, 0.7677 -1.4226 0.0, 0.7677 -1.4226 0.0197, 0.7595 -1.4288 0.0, 0.7595 -1.4288 0.0197, 0.7533 -1.437 0.0, 0.7533 -1.437 0.0197, 0.7493 -1.4465 0.0, 0.7493 -1.4465 0.0197, 0.9055 -1.5748 0.0799, 0.9055 -1.5752 0.0799, 0.9842 -1.5748 0.0799, 0.9842 -1.5752 0.0799, 0.9055 -1.5748 0.0197, 0.9055 -1.4567 0.0197, 0.9055 -1.4567 0.0, 0.9055 -1.5752 0.0, 0.9842 -1.5748 0.0197, 0.9842 -1.5752 0.0, 0.9842 -1.4567 0.0197, 0.9842 -1.4567 0.0, 0.9829 -1.4465 0.0, 0.9829 -1.4465 0.0197, 0.9789 -1.437 0.0, 0.9789 -1.437 0.0197, 0.9727 -1.4288 0.0, 0.9727 -1.4288 0.0197, 0.9645 -1.4226 0.0, 0.9645 -1.4226 0.0197, 0.955 -1.4186 0.0, 0.955 -1.4186 0.0197, 0.9449 -1.4173 0.0, 0.9449 -1.4173 0.0197, 0.9347 -1.4186 0.0, 0.9347 -1.4186 0.0197, 0.9252 -1.4226 0.0, 0.9252 -1.4226 0.0197, 0.917 -1.4288 0.0, 0.917 -1.4288 0.0197, 0.9108 -1.437 0.0, 0.9108 -1.437 0.0197, 0.9068 -1.4465 0.0, 0.9068 -1.4465 0.0197, 1.063 -1.5748 0.0799, 1.063 -1.5752 0.0799, 1.1417 -1.5748 0.0799, 1.1417 -1.5752 0.0799, 1.063 -1.5748 0.0197, 1.063 -1.4567 0.0197, 1.063 -1.4567 0.0, 1.063 -1.5752 0.0, 1.1417 -1.5748 0.0197, 1.1417 -1.5752 0.0, 1.1417 -1.4567 0.0197, 1.1417 -1.4567 0.0, 1.1404 -1.4465 0.0, 1.1404 -1.4465 0.0197, 1.1364 -1.437 0.0, 1.1364 -1.437 0.0197, 1.1302 -1.4288 0.0, 1.1302 -1.4288 0.0197, 1.122 -1.4226 0.0, 1.122 -1.4226 0.0197, 1.1125 -1.4186 0.0, 1.1125 -1.4186 0.0197, 1.1023 -1.4173 0.0, 1.1023 -1.4173 0.0197, 1.0921 -1.4186 0.0, 1.0921 -1.4186 0.0197, 1.0826 -1.4226 0.0, 1.0826 -1.4226 0.0197, 1.0745 -1.4288 0.0, 1.0745 -1.4288 0.0197, 1.0682 -1.437 0.0, 1.0682 -1.437 0.0197, 1.0643 -1.4465 0.0, 1.0643 -1.4465 0.0197, 1.2204 -1.5748 0.0799, 1.2204 -1.5752 0.0799, 1.2992 -1.5748 0.0799, 1.2992 -1.5752 0.0799, 1.2204 -1.5748 0.0197, 1.2204 -1.4567 0.0197, 1.2204 -1.4567 0.0, 1.2204 -1.5752 0.0, 1.2992 -1.5748 0.0197, 1.2992 -1.5752 0.0, 1.2992 -1.4567 0.0197, 1.2992 -1.4567 0.0, 1.2978 -1.4465 0.0, 1.2978 -1.4465 0.0197, 1.2939 -1.437 0.0, 1.2939 -1.437 0.0197, 1.2877 -1.4288 0.0, 1.2877 -1.4288 0.0197, 1.2795 -1.4226 0.0, 1.2795 -1.4226 0.0197, 1.27 -1.4186 0.0, 1.27 -1.4186 0.0197, 1.2598 -1.4173 0.0, 1.2598 -1.4173 0.0197, 1.2496 -1.4186 0.0, 1.2496 -1.4186 0.0197, 1.2401 -1.4226 0.0, 1.2401 -1.4226 0.0197, 1.232 -1.4288 0.0, 1.232 -1.4288 0.0197, 1.2257 -1.437 0.0, 1.2257 -1.437 0.0197, 1.2218 -1.4465 0.0, 1.2218 -1.4465 0.0197, -1.004 1.004 0.0, -1.004 1.004 0.0197, 0.02 1.004 0.0, 1.0039 1.004 0.0197, 1.0039 1.004 0.0, 1.0039 -0.0081 0.0, 1.0039 -1.0039 0.0197, 1.0039 -1.0039 0.0, 0.02 -1.0039 0.0, -0.8662 -1.0039 0.0197, -0.8662 -1.0039 0.0, -1.004 -0.8661 0.0, -1.004 -0.8661 0.0197, -1.004 -0.0081 0.0
            ]
        }
        coordIndex [
            0,1,2,-1,2,1,3,-1,1,0,4,-1,5,6,4,-1,4,6,7,-1,4,7,1,-1,2,3,8,-1,8,3,9,-1,8,9,10,-1,10,9,11,-1,10,11,12,-1,10,12,13,-1,13,12,14,-1,13,14,15,-1,15,14,16,-1,15,16,17,-1,17,16,18,-1,17,18,19,-1,19,18,20,-1,19,20,21,-1,21,20,22,-1,21,22,23,-1,23,22,24,-1,23,24,25,-1,25,24,26,-1,25,26,27,-1,27,26,28,-1,27,28,29,-1,29,28,30,-1,29,30,31,-1,31,30,32,-1,31,32,33,-1,33,32,6,-1,33,6,5,-1,3,1,9,-1,9,1,7,-1,14,12,24,-1,24,12,11,-1,24,11,26,-1,9,7,11,-1,11,7,6,-1,11,6,32,-1,20,18,16,-1,32,30,11,-1,11,30,28,-1,11,28,26,-1,14,24,16,-1,16,24,22,-1,16,22,20,-1,34,35,36,-1,36,35,37,-1,35,34,38,-1,39,40,38,-1,38,40,41,-1,38,41,35,-1,36,37,42,-1,42,37,43,-1,42,43,44,-1,44,43,45,-1,44,45,46,-1,44,46,47,-1,47,46,48,-1,47,48,49,-1,49,48,50,-1,49,50,51,-1,51,50,52,-1,51,52,53,-1,53,52,54,-1,53,54,55,-1,55,54,56,-1,55,56,57,-1,57,56,58,-1,57,58,59,-1,59,58,60,-1,59,60,61,-1,61,60,62,-1,61,62,63,-1,63,62,64,-1,63,64,65,-1,65,64,66,-1,65,66,67,-1,67,66,40,-1,67,40,39,-1,37,35,43,-1,43,35,41,-1,43,41,45,-1,45,41,40,-1,40,66,45,-1,45,66,64,-1,45,64,62,-1,54,52,50,-1,48,46,58,-1,58,46,45,-1,58,45,60,-1,60,45,62,-1,48,58,50,-1,50,58,56,-1,50,56,54,-1,68,69,70,-1,70,69,71,-1,69,68,72,-1,73,74,72,-1,72,74,75,-1,72,75,69,-1,70,71,76,-1,76,71,77,-1,76,77,78,-1,78,77,79,-1,78,79,80,-1,78,80,81,-1,81,80,82,-1,81,82,83,-1,83,82,84,-1,83,84,85,-1,85,84,86,-1,85,86,87,-1,87,86,88,-1,87,88,89,-1,89,88,90,-1,89,90,91,-1,91,90,92,-1,91,92,93,-1,93,92,94,-1,93,94,95,-1,95,94,96,-1,95,96,97,-1,97,96,98,-1,97,98,99,-1,99,98,100,-1,99,100,101,-1,101,100,74,-1,101,74,73,-1,71,69,77,-1,77,69,75,-1,82,74,84,-1,84,74,86,-1,77,75,79,-1,79,75,74,-1,79,74,80,-1,80,74,82,-1,90,98,92,-1,92,98,96,-1,92,96,94,-1,74,100,86,-1,86,100,98,-1,86,98,88,-1,88,98,90,-1,102,103,104,-1,104,103,105,-1,103,102,106,-1,107,108,106,-1,106,108,109,-1,106,109,103,-1,104,105,110,-1,110,105,111,-1,110,111,112,-1,112,111,113,-1,112,113,114,-1,112,114,115,-1,115,114,116,-1,115,116,117,-1,117,116,118,-1,117,118,119,-1,119,118,120,-1,119,120,121,-1,121,120,122,-1,121,122,123,-1,123,122,124,-1,123,124,125,-1,125,124,126,-1,125,126,127,-1,127,126,128,-1,127,128,129,-1,129,128,130,-1,129,130,131,-1,131,130,132,-1,131,132,133,-1,133,132,134,-1,133,134,135,-1,135,134,108,-1,135,108,107,-1,105,103,111,-1,111,103,109,-1,111,109,113,-1,113,109,108,-1,113,108,114,-1,114,108,116,-1,128,108,130,-1,130,108,134,-1,130,134,132,-1,128,126,108,-1,108,126,124,-1,108,124,122,-1,122,120,108,-1,108,120,118,-1,108,118,116,-1,136,137,138,-1,138,137,139,-1,137,136,140,-1,141,142,140,-1,140,142,143,-1,140,143,137,-1,138,139,144,-1,144,139,145,-1,144,145,146,-1,146,145,147,-1,146,147,148,-1,146,148,149,-1,149,148,150,-1,149,150,151,-1,151,150,152,-1,151,152,153,-1,153,152,154,-1,153,154,155,-1,155,154,156,-1,155,156,157,-1,157,156,158,-1,157,158,159,-1,159,158,160,-1,159,160,161,-1,161,160,162,-1,161,162,163,-1,163,162,164,-1,163,164,165,-1,165,164,166,-1,165,166,167,-1,167,166,168,-1,167,168,169,-1,169,168,142,-1,169,142,141,-1,139,137,145,-1,145,137,143,-1,145,143,147,-1,147,143,142,-1,164,162,147,-1,147,162,160,-1,147,160,148,-1,148,160,150,-1,142,168,147,-1,147,168,166,-1,147,166,164,-1,160,158,150,-1,150,158,156,-1,150,156,152,-1,152,156,154,-1,170,171,172,-1,172,171,173,-1,171,170,174,-1,175,176,174,-1,174,176,177,-1,174,177,171,-1,172,173,178,-1,178,173,179,-1,178,179,180,-1,180,179,181,-1,180,181,182,-1,180,182,183,-1,183,182,184,-1,183,184,185,-1,185,184,186,-1,185,186,187,-1,187,186,188,-1,187,188,189,-1,189,188,190,-1,189,190,191,-1,191,190,192,-1,191,192,193,-1,193,192,194,-1,193,194,195,-1,195,194,196,-1,195,196,197,-1,197,196,198,-1,197,198,199,-1,199,198,200,-1,199,200,201,-1,201,200,202,-1,201,202,203,-1,203,202,176,-1,203,176,175,-1,173,171,179,-1,179,171,177,-1,198,196,194,-1,186,184,176,-1,179,177,181,-1,181,177,176,-1,181,176,182,-1,182,176,184,-1,198,194,200,-1,192,190,176,-1,176,190,188,-1,176,188,186,-1,192,176,194,-1,194,176,202,-1,194,202,200,-1,204,205,206,-1,206,205,207,-1,205,204,208,-1,209,210,208,-1,208,210,211,-1,208,211,205,-1,206,207,212,-1,212,207,213,-1,212,213,214,-1,214,213,215,-1,214,215,216,-1,214,216,217,-1,217,216,218,-1,217,218,219,-1,219,218,220,-1,219,220,221,-1,221,220,222,-1,221,222,223,-1,223,222,224,-1,223,224,225,-1,225,224,226,-1,225,226,227,-1,227,226,228,-1,227,228,229,-1,229,228,230,-1,229,230,231,-1,231,230,232,-1,231,232,233,-1,233,232,234,-1,233,234,235,-1,235,234,236,-1,235,236,237,-1,237,236,210,-1,237,210,209,-1,207,205,213,-1,213,205,211,-1,213,211,215,-1,215,211,210,-1,215,210,236,-1,230,228,215,-1,215,228,226,-1,222,220,218,-1,236,234,215,-1,215,234,232,-1,215,232,230,-1,226,224,215,-1,215,224,222,-1,215,222,216,-1,216,222,218,-1,238,239,240,-1,240,239,241,-1,239,238,242,-1,243,244,242,-1,242,244,245,-1,242,245,239,-1,240,241,246,-1,246,241,247,-1,246,247,248,-1,248,247,249,-1,248,249,250,-1,248,250,251,-1,251,250,252,-1,251,252,253,-1,253,252,254,-1,253,254,255,-1,255,254,256,-1,255,256,257,-1,257,256,258,-1,257,258,259,-1,259,258,260,-1,259,260,261,-1,261,260,262,-1,261,262,263,-1,263,262,264,-1,263,264,265,-1,265,264,266,-1,265,266,267,-1,267,266,268,-1,267,268,269,-1,269,268,270,-1,269,270,271,-1,271,270,244,-1,271,244,243,-1,241,239,247,-1,247,239,245,-1,247,245,249,-1,249,245,244,-1,258,256,254,-1,258,254,260,-1,244,270,249,-1,249,270,268,-1,249,268,266,-1,266,264,249,-1,249,264,262,-1,249,262,250,-1,260,254,262,-1,262,254,252,-1,262,252,250,-1,272,273,274,-1,274,273,275,-1,273,272,276,-1,277,278,276,-1,276,278,279,-1,276,279,273,-1,274,275,280,-1,280,275,281,-1,280,281,282,-1,282,281,283,-1,282,283,284,-1,282,284,285,-1,285,284,286,-1,285,286,287,-1,287,286,288,-1,287,288,289,-1,289,288,290,-1,289,290,291,-1,291,290,292,-1,291,292,293,-1,293,292,294,-1,293,294,295,-1,295,294,296,-1,295,296,297,-1,297,296,298,-1,297,298,299,-1,299,298,300,-1,299,300,301,-1,301,300,302,-1,301,302,303,-1,303,302,304,-1,303,304,305,-1,305,304,278,-1,305,278,277,-1,275,273,281,-1,281,273,279,-1,281,279,283,-1,283,279,278,-1,296,288,286,-1,278,304,283,-1,283,304,302,-1,283,302,300,-1,296,294,288,-1,288,294,292,-1,288,292,290,-1,300,298,283,-1,283,298,296,-1,283,296,284,-1,284,296,286,-1,306,307,308,-1,308,307,309,-1,307,306,310,-1,311,312,310,-1,310,312,313,-1,310,313,307,-1,308,309,314,-1,314,309,315,-1,314,315,316,-1,316,315,317,-1,316,317,318,-1,316,318,319,-1,319,318,320,-1,319,320,321,-1,321,320,322,-1,321,322,323,-1,323,322,324,-1,323,324,325,-1,325,324,326,-1,325,326,327,-1,327,326,328,-1,327,328,329,-1,329,328,330,-1,329,330,331,-1,331,330,332,-1,331,332,333,-1,333,332,334,-1,333,334,335,-1,335,334,336,-1,335,336,337,-1,337,336,338,-1,337,338,339,-1,339,338,312,-1,339,312,311,-1,309,307,315,-1,315,307,313,-1,315,313,317,-1,317,313,312,-1,326,324,322,-1,326,322,328,-1,312,338,317,-1,317,338,336,-1,317,336,334,-1,334,332,317,-1,317,332,330,-1,317,330,318,-1,328,322,330,-1,330,322,320,-1,330,320,318,-1,340,341,342,-1,342,341,343,-1,341,340,344,-1,345,346,344,-1,344,346,347,-1,344,347,341,-1,342,343,348,-1,348,343,349,-1,348,349,350,-1,350,349,351,-1,350,351,352,-1,350,352,353,-1,353,352,354,-1,353,354,355,-1,355,354,356,-1,355,356,357,-1,357,356,358,-1,357,358,359,-1,359,358,360,-1,359,360,361,-1,361,360,362,-1,361,362,363,-1,363,362,364,-1,363,364,365,-1,365,364,366,-1,365,366,367,-1,367,366,368,-1,367,368,369,-1,369,368,370,-1,369,370,371,-1,371,370,372,-1,371,372,373,-1,373,372,346,-1,373,346,345,-1,343,341,349,-1,349,341,347,-1,349,347,351,-1,351,347,346,-1,358,356,354,-1,346,372,351,-1,351,372,370,-1,351,370,368,-1,368,366,351,-1,351,366,364,-1,351,364,362,-1,362,360,351,-1,351,360,358,-1,351,358,352,-1,352,358,354,-1,374,375,376,-1,376,375,377,-1,375,374,378,-1,379,380,378,-1,378,380,381,-1,378,381,375,-1,376,377,382,-1,382,377,383,-1,382,383,384,-1,384,383,385,-1,384,385,386,-1,384,386,387,-1,387,386,388,-1,387,388,389,-1,389,388,390,-1,389,390,391,-1,391,390,392,-1,391,392,393,-1,393,392,394,-1,393,394,395,-1,395,394,396,-1,395,396,397,-1,397,396,398,-1,397,398,399,-1,399,398,400,-1,399,400,401,-1,401,400,402,-1,401,402,403,-1,403,402,404,-1,403,404,405,-1,405,404,406,-1,405,406,407,-1,407,406,380,-1,407,380,379,-1,377,375,383,-1,383,375,381,-1,383,381,385,-1,385,381,380,-1,385,402,400,-1,380,406,385,-1,385,406,404,-1,385,404,402,-1,400,398,385,-1,385,398,396,-1,385,396,394,-1,394,392,385,-1,385,392,390,-1,385,390,386,-1,386,390,388,-1,408,409,410,-1,410,409,411,-1,409,408,412,-1,413,414,412,-1,412,414,415,-1,412,415,409,-1,410,411,416,-1,416,411,417,-1,416,417,418,-1,418,417,419,-1,418,419,420,-1,418,420,421,-1,421,420,422,-1,421,422,423,-1,423,422,424,-1,423,424,425,-1,425,424,426,-1,425,426,427,-1,427,426,428,-1,427,428,429,-1,429,428,430,-1,429,430,431,-1,431,430,432,-1,431,432,433,-1,433,432,434,-1,433,434,435,-1,435,434,436,-1,435,436,437,-1,437,436,438,-1,437,438,439,-1,439,438,440,-1,439,440,441,-1,441,440,414,-1,441,414,413,-1,411,409,417,-1,417,409,415,-1,417,415,419,-1,419,415,414,-1,436,434,419,-1,419,434,432,-1,419,432,420,-1,420,432,422,-1,414,440,419,-1,419,440,438,-1,419,438,436,-1,432,430,422,-1,422,430,428,-1,422,428,424,-1,424,428,426,-1,442,443,444,-1,444,443,445,-1,443,442,446,-1,447,448,446,-1,446,448,449,-1,446,449,443,-1,444,445,450,-1,450,445,451,-1,450,451,452,-1,452,451,453,-1,452,453,454,-1,452,454,455,-1,455,454,456,-1,455,456,457,-1,457,456,458,-1,457,458,459,-1,459,458,460,-1,459,460,461,-1,461,460,462,-1,461,462,463,-1,463,462,464,-1,463,464,465,-1,465,464,466,-1,465,466,467,-1,467,466,468,-1,467,468,469,-1,469,468,470,-1,469,470,471,-1,471,470,472,-1,471,472,473,-1,473,472,474,-1,473,474,475,-1,475,474,448,-1,475,448,447,-1,445,443,451,-1,451,443,449,-1,451,449,453,-1,453,449,448,-1,456,454,466,-1,466,454,453,-1,466,453,468,-1,468,453,470,-1,462,460,458,-1,448,474,453,-1,453,474,472,-1,453,472,470,-1,456,466,458,-1,458,466,464,-1,458,464,462,-1,476,477,478,-1,478,477,479,-1,477,476,480,-1,481,482,480,-1,480,482,483,-1,480,483,477,-1,478,479,484,-1,484,479,485,-1,484,485,486,-1,486,485,487,-1,486,487,488,-1,486,488,489,-1,489,488,490,-1,489,490,491,-1,491,490,492,-1,491,492,493,-1,493,492,494,-1,493,494,495,-1,495,494,496,-1,495,496,497,-1,497,496,498,-1,497,498,499,-1,499,498,500,-1,499,500,501,-1,501,500,502,-1,501,502,503,-1,503,502,504,-1,503,504,505,-1,505,504,506,-1,505,506,507,-1,507,506,508,-1,507,508,509,-1,509,508,482,-1,509,482,481,-1,479,477,485,-1,485,477,483,-1,485,483,487,-1,487,483,482,-1,482,508,487,-1,487,508,506,-1,487,506,504,-1,496,494,492,-1,490,488,500,-1,500,488,487,-1,500,487,502,-1,502,487,504,-1,490,500,492,-1,492,500,498,-1,492,498,496,-1,510,511,512,-1,512,511,513,-1,511,510,514,-1,515,516,514,-1,514,516,517,-1,514,517,511,-1,512,513,518,-1,518,513,519,-1,518,519,520,-1,520,519,521,-1,520,521,522,-1,520,522,523,-1,523,522,524,-1,523,524,525,-1,525,524,526,-1,525,526,527,-1,527,526,528,-1,527,528,529,-1,529,528,530,-1,529,530,531,-1,531,530,532,-1,531,532,533,-1,533,532,534,-1,533,534,535,-1,535,534,536,-1,535,536,537,-1,537,536,538,-1,537,538,539,-1,539,538,540,-1,539,540,541,-1,541,540,542,-1,541,542,543,-1,543,542,516,-1,543,516,515,-1,513,511,519,-1,519,511,517,-1,542,528,516,-1,516,528,526,-1,516,526,524,-1,519,517,521,-1,521,517,516,-1,521,516,522,-1,522,516,524,-1,542,540,528,-1,528,540,538,-1,528,538,536,-1,536,534,528,-1,528,534,532,-1,528,532,530,-1,544,545,546,-1,546,545,547,-1,545,544,548,-1,549,550,548,-1,548,550,551,-1,548,551,545,-1,546,547,552,-1,552,547,553,-1,552,553,554,-1,554,553,555,-1,554,555,556,-1,554,556,557,-1,557,556,558,-1,557,558,559,-1,559,558,560,-1,559,560,561,-1,561,560,562,-1,561,562,563,-1,563,562,564,-1,563,564,565,-1,565,564,566,-1,565,566,567,-1,567,566,568,-1,567,568,569,-1,569,568,570,-1,569,570,571,-1,571,570,572,-1,571,572,573,-1,573,572,574,-1,573,574,575,-1,575,574,576,-1,575,576,577,-1,577,576,550,-1,577,550,549,-1,547,545,553,-1,553,545,551,-1,558,556,568,-1,568,556,555,-1,568,555,570,-1,553,551,555,-1,555,551,550,-1,555,550,576,-1,564,562,560,-1,576,574,555,-1,555,574,572,-1,555,572,570,-1,558,568,560,-1,560,568,566,-1,560,566,564,-1,578,579,580,-1,580,579,581,-1,579,578,582,-1,583,584,582,-1,582,584,585,-1,582,585,579,-1,580,581,586,-1,586,581,587,-1,586,587,588,-1,588,587,589,-1,588,589,590,-1,588,590,591,-1,591,590,592,-1,591,592,593,-1,593,592,594,-1,593,594,595,-1,595,594,596,-1,595,596,597,-1,597,596,598,-1,597,598,599,-1,599,598,600,-1,599,600,601,-1,601,600,602,-1,601,602,603,-1,603,602,604,-1,603,604,605,-1,605,604,606,-1,605,606,607,-1,607,606,608,-1,607,608,609,-1,609,608,610,-1,609,610,611,-1,611,610,584,-1,611,584,583,-1,581,579,587,-1,587,579,585,-1,589,587,585,-1,585,584,589,-1,589,584,610,-1,589,610,608,-1,604,602,600,-1,598,596,608,-1,608,596,594,-1,598,608,600,-1,600,608,606,-1,600,606,604,-1,594,592,608,-1,608,592,590,-1,608,590,589,-1,612,613,614,-1,614,613,615,-1,613,612,616,-1,617,618,616,-1,616,618,619,-1,616,619,613,-1,614,615,620,-1,620,615,621,-1,620,621,622,-1,622,621,623,-1,622,623,624,-1,622,624,625,-1,625,624,626,-1,625,626,627,-1,627,626,628,-1,627,628,629,-1,629,628,630,-1,629,630,631,-1,631,630,632,-1,631,632,633,-1,633,632,634,-1,633,634,635,-1,635,634,636,-1,635,636,637,-1,637,636,638,-1,637,638,639,-1,639,638,640,-1,639,640,641,-1,641,640,642,-1,641,642,643,-1,643,642,644,-1,643,644,645,-1,645,644,618,-1,645,618,617,-1,615,613,621,-1,621,613,619,-1,621,619,623,-1,623,619,618,-1,636,628,626,-1,618,644,623,-1,623,644,642,-1,623,642,640,-1,636,634,628,-1,628,634,632,-1,628,632,630,-1,640,638,623,-1,623,638,636,-1,623,636,624,-1,624,636,626,-1,646,647,648,-1,648,647,649,-1,647,646,650,-1,651,652,650,-1,650,652,653,-1,650,653,647,-1,648,649,654,-1,654,649,655,-1,654,655,656,-1,656,655,657,-1,656,657,658,-1,656,658,659,-1,659,658,660,-1,659,660,661,-1,661,660,662,-1,661,662,663,-1,663,662,664,-1,663,664,665,-1,665,664,666,-1,665,666,667,-1,667,666,668,-1,667,668,669,-1,669,668,670,-1,669,670,671,-1,671,670,672,-1,671,672,673,-1,673,672,674,-1,673,674,675,-1,675,674,676,-1,675,676,677,-1,677,676,678,-1,677,678,679,-1,679,678,652,-1,679,652,651,-1,649,647,655,-1,655,647,653,-1,655,653,657,-1,657,653,652,-1,657,652,658,-1,678,676,662,-1,678,662,652,-1,652,662,660,-1,652,660,658,-1,666,672,668,-1,668,672,670,-1,676,674,662,-1,662,674,672,-1,662,672,664,-1,664,672,666,-1,680,681,682,-1,682,681,683,-1,681,680,684,-1,685,686,684,-1,684,686,687,-1,684,687,681,-1,682,683,688,-1,688,683,689,-1,688,689,690,-1,690,689,691,-1,690,691,692,-1,690,692,693,-1,693,692,694,-1,693,694,695,-1,695,694,696,-1,695,696,697,-1,697,696,698,-1,697,698,699,-1,699,698,700,-1,699,700,701,-1,701,700,702,-1,701,702,703,-1,703,702,704,-1,703,704,705,-1,705,704,706,-1,705,706,707,-1,707,706,708,-1,707,708,709,-1,709,708,710,-1,709,710,711,-1,711,710,712,-1,711,712,713,-1,713,712,686,-1,713,686,685,-1,683,681,689,-1,689,681,687,-1,689,687,691,-1,691,687,686,-1,691,686,712,-1,702,691,704,-1,704,691,706,-1,712,710,691,-1,691,710,708,-1,691,708,706,-1,692,691,694,-1,694,691,696,-1,702,700,691,-1,691,700,698,-1,691,698,696,-1,714,715,716,-1,716,715,717,-1,715,714,718,-1,719,720,718,-1,718,720,721,-1,718,721,715,-1,716,717,722,-1,722,717,723,-1,722,723,724,-1,724,723,725,-1,724,725,726,-1,724,726,727,-1,727,726,728,-1,727,728,729,-1,729,728,730,-1,729,730,731,-1,731,730,732,-1,731,732,733,-1,733,732,734,-1,733,734,735,-1,735,734,736,-1,735,736,737,-1,737,736,738,-1,737,738,739,-1,739,738,740,-1,739,740,741,-1,741,740,742,-1,741,742,743,-1,743,742,744,-1,743,744,745,-1,745,744,746,-1,745,746,747,-1,747,746,720,-1,747,720,719,-1,717,715,723,-1,723,715,721,-1,723,721,725,-1,725,721,720,-1,725,720,746,-1,746,744,725,-1,725,744,742,-1,725,742,740,-1,740,738,736,-1,736,734,740,-1,740,734,732,-1,740,732,730,-1,730,728,740,-1,740,728,726,-1,740,726,725,-1,748,749,750,-1,750,749,751,-1,749,748,752,-1,753,754,752,-1,752,754,755,-1,752,755,749,-1,750,751,756,-1,756,751,757,-1,756,757,758,-1,758,757,759,-1,758,759,760,-1,758,760,761,-1,761,760,762,-1,761,762,763,-1,763,762,764,-1,763,764,765,-1,765,764,766,-1,765,766,767,-1,767,766,768,-1,767,768,769,-1,769,768,770,-1,769,770,771,-1,771,770,772,-1,771,772,773,-1,773,772,774,-1,773,774,775,-1,775,774,776,-1,775,776,777,-1,777,776,778,-1,777,778,779,-1,779,778,780,-1,779,780,781,-1,781,780,754,-1,781,754,753,-1,751,749,757,-1,757,749,755,-1,757,755,759,-1,759,755,754,-1,759,754,780,-1,780,778,759,-1,759,778,776,-1,759,776,774,-1,774,772,759,-1,759,772,770,-1,759,770,768,-1,768,766,759,-1,759,766,764,-1,759,764,760,-1,760,764,762,-1,782,783,784,-1,784,783,785,-1,783,782,786,-1,787,788,786,-1,786,788,789,-1,786,789,783,-1,784,785,790,-1,790,785,791,-1,790,791,792,-1,792,791,793,-1,792,793,794,-1,792,794,795,-1,795,794,796,-1,795,796,797,-1,797,796,798,-1,797,798,799,-1,799,798,800,-1,799,800,801,-1,801,800,802,-1,801,802,803,-1,803,802,804,-1,803,804,805,-1,805,804,806,-1,805,806,807,-1,807,806,808,-1,807,808,809,-1,809,808,810,-1,809,810,811,-1,811,810,812,-1,811,812,813,-1,813,812,814,-1,813,814,815,-1,815,814,788,-1,815,788,787,-1,785,783,791,-1,791,783,789,-1,791,789,793,-1,793,789,788,-1,804,802,788,-1,788,802,800,-1,788,800,798,-1,812,810,814,-1,814,810,808,-1,814,808,788,-1,788,808,806,-1,788,806,804,-1,798,796,788,-1,788,796,794,-1,788,794,793,-1,816,817,818,-1,818,817,819,-1,817,816,820,-1,821,822,820,-1,820,822,823,-1,820,823,817,-1,818,819,824,-1,824,819,825,-1,824,825,826,-1,826,825,827,-1,826,827,828,-1,826,828,829,-1,829,828,830,-1,829,830,831,-1,831,830,832,-1,831,832,833,-1,833,832,834,-1,833,834,835,-1,835,834,836,-1,835,836,837,-1,837,836,838,-1,837,838,839,-1,839,838,840,-1,839,840,841,-1,841,840,842,-1,841,842,843,-1,843,842,844,-1,843,844,845,-1,845,844,846,-1,845,846,847,-1,847,846,848,-1,847,848,849,-1,849,848,822,-1,849,822,821,-1,819,817,825,-1,825,817,823,-1,825,823,827,-1,827,823,822,-1,827,822,848,-1,848,846,827,-1,827,846,844,-1,827,844,842,-1,842,840,827,-1,827,840,838,-1,827,838,836,-1,836,834,827,-1,827,834,832,-1,827,832,828,-1,828,832,830,-1,850,851,852,-1,852,851,853,-1,851,850,854,-1,855,856,854,-1,854,856,857,-1,854,857,851,-1,852,853,858,-1,858,853,859,-1,858,859,860,-1,860,859,861,-1,860,861,862,-1,860,862,863,-1,863,862,864,-1,863,864,865,-1,865,864,866,-1,865,866,867,-1,867,866,868,-1,867,868,869,-1,869,868,870,-1,869,870,871,-1,871,870,872,-1,871,872,873,-1,873,872,874,-1,873,874,875,-1,875,874,876,-1,875,876,877,-1,877,876,878,-1,877,878,879,-1,879,878,880,-1,879,880,881,-1,881,880,882,-1,881,882,883,-1,883,882,856,-1,883,856,855,-1,853,851,859,-1,859,851,857,-1,859,857,861,-1,861,857,856,-1,861,856,862,-1,862,856,864,-1,882,880,856,-1,856,880,878,-1,856,878,876,-1,876,874,856,-1,856,874,872,-1,856,872,870,-1,870,868,856,-1,856,868,866,-1,856,866,864,-1,884,885,886,-1,886,885,887,-1,885,884,888,-1,889,890,888,-1,888,890,891,-1,888,891,885,-1,886,887,892,-1,892,887,893,-1,892,893,894,-1,894,893,895,-1,894,895,896,-1,894,896,897,-1,897,896,898,-1,897,898,899,-1,899,898,900,-1,899,900,901,-1,901,900,902,-1,901,902,903,-1,903,902,904,-1,903,904,905,-1,905,904,906,-1,905,906,907,-1,907,906,908,-1,907,908,909,-1,909,908,910,-1,909,910,911,-1,911,910,912,-1,911,912,913,-1,913,912,914,-1,913,914,915,-1,915,914,916,-1,915,916,917,-1,917,916,890,-1,917,890,889,-1,887,885,893,-1,893,885,891,-1,893,891,895,-1,895,891,890,-1,895,890,896,-1,904,902,890,-1,914,912,906,-1,906,912,910,-1,906,910,908,-1,904,890,906,-1,906,890,916,-1,906,916,914,-1,902,900,890,-1,890,900,898,-1,890,898,896,-1,918,919,920,-1,920,919,921,-1,919,918,922,-1,923,924,922,-1,922,924,925,-1,922,925,919,-1,920,921,926,-1,926,921,927,-1,926,927,928,-1,928,927,929,-1,928,929,930,-1,928,930,931,-1,931,930,932,-1,931,932,933,-1,933,932,934,-1,933,934,935,-1,935,934,936,-1,935,936,937,-1,937,936,938,-1,937,938,939,-1,939,938,940,-1,939,940,941,-1,941,940,942,-1,941,942,943,-1,943,942,944,-1,943,944,945,-1,945,944,946,-1,945,946,947,-1,947,946,948,-1,947,948,949,-1,949,948,950,-1,949,950,951,-1,951,950,924,-1,951,924,923,-1,921,919,927,-1,927,919,925,-1,944,942,924,-1,924,942,940,-1,924,940,938,-1,944,924,946,-1,946,924,950,-1,946,950,948,-1,938,936,924,-1,924,936,934,-1,924,934,932,-1,927,925,929,-1,929,925,924,-1,929,924,930,-1,930,924,932,-1,952,953,954,-1,954,953,955,-1,953,952,956,-1,957,958,956,-1,956,958,959,-1,956,959,953,-1,954,955,960,-1,960,955,961,-1,960,961,962,-1,962,961,963,-1,962,963,964,-1,962,964,965,-1,965,964,966,-1,965,966,967,-1,967,966,968,-1,967,968,969,-1,969,968,970,-1,969,970,971,-1,971,970,972,-1,971,972,973,-1,973,972,974,-1,973,974,975,-1,975,974,976,-1,975,976,977,-1,977,976,978,-1,977,978,979,-1,979,978,980,-1,979,980,981,-1,981,980,982,-1,981,982,983,-1,983,982,984,-1,983,984,985,-1,985,984,958,-1,985,958,957,-1,955,953,961,-1,961,953,959,-1,961,959,963,-1,963,959,958,-1,963,958,964,-1,972,970,958,-1,982,980,974,-1,974,980,978,-1,974,978,976,-1,972,958,974,-1,974,958,984,-1,974,984,982,-1,970,968,958,-1,958,968,966,-1,958,966,964,-1,986,987,988,-1,988,987,989,-1,987,986,990,-1,991,992,990,-1,990,992,993,-1,990,993,987,-1,988,989,994,-1,994,989,995,-1,994,995,996,-1,996,995,997,-1,996,997,998,-1,996,998,999,-1,999,998,1000,-1,999,1000,1001,-1,1001,1000,1002,-1,1001,1002,1003,-1,1003,1002,1004,-1,1003,1004,1005,-1,1005,1004,1006,-1,1005,1006,1007,-1,1007,1006,1008,-1,1007,1008,1009,-1,1009,1008,1010,-1,1009,1010,1011,-1,1011,1010,1012,-1,1011,1012,1013,-1,1013,1012,1014,-1,1013,1014,1015,-1,1015,1014,1016,-1,1015,1016,1017,-1,1017,1016,1018,-1,1017,1018,1019,-1,1019,1018,992,-1,1019,992,991,-1,989,987,995,-1,995,987,993,-1,997,995,993,-1,1010,1008,997,-1,997,1002,998,-1,998,1002,1000,-1,993,992,997,-1,997,992,1018,-1,997,1018,1016,-1,1016,1014,997,-1,997,1014,1012,-1,997,1012,1010,-1,1008,1006,997,-1,997,1006,1004,-1,997,1004,1002,-1,1020,1021,1022,-1,1022,1021,1023,-1,1021,1020,1024,-1,1025,1026,1024,-1,1024,1026,1027,-1,1024,1027,1021,-1,1022,1023,1028,-1,1028,1023,1029,-1,1028,1029,1030,-1,1030,1029,1031,-1,1030,1031,1032,-1,1030,1032,1033,-1,1033,1032,1034,-1,1033,1034,1035,-1,1035,1034,1036,-1,1035,1036,1037,-1,1037,1036,1038,-1,1037,1038,1039,-1,1039,1038,1040,-1,1039,1040,1041,-1,1041,1040,1042,-1,1041,1042,1043,-1,1043,1042,1044,-1,1043,1044,1045,-1,1045,1044,1046,-1,1045,1046,1047,-1,1047,1046,1048,-1,1047,1048,1049,-1,1049,1048,1050,-1,1049,1050,1051,-1,1051,1050,1052,-1,1051,1052,1053,-1,1053,1052,1026,-1,1053,1026,1025,-1,1023,1021,1029,-1,1029,1021,1027,-1,1031,1029,1027,-1,1027,1026,1031,-1,1031,1026,1052,-1,1031,1052,1050,-1,1050,1048,1031,-1,1031,1048,1046,-1,1031,1046,1044,-1,1044,1042,1031,-1,1031,1042,1040,-1,1031,1040,1038,-1,1038,1036,1031,-1,1031,1036,1034,-1,1031,1034,1032,-1,1054,1055,1056,-1,1056,1055,1057,-1,1055,1054,1058,-1,1059,1060,1058,-1,1058,1060,1061,-1,1058,1061,1055,-1,1056,1057,1062,-1,1062,1057,1063,-1,1062,1063,1064,-1,1064,1063,1065,-1,1064,1065,1066,-1,1064,1066,1067,-1,1067,1066,1068,-1,1067,1068,1069,-1,1069,1068,1070,-1,1069,1070,1071,-1,1071,1070,1072,-1,1071,1072,1073,-1,1073,1072,1074,-1,1073,1074,1075,-1,1075,1074,1076,-1,1075,1076,1077,-1,1077,1076,1078,-1,1077,1078,1079,-1,1079,1078,1080,-1,1079,1080,1081,-1,1081,1080,1082,-1,1081,1082,1083,-1,1083,1082,1084,-1,1083,1084,1085,-1,1085,1084,1086,-1,1085,1086,1087,-1,1087,1086,1060,-1,1087,1060,1059,-1,1057,1055,1063,-1,1063,1055,1061,-1,1063,1061,1065,-1,1065,1061,1060,-1,1076,1074,1060,-1,1060,1074,1072,-1,1060,1072,1070,-1,1084,1082,1086,-1,1086,1082,1080,-1,1086,1080,1060,-1,1060,1080,1078,-1,1060,1078,1076,-1,1070,1068,1060,-1,1060,1068,1066,-1,1060,1066,1065,-1,1088,1089,1090,-1,1090,1089,1091,-1,1089,1088,1092,-1,1093,1094,1092,-1,1092,1094,1095,-1,1092,1095,1089,-1,1090,1091,1096,-1,1096,1091,1097,-1,1096,1097,1098,-1,1098,1097,1099,-1,1098,1099,1100,-1,1098,1100,1101,-1,1101,1100,1102,-1,1101,1102,1103,-1,1103,1102,1104,-1,1103,1104,1105,-1,1105,1104,1106,-1,1105,1106,1107,-1,1107,1106,1108,-1,1107,1108,1109,-1,1109,1108,1110,-1,1109,1110,1111,-1,1111,1110,1112,-1,1111,1112,1113,-1,1113,1112,1114,-1,1113,1114,1115,-1,1115,1114,1116,-1,1115,1116,1117,-1,1117,1116,1118,-1,1117,1118,1119,-1,1119,1118,1120,-1,1119,1120,1121,-1,1121,1120,1094,-1,1121,1094,1093,-1,1091,1089,1097,-1,1097,1089,1095,-1,1097,1095,1099,-1,1099,1095,1094,-1,1110,1108,1094,-1,1094,1108,1106,-1,1094,1106,1104,-1,1104,1102,1094,-1,1094,1102,1100,-1,1094,1100,1099,-1,1118,1116,1120,-1,1120,1116,1114,-1,1120,1114,1094,-1,1094,1114,1112,-1,1094,1112,1110,-1,1122,1123,1124,-1,1124,1123,1125,-1,1123,1122,1126,-1,1127,1128,1126,-1,1126,1128,1129,-1,1126,1129,1123,-1,1124,1125,1130,-1,1130,1125,1131,-1,1130,1131,1132,-1,1132,1131,1133,-1,1132,1133,1134,-1,1132,1134,1135,-1,1135,1134,1136,-1,1135,1136,1137,-1,1137,1136,1138,-1,1137,1138,1139,-1,1139,1138,1140,-1,1139,1140,1141,-1,1141,1140,1142,-1,1141,1142,1143,-1,1143,1142,1144,-1,1143,1144,1145,-1,1145,1144,1146,-1,1145,1146,1147,-1,1147,1146,1148,-1,1147,1148,1149,-1,1149,1148,1150,-1,1149,1150,1151,-1,1151,1150,1152,-1,1151,1152,1153,-1,1153,1152,1154,-1,1153,1154,1155,-1,1155,1154,1128,-1,1155,1128,1127,-1,1125,1123,1131,-1,1131,1123,1129,-1,1131,1129,1133,-1,1133,1129,1128,-1,1133,1128,1154,-1,1144,1133,1146,-1,1146,1133,1148,-1,1154,1152,1133,-1,1133,1152,1150,-1,1133,1150,1148,-1,1134,1133,1136,-1,1136,1133,1138,-1,1144,1142,1133,-1,1133,1142,1140,-1,1133,1140,1138,-1,1156,1157,1158,-1,1158,1157,1159,-1,1157,1156,1160,-1,1161,1162,1160,-1,1160,1162,1163,-1,1160,1163,1157,-1,1158,1159,1164,-1,1164,1159,1165,-1,1164,1165,1166,-1,1166,1165,1167,-1,1166,1167,1168,-1,1166,1168,1169,-1,1169,1168,1170,-1,1169,1170,1171,-1,1171,1170,1172,-1,1171,1172,1173,-1,1173,1172,1174,-1,1173,1174,1175,-1,1175,1174,1176,-1,1175,1176,1177,-1,1177,1176,1178,-1,1177,1178,1179,-1,1179,1178,1180,-1,1179,1180,1181,-1,1181,1180,1182,-1,1181,1182,1183,-1,1183,1182,1184,-1,1183,1184,1185,-1,1185,1184,1186,-1,1185,1186,1187,-1,1187,1186,1188,-1,1187,1188,1189,-1,1189,1188,1162,-1,1189,1162,1161,-1,1159,1157,1165,-1,1165,1157,1163,-1,1165,1163,1167,-1,1167,1163,1162,-1,1167,1162,1188,-1,1188,1186,1167,-1,1167,1186,1184,-1,1167,1184,1182,-1,1182,1180,1178,-1,1178,1176,1182,-1,1182,1176,1174,-1,1182,1174,1172,-1,1172,1170,1182,-1,1182,1170,1168,-1,1182,1168,1167,-1,1190,1191,1192,-1,1192,1191,1193,-1,1191,1190,1194,-1,1195,1196,1194,-1,1194,1196,1197,-1,1194,1197,1191,-1,1192,1193,1198,-1,1198,1193,1199,-1,1198,1199,1200,-1,1200,1199,1201,-1,1200,1201,1202,-1,1200,1202,1203,-1,1203,1202,1204,-1,1203,1204,1205,-1,1205,1204,1206,-1,1205,1206,1207,-1,1207,1206,1208,-1,1207,1208,1209,-1,1209,1208,1210,-1,1209,1210,1211,-1,1211,1210,1212,-1,1211,1212,1213,-1,1213,1212,1214,-1,1213,1214,1215,-1,1215,1214,1216,-1,1215,1216,1217,-1,1217,1216,1218,-1,1217,1218,1219,-1,1219,1218,1220,-1,1219,1220,1221,-1,1221,1220,1222,-1,1221,1222,1223,-1,1223,1222,1196,-1,1223,1196,1195,-1,1193,1191,1199,-1,1199,1191,1197,-1,1201,1199,1197,-1,1197,1196,1201,-1,1201,1196,1222,-1,1201,1222,1220,-1,1216,1214,1212,-1,1210,1208,1220,-1,1220,1208,1206,-1,1210,1220,1212,-1,1212,1220,1218,-1,1212,1218,1216,-1,1206,1204,1220,-1,1220,1204,1202,-1,1220,1202,1201,-1,1224,1225,1226,-1,1226,1225,1227,-1,1225,1224,1228,-1,1229,1230,1228,-1,1228,1230,1231,-1,1228,1231,1225,-1,1226,1227,1232,-1,1232,1227,1233,-1,1232,1233,1234,-1,1234,1233,1235,-1,1234,1235,1236,-1,1234,1236,1237,-1,1237,1236,1238,-1,1237,1238,1239,-1,1239,1238,1240,-1,1239,1240,1241,-1,1241,1240,1242,-1,1241,1242,1243,-1,1243,1242,1244,-1,1243,1244,1245,-1,1245,1244,1246,-1,1245,1246,1247,-1,1247,1246,1248,-1,1247,1248,1249,-1,1249,1248,1250,-1,1249,1250,1251,-1,1251,1250,1252,-1,1251,1252,1253,-1,1253,1252,1254,-1,1253,1254,1255,-1,1255,1254,1256,-1,1255,1256,1257,-1,1257,1256,1230,-1,1257,1230,1229,-1,1227,1225,1233,-1,1233,1225,1231,-1,1233,1231,1235,-1,1235,1231,1230,-1,1230,1256,1235,-1,1235,1256,1254,-1,1235,1254,1252,-1,1244,1242,1240,-1,1238,1236,1248,-1,1248,1236,1235,-1,1248,1235,1250,-1,1250,1235,1252,-1,1238,1248,1240,-1,1240,1248,1246,-1,1240,1246,1244,-1,1258,1259,1260,-1,1260,1259,1261,-1,1259,1258,1262,-1,1263,1264,1262,-1,1262,1264,1265,-1,1262,1265,1259,-1,1260,1261,1266,-1,1266,1261,1267,-1,1266,1267,1268,-1,1268,1267,1269,-1,1268,1269,1270,-1,1268,1270,1271,-1,1271,1270,1272,-1,1271,1272,1273,-1,1273,1272,1274,-1,1273,1274,1275,-1,1275,1274,1276,-1,1275,1276,1277,-1,1277,1276,1278,-1,1277,1278,1279,-1,1279,1278,1280,-1,1279,1280,1281,-1,1281,1280,1282,-1,1281,1282,1283,-1,1283,1282,1284,-1,1283,1284,1285,-1,1285,1284,1286,-1,1285,1286,1287,-1,1287,1286,1288,-1,1287,1288,1289,-1,1289,1288,1290,-1,1289,1290,1291,-1,1291,1290,1264,-1,1291,1264,1263,-1,1261,1259,1267,-1,1267,1259,1265,-1,1274,1272,1264,-1,1290,1288,1286,-1,1264,1282,1280,-1,1267,1265,1269,-1,1269,1265,1264,-1,1269,1264,1270,-1,1270,1264,1272,-1,1290,1286,1264,-1,1264,1286,1284,-1,1264,1284,1282,-1,1280,1278,1264,-1,1264,1278,1276,-1,1264,1276,1274,-1,1292,1293,1294,-1,1294,1293,1295,-1,1293,1292,1296,-1,1297,1298,1296,-1,1296,1298,1299,-1,1296,1299,1293,-1,1294,1295,1300,-1,1300,1295,1301,-1,1300,1301,1302,-1,1302,1301,1303,-1,1302,1303,1304,-1,1302,1304,1305,-1,1305,1304,1306,-1,1305,1306,1307,-1,1307,1306,1308,-1,1307,1308,1309,-1,1309,1308,1310,-1,1309,1310,1311,-1,1311,1310,1312,-1,1311,1312,1313,-1,1313,1312,1314,-1,1313,1314,1315,-1,1315,1314,1316,-1,1315,1316,1317,-1,1317,1316,1318,-1,1317,1318,1319,-1,1319,1318,1320,-1,1319,1320,1321,-1,1321,1320,1322,-1,1321,1322,1323,-1,1323,1322,1324,-1,1323,1324,1325,-1,1325,1324,1298,-1,1325,1298,1297,-1,1295,1293,1301,-1,1301,1293,1299,-1,1301,1299,1303,-1,1303,1299,1298,-1,1316,1308,1306,-1,1298,1324,1303,-1,1303,1324,1322,-1,1303,1322,1320,-1,1316,1314,1308,-1,1308,1314,1312,-1,1308,1312,1310,-1,1320,1318,1303,-1,1303,1318,1316,-1,1303,1316,1304,-1,1304,1316,1306,-1,1326,1327,1328,-1,1328,1327,1329,-1,1327,1326,1330,-1,1331,1332,1330,-1,1330,1332,1333,-1,1330,1333,1327,-1,1328,1329,1334,-1,1334,1329,1335,-1,1334,1335,1336,-1,1336,1335,1337,-1,1336,1337,1338,-1,1336,1338,1339,-1,1339,1338,1340,-1,1339,1340,1341,-1,1341,1340,1342,-1,1341,1342,1343,-1,1343,1342,1344,-1,1343,1344,1345,-1,1345,1344,1346,-1,1345,1346,1347,-1,1347,1346,1348,-1,1347,1348,1349,-1,1349,1348,1350,-1,1349,1350,1351,-1,1351,1350,1352,-1,1351,1352,1353,-1,1353,1352,1354,-1,1353,1354,1355,-1,1355,1354,1356,-1,1355,1356,1357,-1,1357,1356,1358,-1,1357,1358,1359,-1,1359,1358,1332,-1,1359,1332,1331,-1,1329,1327,1335,-1,1335,1327,1333,-1,1335,1333,1337,-1,1337,1333,1332,-1,1332,1358,1337,-1,1337,1358,1356,-1,1337,1356,1354,-1,1350,1342,1340,-1,1350,1348,1342,-1,1342,1348,1346,-1,1342,1346,1344,-1,1354,1352,1337,-1,1337,1352,1350,-1,1337,1350,1338,-1,1338,1350,1340,-1,1360,1361,1362,-1,1362,1361,1363,-1,1361,1360,1364,-1,1365,1366,1364,-1,1364,1366,1367,-1,1364,1367,1361,-1,1362,1363,1368,-1,1368,1363,1369,-1,1368,1369,1370,-1,1370,1369,1371,-1,1370,1371,1372,-1,1370,1372,1373,-1,1373,1372,1374,-1,1373,1374,1375,-1,1375,1374,1376,-1,1375,1376,1377,-1,1377,1376,1378,-1,1377,1378,1379,-1,1379,1378,1380,-1,1379,1380,1381,-1,1381,1380,1382,-1,1381,1382,1383,-1,1383,1382,1384,-1,1383,1384,1385,-1,1385,1384,1386,-1,1385,1386,1387,-1,1387,1386,1388,-1,1387,1388,1389,-1,1389,1388,1390,-1,1389,1390,1391,-1,1391,1390,1392,-1,1391,1392,1393,-1,1393,1392,1366,-1,1393,1366,1365,-1,1363,1361,1369,-1,1369,1361,1367,-1,1369,1367,1371,-1,1371,1367,1366,-1,1384,1376,1374,-1,1366,1392,1371,-1,1371,1392,1390,-1,1371,1390,1388,-1,1384,1382,1376,-1,1376,1382,1380,-1,1376,1380,1378,-1,1388,1386,1371,-1,1371,1386,1384,-1,1371,1384,1372,-1,1372,1384,1374,-1,1394,1395,1396,-1,1396,1395,1397,-1,1395,1394,1398,-1,1399,1400,1398,-1,1398,1400,1401,-1,1398,1401,1395,-1,1396,1397,1402,-1,1402,1397,1403,-1,1402,1403,1404,-1,1404,1403,1405,-1,1404,1405,1406,-1,1404,1406,1407,-1,1407,1406,1408,-1,1407,1408,1409,-1,1409,1408,1410,-1,1409,1410,1411,-1,1411,1410,1412,-1,1411,1412,1413,-1,1413,1412,1414,-1,1413,1414,1415,-1,1415,1414,1416,-1,1415,1416,1417,-1,1417,1416,1418,-1,1417,1418,1419,-1,1419,1418,1420,-1,1419,1420,1421,-1,1421,1420,1422,-1,1421,1422,1423,-1,1423,1422,1424,-1,1423,1424,1425,-1,1425,1424,1426,-1,1425,1426,1427,-1,1427,1426,1400,-1,1427,1400,1399,-1,1397,1395,1403,-1,1403,1395,1401,-1,1410,1408,1400,-1,1426,1424,1422,-1,1400,1418,1416,-1,1403,1401,1405,-1,1405,1401,1400,-1,1405,1400,1406,-1,1406,1400,1408,-1,1426,1422,1400,-1,1400,1422,1420,-1,1400,1420,1418,-1,1416,1414,1400,-1,1400,1414,1412,-1,1400,1412,1410,-1,1428,1429,1430,-1,1430,1429,1431,-1,1429,1428,1432,-1,1433,1434,1432,-1,1432,1434,1435,-1,1432,1435,1429,-1,1430,1431,1436,-1,1436,1431,1437,-1,1436,1437,1438,-1,1438,1437,1439,-1,1438,1439,1440,-1,1438,1440,1441,-1,1441,1440,1442,-1,1441,1442,1443,-1,1443,1442,1444,-1,1443,1444,1445,-1,1445,1444,1446,-1,1445,1446,1447,-1,1447,1446,1448,-1,1447,1448,1449,-1,1449,1448,1450,-1,1449,1450,1451,-1,1451,1450,1452,-1,1451,1452,1453,-1,1453,1452,1454,-1,1453,1454,1455,-1,1455,1454,1456,-1,1455,1456,1457,-1,1457,1456,1458,-1,1457,1458,1459,-1,1459,1458,1460,-1,1459,1460,1461,-1,1461,1460,1434,-1,1461,1434,1433,-1,1431,1429,1437,-1,1437,1429,1435,-1,1440,1439,1452,-1,1452,1439,1454,-1,1437,1435,1439,-1,1439,1435,1434,-1,1439,1434,1460,-1,1460,1458,1439,-1,1439,1458,1456,-1,1439,1456,1454,-1,1446,1444,1448,-1,1448,1444,1450,-1,1450,1444,1452,-1,1452,1444,1442,-1,1452,1442,1440,-1,1462,1463,1464,-1,1464,1463,1465,-1,1463,1462,1466,-1,1467,1468,1466,-1,1466,1468,1469,-1,1466,1469,1463,-1,1464,1465,1470,-1,1470,1465,1471,-1,1470,1471,1472,-1,1472,1471,1473,-1,1472,1473,1474,-1,1472,1474,1475,-1,1475,1474,1476,-1,1475,1476,1477,-1,1477,1476,1478,-1,1477,1478,1479,-1,1479,1478,1480,-1,1479,1480,1481,-1,1481,1480,1482,-1,1481,1482,1483,-1,1483,1482,1484,-1,1483,1484,1485,-1,1485,1484,1486,-1,1485,1486,1487,-1,1487,1486,1488,-1,1487,1488,1489,-1,1489,1488,1490,-1,1489,1490,1491,-1,1491,1490,1492,-1,1491,1492,1493,-1,1493,1492,1494,-1,1493,1494,1495,-1,1495,1494,1468,-1,1495,1468,1467,-1,1465,1463,1471,-1,1471,1463,1469,-1,1474,1473,1486,-1,1486,1473,1488,-1,1471,1469,1473,-1,1473,1469,1468,-1,1473,1468,1494,-1,1494,1492,1473,-1,1473,1492,1490,-1,1473,1490,1488,-1,1480,1478,1482,-1,1482,1478,1484,-1,1484,1478,1486,-1,1486,1478,1476,-1,1486,1476,1474,-1,1496,1497,1498,-1,1498,1497,1499,-1,1497,1496,1500,-1,1501,1502,1500,-1,1500,1502,1503,-1,1500,1503,1497,-1,1498,1499,1504,-1,1504,1499,1505,-1,1504,1505,1506,-1,1506,1505,1507,-1,1506,1507,1508,-1,1506,1508,1509,-1,1509,1508,1510,-1,1509,1510,1511,-1,1511,1510,1512,-1,1511,1512,1513,-1,1513,1512,1514,-1,1513,1514,1515,-1,1515,1514,1516,-1,1515,1516,1517,-1,1517,1516,1518,-1,1517,1518,1519,-1,1519,1518,1520,-1,1519,1520,1521,-1,1521,1520,1522,-1,1521,1522,1523,-1,1523,1522,1524,-1,1523,1524,1525,-1,1525,1524,1526,-1,1525,1526,1527,-1,1527,1526,1528,-1,1527,1528,1529,-1,1529,1528,1502,-1,1529,1502,1501,-1,1499,1497,1505,-1,1505,1497,1503,-1,1508,1507,1520,-1,1520,1507,1522,-1,1505,1503,1507,-1,1507,1503,1502,-1,1507,1502,1528,-1,1528,1526,1507,-1,1507,1526,1524,-1,1507,1524,1522,-1,1514,1512,1516,-1,1516,1512,1518,-1,1518,1512,1520,-1,1520,1512,1510,-1,1520,1510,1508,-1,1530,1531,1532,-1,1532,1531,1533,-1,1531,1530,1534,-1,1535,1536,1534,-1,1534,1536,1537,-1,1534,1537,1531,-1,1532,1533,1538,-1,1538,1533,1539,-1,1538,1539,1540,-1,1540,1539,1541,-1,1540,1541,1542,-1,1540,1542,1543,-1,1543,1542,1544,-1,1543,1544,1545,-1,1545,1544,1546,-1,1545,1546,1547,-1,1547,1546,1548,-1,1547,1548,1549,-1,1549,1548,1550,-1,1549,1550,1551,-1,1551,1550,1552,-1,1551,1552,1553,-1,1553,1552,1554,-1,1553,1554,1555,-1,1555,1554,1556,-1,1555,1556,1557,-1,1557,1556,1558,-1,1557,1558,1559,-1,1559,1558,1560,-1,1559,1560,1561,-1,1561,1560,1562,-1,1561,1562,1563,-1,1563,1562,1536,-1,1563,1536,1535,-1,1533,1531,1539,-1,1539,1531,1537,-1,1539,1537,1541,-1,1541,1537,1536,-1,1554,1546,1544,-1,1536,1562,1541,-1,1541,1562,1560,-1,1541,1560,1558,-1,1554,1552,1546,-1,1546,1552,1550,-1,1546,1550,1548,-1,1558,1556,1541,-1,1541,1556,1554,-1,1541,1554,1542,-1,1542,1554,1544,-1,1564,1565,1566,-1,1566,1565,1567,-1,1565,1564,1568,-1,1569,1570,1568,-1,1568,1570,1571,-1,1568,1571,1565,-1,1566,1567,1572,-1,1572,1567,1573,-1,1572,1573,1574,-1,1574,1573,1575,-1,1574,1575,1576,-1,1574,1576,1577,-1,1577,1576,1578,-1,1577,1578,1579,-1,1579,1578,1580,-1,1579,1580,1581,-1,1581,1580,1582,-1,1581,1582,1583,-1,1583,1582,1584,-1,1583,1584,1585,-1,1585,1584,1586,-1,1585,1586,1587,-1,1587,1586,1588,-1,1587,1588,1589,-1,1589,1588,1590,-1,1589,1590,1591,-1,1591,1590,1592,-1,1591,1592,1593,-1,1593,1592,1594,-1,1593,1594,1595,-1,1595,1594,1596,-1,1595,1596,1597,-1,1597,1596,1570,-1,1597,1570,1569,-1,1567,1565,1573,-1,1573,1565,1571,-1,1573,1571,1575,-1,1575,1571,1570,-1,1575,1570,1576,-1,1570,1596,1594,-1,1594,1592,1570,-1,1570,1592,1590,-1,1570,1590,1588,-1,1588,1586,1570,-1,1570,1586,1584,-1,1570,1584,1582,-1,1582,1580,1570,-1,1570,1580,1578,-1,1570,1578,1576,-1,1598,1599,1600,-1,1600,1599,1601,-1,1599,1598,1602,-1,1603,1604,1602,-1,1602,1604,1605,-1,1602,1605,1599,-1,1600,1601,1606,-1,1606,1601,1607,-1,1606,1607,1608,-1,1608,1607,1609,-1,1608,1609,1610,-1,1608,1610,1611,-1,1611,1610,1612,-1,1611,1612,1613,-1,1613,1612,1614,-1,1613,1614,1615,-1,1615,1614,1616,-1,1615,1616,1617,-1,1617,1616,1618,-1,1617,1618,1619,-1,1619,1618,1620,-1,1619,1620,1621,-1,1621,1620,1622,-1,1621,1622,1623,-1,1623,1622,1624,-1,1623,1624,1625,-1,1625,1624,1626,-1,1625,1626,1627,-1,1627,1626,1628,-1,1627,1628,1629,-1,1629,1628,1630,-1,1629,1630,1631,-1,1631,1630,1604,-1,1631,1604,1603,-1,1601,1599,1607,-1,1607,1599,1605,-1,1607,1605,1609,-1,1609,1605,1604,-1,1622,1614,1612,-1,1604,1630,1609,-1,1609,1630,1628,-1,1609,1628,1626,-1,1622,1620,1614,-1,1614,1620,1618,-1,1614,1618,1616,-1,1626,1624,1609,-1,1609,1624,1622,-1,1609,1622,1610,-1,1610,1622,1612,-1,1632,1633,1634,-1,1634,1633,1635,-1,1633,1632,1636,-1,1637,1638,1636,-1,1636,1638,1639,-1,1636,1639,1633,-1,1634,1635,1640,-1,1640,1635,1641,-1,1640,1641,1642,-1,1642,1641,1643,-1,1642,1643,1644,-1,1642,1644,1645,-1,1645,1644,1646,-1,1645,1646,1647,-1,1647,1646,1648,-1,1647,1648,1649,-1,1649,1648,1650,-1,1649,1650,1651,-1,1651,1650,1652,-1,1651,1652,1653,-1,1653,1652,1654,-1,1653,1654,1655,-1,1655,1654,1656,-1,1655,1656,1657,-1,1657,1656,1658,-1,1657,1658,1659,-1,1659,1658,1660,-1,1659,1660,1661,-1,1661,1660,1662,-1,1661,1662,1663,-1,1663,1662,1664,-1,1663,1664,1665,-1,1665,1664,1638,-1,1665,1638,1637,-1,1635,1633,1641,-1,1641,1633,1639,-1,1641,1639,1643,-1,1643,1639,1638,-1,1656,1648,1646,-1,1638,1664,1643,-1,1643,1664,1662,-1,1643,1662,1660,-1,1656,1654,1648,-1,1648,1654,1652,-1,1648,1652,1650,-1,1660,1658,1643,-1,1643,1658,1656,-1,1643,1656,1644,-1,1644,1656,1646,-1,1666,1667,1668,-1,1668,1667,1669,-1,1667,1666,1670,-1,1671,1672,1670,-1,1670,1672,1673,-1,1670,1673,1667,-1,1668,1669,1674,-1,1674,1669,1675,-1,1674,1675,1676,-1,1676,1675,1677,-1,1676,1677,1678,-1,1676,1678,1679,-1,1679,1678,1680,-1,1679,1680,1681,-1,1681,1680,1682,-1,1681,1682,1683,-1,1683,1682,1684,-1,1683,1684,1685,-1,1685,1684,1686,-1,1685,1686,1687,-1,1687,1686,1688,-1,1687,1688,1689,-1,1689,1688,1690,-1,1689,1690,1691,-1,1691,1690,1692,-1,1691,1692,1693,-1,1693,1692,1694,-1,1693,1694,1695,-1,1695,1694,1696,-1,1695,1696,1697,-1,1697,1696,1698,-1,1697,1698,1699,-1,1699,1698,1672,-1,1699,1672,1671,-1,1669,1667,1675,-1,1675,1667,1673,-1,1675,1673,1677,-1,1677,1673,1672,-1,1672,1698,1677,-1,1677,1698,1696,-1,1677,1696,1694,-1,1686,1684,1682,-1,1680,1678,1690,-1,1690,1678,1677,-1,1690,1677,1692,-1,1692,1677,1694,-1,1680,1690,1682,-1,1682,1690,1688,-1,1682,1688,1686,-1,1700,1701,1702,-1,1702,1701,1703,-1,1701,1700,1704,-1,1705,1706,1704,-1,1704,1706,1707,-1,1704,1707,1701,-1,1702,1703,1708,-1,1708,1703,1709,-1,1708,1709,1710,-1,1710,1709,1711,-1,1710,1711,1712,-1,1710,1712,1713,-1,1713,1712,1714,-1,1713,1714,1715,-1,1715,1714,1716,-1,1715,1716,1717,-1,1717,1716,1718,-1,1717,1718,1719,-1,1719,1718,1720,-1,1719,1720,1721,-1,1721,1720,1722,-1,1721,1722,1723,-1,1723,1722,1724,-1,1723,1724,1725,-1,1725,1724,1726,-1,1725,1726,1727,-1,1727,1726,1728,-1,1727,1728,1729,-1,1729,1728,1730,-1,1729,1730,1731,-1,1731,1730,1732,-1,1731,1732,1733,-1,1733,1732,1706,-1,1733,1706,1705,-1,1703,1701,1709,-1,1709,1701,1707,-1,1716,1714,1706,-1,1732,1730,1728,-1,1706,1724,1722,-1,1709,1707,1711,-1,1711,1707,1706,-1,1711,1706,1712,-1,1712,1706,1714,-1,1732,1728,1706,-1,1706,1728,1726,-1,1706,1726,1724,-1,1722,1720,1706,-1,1706,1720,1718,-1,1706,1718,1716,-1,1734,1735,1736,-1,1736,1735,1737,-1,1735,1734,1738,-1,1739,1740,1738,-1,1738,1740,1741,-1,1738,1741,1735,-1,1736,1737,1742,-1,1742,1737,1743,-1,1742,1743,1744,-1,1744,1743,1745,-1,1744,1745,1746,-1,1744,1746,1747,-1,1747,1746,1748,-1,1747,1748,1749,-1,1749,1748,1750,-1,1749,1750,1751,-1,1751,1750,1752,-1,1751,1752,1753,-1,1753,1752,1754,-1,1753,1754,1755,-1,1755,1754,1756,-1,1755,1756,1757,-1,1757,1756,1758,-1,1757,1758,1759,-1,1759,1758,1760,-1,1759,1760,1761,-1,1761,1760,1762,-1,1761,1762,1763,-1,1763,1762,1764,-1,1763,1764,1765,-1,1765,1764,1766,-1,1765,1766,1767,-1,1767,1766,1740,-1,1767,1740,1739,-1,1737,1735,1743,-1,1743,1735,1741,-1,1743,1741,1745,-1,1745,1741,1740,-1,1758,1750,1748,-1,1740,1766,1745,-1,1745,1766,1764,-1,1745,1764,1762,-1,1758,1756,1750,-1,1750,1756,1754,-1,1750,1754,1752,-1,1762,1760,1745,-1,1745,1760,1758,-1,1745,1758,1746,-1,1746,1758,1748,-1,1768,1769,1770,-1,1770,1769,1771,-1,1769,1768,1772,-1,1773,1774,1772,-1,1772,1774,1775,-1,1772,1775,1769,-1,1770,1771,1776,-1,1776,1771,1777,-1,1776,1777,1778,-1,1778,1777,1779,-1,1778,1779,1780,-1,1778,1780,1781,-1,1781,1780,1782,-1,1781,1782,1783,-1,1783,1782,1784,-1,1783,1784,1785,-1,1785,1784,1786,-1,1785,1786,1787,-1,1787,1786,1788,-1,1787,1788,1789,-1,1789,1788,1790,-1,1789,1790,1791,-1,1791,1790,1792,-1,1791,1792,1793,-1,1793,1792,1794,-1,1793,1794,1795,-1,1795,1794,1796,-1,1795,1796,1797,-1,1797,1796,1798,-1,1797,1798,1799,-1,1799,1798,1800,-1,1799,1800,1801,-1,1801,1800,1774,-1,1801,1774,1773,-1,1771,1769,1777,-1,1777,1769,1775,-1,1777,1775,1779,-1,1779,1775,1774,-1,1779,1774,1780,-1,1780,1774,1782,-1,1800,1798,1786,-1,1786,1798,1796,-1,1786,1796,1794,-1,1794,1792,1786,-1,1786,1792,1790,-1,1786,1790,1788,-1,1800,1786,1774,-1,1774,1786,1784,-1,1774,1784,1782,-1,1802,1803,1804,-1,1804,1803,1805,-1,1803,1802,1806,-1,1807,1808,1806,-1,1806,1808,1809,-1,1806,1809,1803,-1,1804,1805,1810,-1,1810,1805,1811,-1,1810,1811,1812,-1,1812,1811,1813,-1,1812,1813,1814,-1,1812,1814,1815,-1,1815,1814,1816,-1,1815,1816,1817,-1,1817,1816,1818,-1,1817,1818,1819,-1,1819,1818,1820,-1,1819,1820,1821,-1,1821,1820,1822,-1,1821,1822,1823,-1,1823,1822,1824,-1,1823,1824,1825,-1,1825,1824,1826,-1,1825,1826,1827,-1,1827,1826,1828,-1,1827,1828,1829,-1,1829,1828,1830,-1,1829,1830,1831,-1,1831,1830,1832,-1,1831,1832,1833,-1,1833,1832,1834,-1,1833,1834,1835,-1,1835,1834,1808,-1,1835,1808,1807,-1,1805,1803,1811,-1,1811,1803,1809,-1,1811,1809,1813,-1,1813,1809,1808,-1,1808,1834,1813,-1,1813,1834,1832,-1,1813,1832,1814,-1,1826,1832,1828,-1,1828,1832,1830,-1,1826,1824,1832,-1,1832,1824,1822,-1,1832,1822,1820,-1,1820,1818,1832,-1,1832,1818,1816,-1,1832,1816,1814,-1,1836,1837,1838,-1,1838,1837,1839,-1,1837,1836,1840,-1,1841,1842,1840,-1,1840,1842,1843,-1,1840,1843,1837,-1,1838,1839,1844,-1,1844,1839,1845,-1,1844,1845,1846,-1,1846,1845,1847,-1,1846,1847,1848,-1,1846,1848,1849,-1,1849,1848,1850,-1,1849,1850,1851,-1,1851,1850,1852,-1,1851,1852,1853,-1,1853,1852,1854,-1,1853,1854,1855,-1,1855,1854,1856,-1,1855,1856,1857,-1,1857,1856,1858,-1,1857,1858,1859,-1,1859,1858,1860,-1,1859,1860,1861,-1,1861,1860,1862,-1,1861,1862,1863,-1,1863,1862,1864,-1,1863,1864,1865,-1,1865,1864,1866,-1,1865,1866,1867,-1,1867,1866,1868,-1,1867,1868,1869,-1,1869,1868,1842,-1,1869,1842,1841,-1,1839,1837,1845,-1,1845,1837,1843,-1,1866,1856,1868,-1,1868,1856,1842,-1,1856,1854,1842,-1,1842,1854,1852,-1,1842,1852,1850,-1,1866,1864,1856,-1,1856,1864,1862,-1,1856,1862,1858,-1,1858,1862,1860,-1,1845,1843,1847,-1,1847,1843,1842,-1,1847,1842,1848,-1,1848,1842,1850,-1,1870,1871,1872,-1,1872,1871,1873,-1,1871,1870,1874,-1,1875,1876,1874,-1,1874,1876,1877,-1,1874,1877,1871,-1,1872,1873,1878,-1,1878,1873,1879,-1,1878,1879,1880,-1,1880,1879,1881,-1,1880,1881,1882,-1,1880,1882,1883,-1,1883,1882,1884,-1,1883,1884,1885,-1,1885,1884,1886,-1,1885,1886,1887,-1,1887,1886,1888,-1,1887,1888,1889,-1,1889,1888,1890,-1,1889,1890,1891,-1,1891,1890,1892,-1,1891,1892,1893,-1,1893,1892,1894,-1,1893,1894,1895,-1,1895,1894,1896,-1,1895,1896,1897,-1,1897,1896,1898,-1,1897,1898,1899,-1,1899,1898,1900,-1,1899,1900,1901,-1,1901,1900,1902,-1,1901,1902,1903,-1,1903,1902,1876,-1,1903,1876,1875,-1,1873,1871,1879,-1,1879,1871,1877,-1,1879,1877,1881,-1,1881,1877,1876,-1,1881,1876,1902,-1,1902,1900,1881,-1,1881,1900,1898,-1,1881,1898,1896,-1,1881,1890,1888,-1,1888,1886,1881,-1,1881,1886,1884,-1,1881,1884,1882,-1,1896,1894,1881,-1,1881,1894,1892,-1,1881,1892,1890,-1,1904,1905,1906,-1,1906,1905,1907,-1,1905,1904,1908,-1,1909,1910,1908,-1,1908,1910,1911,-1,1908,1911,1905,-1,1906,1907,1912,-1,1912,1907,1913,-1,1912,1913,1914,-1,1914,1913,1915,-1,1914,1915,1916,-1,1914,1916,1917,-1,1917,1916,1918,-1,1917,1918,1919,-1,1919,1918,1920,-1,1919,1920,1921,-1,1921,1920,1922,-1,1921,1922,1923,-1,1923,1922,1924,-1,1923,1924,1925,-1,1925,1924,1926,-1,1925,1926,1927,-1,1927,1926,1928,-1,1927,1928,1929,-1,1929,1928,1930,-1,1929,1930,1931,-1,1931,1930,1932,-1,1931,1932,1933,-1,1933,1932,1934,-1,1933,1934,1935,-1,1935,1934,1936,-1,1935,1936,1937,-1,1937,1936,1910,-1,1937,1910,1909,-1,1907,1905,1913,-1,1913,1905,1911,-1,1915,1913,1911,-1,1911,1910,1915,-1,1915,1910,1936,-1,1915,1936,1934,-1,1934,1932,1915,-1,1915,1932,1930,-1,1915,1930,1928,-1,1922,1920,1915,-1,1915,1920,1918,-1,1915,1918,1916,-1,1928,1926,1915,-1,1915,1926,1924,-1,1915,1924,1922,-1,1938,1939,1940,-1,1940,1939,1941,-1,1939,1938,1942,-1,1943,1944,1942,-1,1942,1944,1945,-1,1942,1945,1939,-1,1940,1941,1946,-1,1946,1941,1947,-1,1946,1947,1948,-1,1948,1947,1949,-1,1948,1949,1950,-1,1948,1950,1951,-1,1951,1950,1952,-1,1951,1952,1953,-1,1953,1952,1954,-1,1953,1954,1955,-1,1955,1954,1956,-1,1955,1956,1957,-1,1957,1956,1958,-1,1957,1958,1959,-1,1959,1958,1960,-1,1959,1960,1961,-1,1961,1960,1962,-1,1961,1962,1963,-1,1963,1962,1964,-1,1963,1964,1965,-1,1965,1964,1966,-1,1965,1966,1967,-1,1967,1966,1968,-1,1967,1968,1969,-1,1969,1968,1970,-1,1969,1970,1971,-1,1971,1970,1944,-1,1971,1944,1943,-1,1941,1939,1947,-1,1947,1939,1945,-1,1949,1947,1945,-1,1960,1958,1956,-1,1945,1944,1949,-1,1949,1944,1970,-1,1949,1970,1968,-1,1960,1956,1962,-1,1952,1950,1964,-1,1964,1950,1949,-1,1964,1949,1966,-1,1966,1949,1968,-1,1962,1956,1964,-1,1964,1956,1954,-1,1964,1954,1952,-1,1972,1973,1974,-1,1974,1973,1975,-1,1973,1972,1976,-1,1977,1978,1976,-1,1976,1978,1979,-1,1976,1979,1973,-1,1974,1975,1980,-1,1980,1975,1981,-1,1980,1981,1982,-1,1982,1981,1983,-1,1982,1983,1984,-1,1982,1984,1985,-1,1985,1984,1986,-1,1985,1986,1987,-1,1987,1986,1988,-1,1987,1988,1989,-1,1989,1988,1990,-1,1989,1990,1991,-1,1991,1990,1992,-1,1991,1992,1993,-1,1993,1992,1994,-1,1993,1994,1995,-1,1995,1994,1996,-1,1995,1996,1997,-1,1997,1996,1998,-1,1997,1998,1999,-1,1999,1998,2000,-1,1999,2000,2001,-1,2001,2000,2002,-1,2001,2002,2003,-1,2003,2002,2004,-1,2003,2004,2005,-1,2005,2004,1978,-1,2005,1978,1977,-1,1975,1973,1981,-1,1981,1973,1979,-1,1994,1992,1978,-1,2002,2000,1998,-1,2002,1998,2004,-1,1992,1990,1978,-1,1978,1990,1988,-1,1978,1988,1986,-1,2004,1998,1978,-1,1978,1998,1996,-1,1978,1996,1994,-1,1981,1979,1983,-1,1983,1979,1978,-1,1983,1978,1984,-1,1984,1978,1986,-1,2006,2007,2008,-1,2008,2007,2009,-1,2007,2006,2010,-1,2011,2012,2010,-1,2010,2012,2013,-1,2010,2013,2007,-1,2008,2009,2014,-1,2014,2009,2015,-1,2014,2015,2016,-1,2016,2015,2017,-1,2016,2017,2018,-1,2016,2018,2019,-1,2019,2018,2020,-1,2019,2020,2021,-1,2021,2020,2022,-1,2021,2022,2023,-1,2023,2022,2024,-1,2023,2024,2025,-1,2025,2024,2026,-1,2025,2026,2027,-1,2027,2026,2028,-1,2027,2028,2029,-1,2029,2028,2030,-1,2029,2030,2031,-1,2031,2030,2032,-1,2031,2032,2033,-1,2033,2032,2034,-1,2033,2034,2035,-1,2035,2034,2036,-1,2035,2036,2037,-1,2037,2036,2038,-1,2037,2038,2039,-1,2039,2038,2012,-1,2039,2012,2011,-1,2009,2007,2015,-1,2015,2007,2013,-1,2028,2026,2012,-1,2026,2024,2012,-1,2012,2024,2022,-1,2012,2022,2020,-1,2034,2032,2036,-1,2036,2032,2038,-1,2038,2032,2012,-1,2012,2032,2030,-1,2012,2030,2028,-1,2015,2013,2017,-1,2017,2013,2012,-1,2017,2012,2018,-1,2018,2012,2020,-1,2040,2041,2042,-1,2042,2041,2043,-1,2041,2040,2044,-1,2045,2046,2044,-1,2044,2046,2047,-1,2044,2047,2041,-1,2042,2043,2048,-1,2048,2043,2049,-1,2048,2049,2050,-1,2050,2049,2051,-1,2050,2051,2052,-1,2050,2052,2053,-1,2053,2052,2054,-1,2053,2054,2055,-1,2055,2054,2056,-1,2055,2056,2057,-1,2057,2056,2058,-1,2057,2058,2059,-1,2059,2058,2060,-1,2059,2060,2061,-1,2061,2060,2062,-1,2061,2062,2063,-1,2063,2062,2064,-1,2063,2064,2065,-1,2065,2064,2066,-1,2065,2066,2067,-1,2067,2066,2068,-1,2067,2068,2069,-1,2069,2068,2070,-1,2069,2070,2071,-1,2071,2070,2072,-1,2071,2072,2073,-1,2073,2072,2046,-1,2073,2046,2045,-1,2043,2041,2049,-1,2049,2041,2047,-1,2062,2060,2046,-1,2070,2068,2066,-1,2070,2066,2072,-1,2060,2058,2046,-1,2046,2058,2056,-1,2046,2056,2054,-1,2072,2066,2046,-1,2046,2066,2064,-1,2046,2064,2062,-1,2049,2047,2051,-1,2051,2047,2046,-1,2051,2046,2052,-1,2052,2046,2054,-1,2074,2075,2076,-1,2076,2075,2077,-1,2075,2074,2078,-1,2079,2080,2078,-1,2078,2080,2081,-1,2078,2081,2075,-1,2076,2077,2082,-1,2082,2077,2083,-1,2082,2083,2084,-1,2084,2083,2085,-1,2084,2085,2086,-1,2084,2086,2087,-1,2087,2086,2088,-1,2087,2088,2089,-1,2089,2088,2090,-1,2089,2090,2091,-1,2091,2090,2092,-1,2091,2092,2093,-1,2093,2092,2094,-1,2093,2094,2095,-1,2095,2094,2096,-1,2095,2096,2097,-1,2097,2096,2098,-1,2097,2098,2099,-1,2099,2098,2100,-1,2099,2100,2101,-1,2101,2100,2102,-1,2101,2102,2103,-1,2103,2102,2104,-1,2103,2104,2105,-1,2105,2104,2106,-1,2105,2106,2107,-1,2107,2106,2080,-1,2107,2080,2079,-1,2077,2075,2083,-1,2083,2075,2081,-1,2083,2081,2085,-1,2085,2081,2080,-1,2085,2080,2086,-1,2086,2080,2088,-1,2092,2106,2104,-1,2094,2092,2096,-1,2096,2092,2098,-1,2106,2092,2080,-1,2080,2092,2090,-1,2080,2090,2088,-1,2104,2102,2092,-1,2092,2102,2100,-1,2092,2100,2098,-1,2108,2109,2110,-1,2110,2109,2111,-1,2109,2108,2112,-1,2113,2114,2112,-1,2112,2114,2115,-1,2112,2115,2109,-1,2110,2111,2116,-1,2116,2111,2117,-1,2116,2117,2118,-1,2118,2117,2119,-1,2118,2119,2120,-1,2118,2120,2121,-1,2121,2120,2122,-1,2121,2122,2123,-1,2123,2122,2124,-1,2123,2124,2125,-1,2125,2124,2126,-1,2125,2126,2127,-1,2127,2126,2128,-1,2127,2128,2129,-1,2129,2128,2130,-1,2129,2130,2131,-1,2131,2130,2132,-1,2131,2132,2133,-1,2133,2132,2134,-1,2133,2134,2135,-1,2135,2134,2136,-1,2135,2136,2137,-1,2137,2136,2138,-1,2137,2138,2139,-1,2139,2138,2140,-1,2139,2140,2141,-1,2141,2140,2114,-1,2141,2114,2113,-1,2111,2109,2117,-1,2117,2109,2115,-1,2117,2115,2119,-1,2119,2115,2114,-1,2114,2140,2119,-1,2119,2140,2138,-1,2119,2138,2120,-1,2132,2138,2134,-1,2134,2138,2136,-1,2132,2130,2138,-1,2138,2130,2128,-1,2138,2128,2126,-1,2126,2124,2138,-1,2138,2124,2122,-1,2138,2122,2120,-1,2142,2143,2144,-1,2144,2143,2145,-1,2143,2142,2146,-1,2147,2148,2146,-1,2146,2148,2149,-1,2146,2149,2143,-1,2144,2145,2150,-1,2150,2145,2151,-1,2150,2151,2152,-1,2152,2151,2153,-1,2152,2153,2154,-1,2152,2154,2155,-1,2155,2154,2156,-1,2155,2156,2157,-1,2157,2156,2158,-1,2157,2158,2159,-1,2159,2158,2160,-1,2159,2160,2161,-1,2161,2160,2162,-1,2161,2162,2163,-1,2163,2162,2164,-1,2163,2164,2165,-1,2165,2164,2166,-1,2165,2166,2167,-1,2167,2166,2168,-1,2167,2168,2169,-1,2169,2168,2170,-1,2169,2170,2171,-1,2171,2170,2172,-1,2171,2172,2173,-1,2173,2172,2174,-1,2173,2174,2175,-1,2175,2174,2148,-1,2175,2148,2147,-1,2145,2143,2151,-1,2151,2143,2149,-1,2151,2149,2153,-1,2153,2149,2148,-1,2153,2148,2174,-1,2174,2172,2153,-1,2153,2172,2170,-1,2153,2170,2168,-1,2153,2162,2160,-1,2160,2158,2153,-1,2153,2158,2156,-1,2153,2156,2154,-1,2168,2166,2153,-1,2153,2166,2164,-1,2153,2164,2162,-1,2176,2177,2178,-1,2178,2177,2179,-1,2177,2176,2180,-1,2181,2182,2180,-1,2180,2182,2183,-1,2180,2183,2177,-1,2178,2179,2184,-1,2184,2179,2185,-1,2184,2185,2186,-1,2186,2185,2187,-1,2186,2187,2188,-1,2186,2188,2189,-1,2189,2188,2190,-1,2189,2190,2191,-1,2191,2190,2192,-1,2191,2192,2193,-1,2193,2192,2194,-1,2193,2194,2195,-1,2195,2194,2196,-1,2195,2196,2197,-1,2197,2196,2198,-1,2197,2198,2199,-1,2199,2198,2200,-1,2199,2200,2201,-1,2201,2200,2202,-1,2201,2202,2203,-1,2203,2202,2204,-1,2203,2204,2205,-1,2205,2204,2206,-1,2205,2206,2207,-1,2207,2206,2208,-1,2207,2208,2209,-1,2209,2208,2182,-1,2209,2182,2181,-1,2179,2177,2185,-1,2185,2177,2183,-1,2185,2183,2187,-1,2187,2183,2182,-1,2187,2182,2208,-1,2208,2206,2187,-1,2187,2206,2204,-1,2187,2204,2202,-1,2202,2200,2198,-1,2198,2196,2202,-1,2202,2196,2194,-1,2202,2194,2192,-1,2192,2190,2202,-1,2202,2190,2188,-1,2202,2188,2187,-1,2210,2211,2212,-1,2212,2211,2213,-1,2211,2210,2214,-1,2215,2216,2214,-1,2214,2216,2217,-1,2214,2217,2211,-1,2212,2213,2218,-1,2218,2213,2219,-1,2218,2219,2220,-1,2220,2219,2221,-1,2220,2221,2222,-1,2220,2222,2223,-1,2223,2222,2224,-1,2223,2224,2225,-1,2225,2224,2226,-1,2225,2226,2227,-1,2227,2226,2228,-1,2227,2228,2229,-1,2229,2228,2230,-1,2229,2230,2231,-1,2231,2230,2232,-1,2231,2232,2233,-1,2233,2232,2234,-1,2233,2234,2235,-1,2235,2234,2236,-1,2235,2236,2237,-1,2237,2236,2238,-1,2237,2238,2239,-1,2239,2238,2240,-1,2239,2240,2241,-1,2241,2240,2242,-1,2241,2242,2243,-1,2243,2242,2216,-1,2243,2216,2215,-1,2213,2211,2219,-1,2219,2211,2217,-1,2219,2217,2221,-1,2221,2217,2216,-1,2221,2216,2222,-1,2222,2216,2224,-1,2242,2240,2228,-1,2228,2240,2238,-1,2228,2238,2236,-1,2236,2234,2228,-1,2228,2234,2232,-1,2228,2232,2230,-1,2242,2228,2216,-1,2216,2228,2226,-1,2216,2226,2224,-1,2244,2245,2246,-1,2246,2245,2247,-1,2245,2244,2248,-1,2249,2250,2248,-1,2248,2250,2251,-1,2248,2251,2245,-1,2246,2247,2252,-1,2252,2247,2253,-1,2252,2253,2254,-1,2254,2253,2255,-1,2254,2255,2256,-1,2254,2256,2257,-1,2257,2256,2258,-1,2257,2258,2259,-1,2259,2258,2260,-1,2259,2260,2261,-1,2261,2260,2262,-1,2261,2262,2263,-1,2263,2262,2264,-1,2263,2264,2265,-1,2265,2264,2266,-1,2265,2266,2267,-1,2267,2266,2268,-1,2267,2268,2269,-1,2269,2268,2270,-1,2269,2270,2271,-1,2271,2270,2272,-1,2271,2272,2273,-1,2273,2272,2274,-1,2273,2274,2275,-1,2275,2274,2276,-1,2275,2276,2277,-1,2277,2276,2250,-1,2277,2250,2249,-1,2247,2245,2253,-1,2253,2245,2251,-1,2253,2251,2255,-1,2255,2251,2250,-1,2250,2276,2255,-1,2255,2276,2274,-1,2255,2274,2256,-1,2268,2274,2270,-1,2270,2274,2272,-1,2268,2266,2274,-1,2274,2266,2264,-1,2274,2264,2262,-1,2262,2260,2274,-1,2274,2260,2258,-1,2274,2258,2256,-1,2278,2279,2280,-1,2280,2279,2281,-1,2279,2278,2282,-1,2283,2284,2282,-1,2282,2284,2285,-1,2282,2285,2279,-1,2280,2281,2286,-1,2286,2281,2287,-1,2286,2287,2288,-1,2288,2287,2289,-1,2288,2289,2290,-1,2288,2290,2291,-1,2291,2290,2292,-1,2291,2292,2293,-1,2293,2292,2294,-1,2293,2294,2295,-1,2295,2294,2296,-1,2295,2296,2297,-1,2297,2296,2298,-1,2297,2298,2299,-1,2299,2298,2300,-1,2299,2300,2301,-1,2301,2300,2302,-1,2301,2302,2303,-1,2303,2302,2304,-1,2303,2304,2305,-1,2305,2304,2306,-1,2305,2306,2307,-1,2307,2306,2308,-1,2307,2308,2309,-1,2309,2308,2310,-1,2309,2310,2311,-1,2311,2310,2284,-1,2311,2284,2283,-1,2281,2279,2287,-1,2287,2279,2285,-1,2287,2285,2289,-1,2289,2285,2284,-1,2289,2284,2290,-1,2310,2308,2294,-1,2310,2294,2284,-1,2284,2294,2292,-1,2284,2292,2290,-1,2298,2304,2300,-1,2300,2304,2302,-1,2308,2306,2294,-1,2294,2306,2304,-1,2294,2304,2296,-1,2296,2304,2298,-1,2312,2313,2314,-1,2314,2313,2315,-1,2314,2315,2316,-1,2316,2315,2317,-1,2317,2315,2318,-1,2317,2318,2319,-1,2319,2318,2320,-1,2320,2318,2321,-1,2320,2321,2322,-1,2323,2322,2324,-1,2324,2322,2321,-1,2323,2324,2325,-1,2325,2324,2313,-1,2325,2313,2312,-1,
        ]
    }
}
Shape{
    appearance Appearance {
        material  Material 	{
            diffuseColor 0.34901960784313724 0.34901960784313724 0.34901960784313724
            specularColor 0.023529411764705882 0.023529411764705882 0.023529411764705882
            ambientIntensity 0.498
            transparency 0.0
            shininess 0.5
        }
    }
    geometry IndexedFaceSet {
        ccw TRUE
        solid FALSE
        coord DEF co Coordinate {
            point [
                -1.4567 -1.4173 0.3858, -1.4567 -1.4173 0.3937, -1.4669 -1.4186 0.3858, -1.4669 -1.4186 0.3937, -1.4764 -1.4226 0.3858, -1.4764 -1.4226 0.3937, -1.4846 -1.4288 0.3858, -1.4846 -1.4288 0.3937, -1.4908 -1.437 0.3858, -1.4908 -1.437 0.3937, -1.4948 -1.4465 0.3858, -1.4948 -1.4465 0.3937, -1.4961 -1.4567 0.3858, -1.4961 -1.4567 0.3937, -1.4948 -1.4669 0.3858, -1.4948 -1.4669 0.3937, -1.4908 -1.4763 0.3858, -1.4908 -1.4763 0.3937, -1.4846 -1.4845 0.3858, -1.4846 -1.4845 0.3937, -1.4764 -1.4908 0.3858, -1.4764 -1.4908 0.3937, -1.4669 -1.4947 0.3858, -1.4669 -1.4947 0.3937, -1.4567 -1.496 0.3858, -1.4567 -1.496 0.3937, -1.4465 -1.4947 0.3858, -1.4465 -1.4947 0.3937, -1.437 -1.4908 0.3858, -1.437 -1.4908 0.3937, -1.4289 -1.4845 0.3858, -1.4289 -1.4845 0.3937, -1.4226 -1.4763 0.3858, -1.4226 -1.4763 0.3937, -1.4187 -1.4669 0.3858, -1.4187 -1.4669 0.3937, -1.4174 -1.4567 0.3858, -1.4174 -1.4567 0.3937, -1.4187 -1.4465 0.3858, -1.4187 -1.4465 0.3937, -1.4226 -1.437 0.3858, -1.4226 -1.437 0.3937, -1.4289 -1.4288 0.3858, -1.4289 -1.4288 0.3937, -1.437 -1.4226 0.3858, -1.437 -1.4226 0.3937, -1.4465 -1.4186 0.3858, -1.4465 -1.4186 0.3937, -1.4567 -1.4567 0.3858
            ]
        }
        coordIndex [
            0,1,2,-1,2,1,3,-1,2,3,4,-1,4,3,5,-1,4,5,6,-1,6,5,7,-1,6,7,8,-1,8,7,9,-1,8,9,10,-1,10,9,11,-1,10,11,12,-1,12,11,13,-1,12,13,14,-1,14,13,15,-1,14,15,16,-1,16,15,17,-1,16,17,18,-1,18,17,19,-1,18,19,20,-1,20,19,21,-1,20,21,22,-1,22,21,23,-1,22,23,24,-1,24,23,25,-1,24,25,26,-1,26,25,27,-1,26,27,28,-1,28,27,29,-1,28,29,30,-1,30,29,31,-1,30,31,32,-1,32,31,33,-1,32,33,34,-1,34,33,35,-1,34,35,36,-1,36,35,37,-1,36,37,38,-1,38,37,39,-1,38,39,40,-1,40,39,41,-1,40,41,42,-1,42,41,43,-1,42,43,44,-1,44,43,45,-1,44,45,46,-1,46,45,47,-1,46,47,0,-1,0,47,1,-1,44,46,48,-1,48,46,0,-1,48,0,2,-1,38,40,48,-1,48,40,42,-1,48,42,44,-1,32,34,48,-1,48,34,36,-1,48,36,38,-1,26,28,48,-1,48,28,30,-1,48,30,32,-1,20,22,48,-1,48,22,24,-1,48,24,26,-1,14,16,48,-1,48,16,18,-1,48,18,20,-1,8,10,48,-1,48,10,12,-1,48,12,14,-1,2,4,48,-1,48,4,6,-1,48,6,8,-1,
        ]
    }
}
Shape{
    appearance Appearance {
        material  Material 	{
            diffuseColor 1.0 1.0 1.0
            specularColor 0.8784313725490196 0.8784313725490196 0.8784313725490196
            ambientIntensity 1.0
            transparency 0.0
            shininess 0.5
        }
    }
    geometry IndexedFaceSet {
        ccw TRUE
        solid FALSE
        coord DEF co Coordinate {
            point [
                -0.0196 -0.0667 0.0079, 0.0198 -0.0821 0.0079, -0.0196 -0.0667 0.0, 0.0198 -0.0821 0.0, 0.0198 -0.0763 0.0079, 0.0198 -0.0763 0.0, 0.0087 -0.0723 0.0079, 0.0087 -0.0723 0.0, 0.0087 -0.0561 0.0079, 0.0087 -0.0561 0.0, 0.0198 -0.0523 0.0079, 0.0198 -0.0523 0.0, 0.0198 -0.0465 0.0079, 0.0198 -0.0465 0.0, -0.0196 -0.0614 0.0079, -0.0196 -0.0614 0.0, 0.0044 -0.0574 0.0079, -0.012 -0.0633 0.0079, -0.0134 -0.0636 0.0079, -0.0148 -0.0639 0.0079, -0.0148 -0.064 0.0079, -0.0134 -0.0643 0.0079, -0.012 -0.0646 0.0079, 0.0044 -0.0706 0.0079, 0.0044 -0.0574 0.0, 0.0044 -0.0706 0.0, -0.012 -0.0633 0.0, -0.0134 -0.0636 0.0, -0.0148 -0.0639 0.0, -0.0148 -0.064 0.0, -0.0134 -0.0643 0.0, -0.012 -0.0646 0.0, 0.0198 -0.0227 0.0079, 0.0198 -0.012 0.0079, 0.0198 -0.0227 0.0, 0.0198 -0.012 0.0, -0.0196 -0.012 0.0079, -0.0196 -0.012 0.0, -0.0196 -0.0231 0.0079, -0.0196 -0.0231 0.0, -0.0004 -0.0437 0.0079, -0.0004 -0.0437 0.0, -0.0041 -0.0434 0.0, -0.0041 -0.0434 0.0079, -0.008 -0.0423 0.0, -0.008 -0.0423 0.0079, -0.0114 -0.0405 0.0, -0.0114 -0.0405 0.0079, -0.0145 -0.0377 0.0, -0.0145 -0.0377 0.0079, -0.0145 -0.0377 0.0, -0.0145 -0.0377 0.0079, -0.0174 -0.0334 0.0, -0.0174 -0.0334 0.0079, -0.019 -0.0288 0.0, -0.019 -0.0288 0.0079, 0.0193 -0.0275 0.0, 0.0193 -0.0275 0.0079, 0.018 -0.0321 0.0, 0.018 -0.0321 0.0079, 0.0156 -0.0362 0.0, 0.0156 -0.0362 0.0079, 0.0125 -0.0394 0.0, 0.0125 -0.0394 0.0079, 0.009 -0.0417 0.0, 0.009 -0.0417 0.0079, 0.0049 -0.0431 0.0, 0.0049 -0.0431 0.0079, -0.0098 -0.0358 0.0079, -0.0118 -0.0338 0.0079, -0.0137 -0.031 0.0079, -0.0148 -0.0277 0.0079, -0.0153 -0.0231 0.0079, -0.0153 -0.0173 0.0079, 0.0154 -0.0173 0.0079, 0.0154 -0.0228 0.0079, 0.0151 -0.027 0.0079, 0.014 -0.0303 0.0079, 0.0124 -0.033 0.0079, 0.0102 -0.0352 0.0079, 0.0075 -0.0369 0.0079, 0.0038 -0.038 0.0079, -0.0003 -0.0384 0.0079, -0.0042 -0.038 0.0079, -0.0073 -0.0371 0.0079, -0.0153 -0.0231 0.0, -0.0153 -0.0173 0.0, -0.0148 -0.0277 0.0, -0.0137 -0.031 0.0, -0.0118 -0.0338 0.0, -0.0098 -0.0358 0.0, -0.0073 -0.0371 0.0, -0.0042 -0.038 0.0, -0.0003 -0.0384 0.0, 0.0038 -0.038 0.0, 0.0075 -0.0369 0.0, 0.0102 -0.0352 0.0, 0.0124 -0.033 0.0, 0.014 -0.0303 0.0, 0.0151 -0.027 0.0, 0.0154 -0.0228 0.0, 0.0154 -0.0173 0.0, 0.0154 -0.0043 0.0079, 0.0198 -0.0043 0.0079, 0.0154 -0.0043 0.0, 0.0198 -0.0043 0.0, 0.0198 0.0168 0.0079, 0.0198 0.0168 0.0, -0.0196 0.0168 0.0079, -0.0196 0.0168 0.0, -0.0196 -0.0033 0.0079, -0.0196 -0.0033 0.0, -0.0153 -0.0033 0.0079, -0.0153 -0.0033 0.0, -0.0153 0.0116 0.0079, -0.0153 0.0116 0.0, -0.0023 0.0116 0.0079, -0.0023 0.0116 0.0, -0.0023 -0.0024 0.0079, -0.0023 -0.0024 0.0, 0.002 -0.0024 0.0079, 0.002 -0.0024 0.0, 0.002 0.0116 0.0079, 0.002 0.0116 0.0, 0.0154 0.0116 0.0079, 0.0154 0.0116 0.0, 0.0134 0.0245 0.0079, 0.0177 0.0245 0.0079, 0.0134 0.0245 0.0, 0.0177 0.0245 0.0, 0.0194 0.0287 0.0079, 0.0202 0.0353 0.0079, 0.0202 0.0353 0.0, 0.0202 0.0343 0.0, 0.0202 0.0343 0.0079, 0.02 0.0327 0.0, 0.0194 0.0287 0.0, 0.02 0.0377 0.0, 0.0197 0.0402 0.0079, 0.0197 0.0402 0.0, 0.0184 0.044 0.0079, 0.0184 0.044 0.0, 0.0164 0.0472 0.0079, 0.0164 0.0472 0.0, 0.0133 0.0501 0.0079, 0.0133 0.0501 0.0, 0.0095 0.0522 0.0079, 0.0095 0.0522 0.0, 0.0054 0.0534 0.0079, 0.0054 0.0534 0.0, 0.0008 0.0538 0.0079, 0.0008 0.0538 0.0, -0.0201 0.0338 0.0079, -0.0201 0.0338 0.0, -0.0198 0.0377 0.0, -0.0198 0.0377 0.0079, -0.0185 0.0421 0.0, -0.0185 0.0421 0.0079, -0.0163 0.0459 0.0, -0.0163 0.0459 0.0079, -0.0129 0.0494 0.0, -0.0129 0.0494 0.0079, -0.0092 0.0517 0.0, -0.0092 0.0517 0.0079, -0.0048 0.0532 0.0, -0.0048 0.0532 0.0079, -0.0185 0.0245 0.0079, -0.0185 0.0245 0.0, -0.0198 0.0291 0.0, -0.0198 0.0291 0.0079, -0.0132 0.0245 0.0079, -0.0132 0.0245 0.0, -0.0158 0.0337 0.0079, -0.0158 0.0337 0.0, -0.0151 0.029 0.0, -0.0151 0.029 0.0079, 0.0005 0.0485 0.0079, 0.0005 0.0485 0.0, -0.0026 0.0483 0.0, -0.0026 0.0483 0.0079, -0.0068 0.0473 0.0, -0.0068 0.0473 0.0079, -0.0098 0.0457 0.0, -0.0098 0.0457 0.0079, -0.0124 0.0433 0.0, -0.0124 0.0433 0.0079, -0.0143 0.0406 0.0, -0.0143 0.0406 0.0079, -0.0153 0.0376 0.0, -0.0153 0.0376 0.0079, 0.0159 0.0346 0.0079, 0.0159 0.0346 0.0, 0.0155 0.0383 0.0, 0.0155 0.0383 0.0079, 0.0145 0.0412 0.0, 0.0145 0.0412 0.0079, 0.0128 0.0436 0.0, 0.0128 0.0436 0.0079, 0.0109 0.0454 0.0, 0.0109 0.0454 0.0079, 0.0081 0.0471 0.0, 0.0081 0.0471 0.0079, 0.0048 0.0481 0.0, 0.0048 0.0481 0.0079, 0.0138 0.0252 0.0, 0.0138 0.0252 0.0079, 0.0153 0.0294 0.0, 0.0153 0.0294 0.0079, 0.0154 0.0572 0.0079, 0.0198 0.0572 0.0079, 0.0154 0.0572 0.0, 0.0198 0.0572 0.0, 0.0198 0.0773 0.0079, 0.0198 0.0773 0.0, -0.0196 0.0773 0.0079, -0.0196 0.0773 0.0, -0.0196 0.072 0.0079, -0.0196 0.072 0.0, 0.0154 0.072 0.0079, 0.0154 0.072 0.0
            ]
        }
        coordIndex [
            0,1,2,-1,2,1,3,-1,1,4,3,-1,3,4,5,-1,4,6,5,-1,5,6,7,-1,6,8,7,-1,7,8,9,-1,8,10,9,-1,9,10,11,-1,10,12,11,-1,11,12,13,-1,12,14,13,-1,13,14,15,-1,14,0,15,-1,15,0,2,-1,16,17,14,-1,12,10,8,-1,17,18,14,-1,14,18,19,-1,14,19,0,-1,0,19,20,-1,0,20,21,-1,21,22,0,-1,0,22,23,-1,0,23,1,-1,4,1,6,-1,6,1,23,-1,6,23,8,-1,8,23,16,-1,8,16,12,-1,12,16,14,-1,16,23,24,-1,24,23,25,-1,17,16,26,-1,26,16,24,-1,17,26,27,-1,17,27,18,-1,18,27,28,-1,18,28,19,-1,20,19,29,-1,29,19,28,-1,20,29,30,-1,20,30,21,-1,21,30,31,-1,21,31,22,-1,23,22,25,-1,25,22,31,-1,32,33,34,-1,34,33,35,-1,33,36,35,-1,35,36,37,-1,36,38,37,-1,37,38,39,-1,40,41,42,-1,40,42,43,-1,43,42,44,-1,43,44,45,-1,45,44,46,-1,45,46,47,-1,47,46,48,-1,47,48,49,-1,49,48,50,-1,49,50,51,-1,51,50,52,-1,51,52,53,-1,53,52,54,-1,53,54,55,-1,55,54,39,-1,55,39,38,-1,32,34,56,-1,32,56,57,-1,57,56,58,-1,57,58,59,-1,59,58,60,-1,59,60,61,-1,61,60,62,-1,61,62,63,-1,63,62,64,-1,63,64,65,-1,65,64,66,-1,65,66,67,-1,67,66,41,-1,67,41,40,-1,45,47,68,-1,68,47,49,-1,68,49,69,-1,69,49,51,-1,69,51,70,-1,70,51,53,-1,70,53,71,-1,71,53,55,-1,71,55,72,-1,72,55,38,-1,72,38,73,-1,73,38,36,-1,73,36,74,-1,74,36,33,-1,74,33,75,-1,75,33,32,-1,75,32,76,-1,76,32,57,-1,76,57,77,-1,77,57,59,-1,77,59,78,-1,78,59,61,-1,78,61,79,-1,79,61,63,-1,79,63,80,-1,80,63,65,-1,80,65,81,-1,81,65,67,-1,81,67,82,-1,82,67,40,-1,82,40,83,-1,83,40,43,-1,83,43,84,-1,84,43,45,-1,84,45,68,-1,72,73,85,-1,85,73,86,-1,72,85,87,-1,72,87,71,-1,71,87,88,-1,71,88,70,-1,70,88,89,-1,70,89,69,-1,69,89,90,-1,69,90,68,-1,68,90,91,-1,68,91,84,-1,84,91,92,-1,84,92,83,-1,83,92,93,-1,83,93,82,-1,82,93,94,-1,82,94,81,-1,81,94,95,-1,81,95,80,-1,80,95,96,-1,80,96,79,-1,79,96,97,-1,79,97,78,-1,78,97,98,-1,78,98,77,-1,77,98,99,-1,77,99,76,-1,76,99,100,-1,76,100,75,-1,74,75,101,-1,101,75,100,-1,73,74,86,-1,86,74,101,-1,102,103,104,-1,104,103,105,-1,103,106,105,-1,105,106,107,-1,106,108,107,-1,107,108,109,-1,108,110,109,-1,109,110,111,-1,110,112,111,-1,111,112,113,-1,112,114,113,-1,113,114,115,-1,114,116,115,-1,115,116,117,-1,116,118,117,-1,117,118,119,-1,118,120,119,-1,119,120,121,-1,120,122,121,-1,121,122,123,-1,122,124,123,-1,123,124,125,-1,124,102,125,-1,125,102,104,-1,106,103,102,-1,102,124,106,-1,106,124,122,-1,106,122,108,-1,112,110,114,-1,114,110,108,-1,114,108,116,-1,116,108,122,-1,116,122,118,-1,118,122,120,-1,126,127,128,-1,128,127,129,-1,129,127,130,-1,131,132,133,-1,131,133,134,-1,134,133,135,-1,134,135,130,-1,130,135,136,-1,130,136,129,-1,132,131,137,-1,137,131,138,-1,137,138,139,-1,139,138,140,-1,139,140,141,-1,141,140,142,-1,141,142,143,-1,143,142,144,-1,143,144,145,-1,145,144,146,-1,145,146,147,-1,147,146,148,-1,147,148,149,-1,149,148,150,-1,149,150,151,-1,152,153,154,-1,152,154,155,-1,155,154,156,-1,155,156,157,-1,157,156,158,-1,157,158,159,-1,159,158,160,-1,159,160,161,-1,161,160,162,-1,161,162,163,-1,163,162,164,-1,163,164,165,-1,165,164,151,-1,165,151,150,-1,166,167,168,-1,166,168,169,-1,169,168,153,-1,169,153,152,-1,166,170,167,-1,167,170,171,-1,172,173,174,-1,172,174,175,-1,175,174,171,-1,175,171,170,-1,176,177,178,-1,176,178,179,-1,179,178,180,-1,179,180,181,-1,181,180,182,-1,181,182,183,-1,183,182,184,-1,183,184,185,-1,185,184,186,-1,185,186,187,-1,187,186,188,-1,187,188,189,-1,189,188,173,-1,189,173,172,-1,190,191,192,-1,190,192,193,-1,193,192,194,-1,193,194,195,-1,195,194,196,-1,195,196,197,-1,197,196,198,-1,197,198,199,-1,199,198,200,-1,199,200,201,-1,201,200,202,-1,201,202,203,-1,203,202,177,-1,203,177,176,-1,126,128,204,-1,126,204,205,-1,205,204,206,-1,205,206,207,-1,207,206,191,-1,207,191,190,-1,193,131,190,-1,190,131,134,-1,190,134,207,-1,207,134,130,-1,207,130,205,-1,205,130,127,-1,205,127,126,-1,170,166,175,-1,175,166,169,-1,175,169,172,-1,172,169,152,-1,172,152,189,-1,189,152,155,-1,189,155,187,-1,187,155,157,-1,187,157,185,-1,185,157,159,-1,185,159,183,-1,183,159,161,-1,183,161,181,-1,181,161,163,-1,181,163,179,-1,179,163,165,-1,179,165,176,-1,176,165,150,-1,176,150,203,-1,203,150,148,-1,203,148,201,-1,201,148,146,-1,201,146,199,-1,199,146,144,-1,199,144,197,-1,197,144,142,-1,197,142,195,-1,195,142,140,-1,195,140,193,-1,193,140,138,-1,193,138,131,-1,208,209,210,-1,210,209,211,-1,209,212,211,-1,211,212,213,-1,212,214,213,-1,213,214,215,-1,214,216,215,-1,215,216,217,-1,216,218,217,-1,217,218,219,-1,218,208,219,-1,219,208,210,-1,216,214,218,-1,218,214,212,-1,218,212,208,-1,208,212,209,-1,
        ]
    }
}
Shape{
    appearance Appearance {
        material  Material 	{
            diffuseColor 0.6666666666666666 0.6666666666666666 0.6666666666666666
            specularColor 0.4666666666666667 0.4666666666666667 0.4666666666666667
            ambientIntensity 0.6667
            transparency 0.0
            shininess 0.5
        }
    }
    geometry IndexedFaceSet {
        ccw TRUE
        solid FALSE
        coord DEF co Coordinate {
            point [
                0.0044 -0.0574 0.0, 0.0044 -0.0706 0.0, -0.012 -0.0633 0.0, -0.012 -0.0646 0.0, -0.0134 -0.0636 0.0, -0.0134 -0.0643 0.0, -0.0148 -0.0639 0.0, -0.0148 -0.064 0.0, -0.0153 -0.0173 0.0, 0.0154 -0.0173 0.0, -0.0153 -0.0231 0.0, 0.0154 -0.0228 0.0, 0.0151 -0.027 0.0, -0.0003 -0.0384 0.0, -0.0042 -0.038 0.0, -0.0073 -0.0371 0.0, -0.0148 -0.0277 0.0, 0.014 -0.0303 0.0, 0.0124 -0.033 0.0, 0.0102 -0.0352 0.0, 0.0075 -0.0369 0.0, 0.0038 -0.038 0.0, -0.0098 -0.0358 0.0, -0.0118 -0.0338 0.0, -0.0137 -0.031 0.0
            ]
        }
        coordIndex [
            0,1,2,-1,2,1,3,-1,2,3,4,-1,4,3,5,-1,4,5,6,-1,6,5,7,-1,8,9,10,-1,10,9,11,-1,10,11,12,-1,13,14,10,-1,10,14,15,-1,10,15,16,-1,12,17,10,-1,10,17,18,-1,10,18,19,-1,19,20,10,-1,10,20,21,-1,10,21,13,-1,22,23,15,-1,15,23,24,-1,15,24,16,-1,
        ]
    }
}